"Bw"||"B"||||13|||64|||||0|0|1|0|0|4|87|93|100|69|83|100|47|65|81|22|35|44||64.4|||4.2|||13.8|||17.1|||19.1|||10.2|||18.6||||||||7|17|20||||0|0.5|1||||1.35|1.48|1.6|||||1.56|||14|28|42|0.1|0.12|0.14||||10.4|18.6|22.7|3.4|10.1|13.8|29|37|46|0|1.5|2.9|18|25|33|3|8|13|0|1|7|".17"|".17"|0|0|0|0|0|0|0|0|0|0|0|0|1.8|5.4|7.2|1.3|4|5.4||||3.5|4.8|6||||||||||4|9.2|13.6|||||||||||||||||||||"25942660"|"77518590"
"C"||"C"||||64|||76|||||0|0|1|0|4|9|80|87|97|56|75|97|41|58|80|19|30|43||66.9|||4.7|||13.6|||16.7|||20.1|||11.8|||23.1||||||||5|10|15||||0|0.25|0.5||||1.45|1.55|1.65|||||1.64|||14|28|42|0.08|0.1|0.12||||7.4|13.4|19.6|2.1|5.6|10.3|22|32|42|0|1.5|2.9|16|22|27|2|6|10|0|0|1|".24"|".37"|0|0|0|0|0|0|0|0|0|0|0|0|1.2|3.1|4.9|0.9|2.3|3.7||||3.5|4.8|6||||||||||3.6|7.5|11.6|||||||||||||||||||||"25942660"|"77518591"
"A"||"A"||||0|||13|||||0|3|3|0|3|4|90|95|100|76|88|100|54|67|83|25|34|45||67|||4.4|||14.3|||17.8|||19.9|||10.6|||19.5||||||||7|13.5|20||||2|4|6||||1.35|1.48|1.6|||||1.55|||14|28|42|0.13|0.16|0.18||||13.7|20.3|27.2|5.9|12.4|20.6|28|35|44|0|1.5|2.9|22|33|43|3|8|13|0|0|3|".15"|".15"|0|0|0|0|0|0|0|0|0|0|0|0|6.2|12.4|18.5|4.7|9.3|13.9||||3.5|4.8|6||||||||||9|17.5|26.1|||||||||||||||||||||"25942660"|"77518593"
"R"||"R"||||76|||203|||||||||||||||||||||||||||0|||||||||||||||||||||||||||||||||||||||||||||0|0.03|0.07|0|0|0|||||||||||||||||||||||0||||||||||||||||||||||||||||||||||||||||||||||||||||||||||"Extremely high"||"25942660"|"77518592"
"A"||"A"||||0|||13|||||0|0|0|0|0|4|82|91|100|63|82|100|44|63|84|20|32|46||67.4|||4.4|||14.4|||17.9|||20|||10.7|||19.6||||||||6|13|20||||2|4|6||||1.2|1.35|1.5|||||1.42|||14|28|42|0.08|0.1|0.12||||11.7|19.5|26.1|4.5|11.2|18.8|29|40|50|0|1.5|2.9|21|32|43|3|8|13|0|0|3|".24"|".24"|0|0|0|0|0|0|0|0|0|0|0|0|6|12.2|18.5|4.5|9.2|13.9||||4.5|5.3|6||||||||||8.8|16.3|24.1|||||||||||||||||||||"25942661"|"77518595"
"Bw"||"B"||||13|||36|||||0|0|0|0|0|4|82|91|100|63|82|100|44|63|84|20|32|46||67.4|||4.4|||14.4|||17.9|||20|||10.7|||19.6||||||||6|13|20||||0|0.5|1||||1.2|1.35|1.5|||||1.42|||14|28|42|0.08|0.1|0.12||||9|16|21.8|2.6|7.2|12.6|31|42|52|0|1.5|2.9|17|25|33|3|8|13|0|0|2|".32"|".32"|0|0|0|0|0|0|0|0|0|0|0|0|1.5|4.4|7.2|1.1|3.3|5.4||||4.5|5.3|6||||||||||3.8|7.6|11.6|||||||||||||||||||||"25942661"|"77518596"
"R"||"R"||||36|||203|||||||||||||||||||||||||||0|||||||||||||||||||||||||||||||||||||||||||||0|0.03|0.07|0|0|0.01|||||||||||||||||||||||0||||||||||||||||||||||||||||||||||||||||||||||||||||||||||"Extremely high"||"25942661"|"77518594"
"R"||"R"||||0|||203|||||||||||||||||||||||||||0|||||||||||||||||||||||||||||||||||||||||||||0|0.035|0.07|0|0|0.01|||||||||||||||||||||||||||||||||||||||||||||||||||||||||||||||||||||||||||||||||"Extremely high"|"Very dry"|"25942662"|"77518597"
"A"||"A"||||0|||13|||||0|3|3|0|3|4|90|95|100|76|88|100|54|67|83|25|34|45||67|||4.4|||14.3|||17.8|||19.9|||10.6|||19.5||||||||7|13.5|20||||2|4|6||||1.35|1.48|1.6|||||1.55|||14|28|42|0.13|0.16|0.18||||13.7|20.3|27.2|5.9|12.4|20.6|28|35|44|0|1.5|2.9|22|33|43|3|8|13|0|0|3|".15"|".15"|0|0|0|0|0|0|0|0|0|0|0|0|6.2|12.4|18.5|4.7|9.3|13.9||||3.5|4.8|6||||||||||9|17.5|26.1|||||||||||||||||||||"25942663"|"77518598"
"Bw"||"B"||||13|||64|||||0|0|1|0|0|4|87|93|100|69|83|100|47|65|81|22|35|44||64.4|||4.2|||13.8|||17.1|||19.1|||10.2|||18.6||||||||7|17|20||||0|0.5|1||||1.35|1.48|1.6|||||1.56|||14|28|42|0.1|0.12|0.14||||10.4|18.6|22.7|3.4|10.1|13.8|29|37|46|0|1.5|2.9|18|25|33|3|8|13|0|1|7|".17"|".17"|0|0|0|0|0|0|0|0|0|0|0|0|1.8|5.4|7.2|1.3|4|5.4||||3.5|4.8|6||||||||||4|9.2|13.6|||||||||||||||||||||"25942663"|"77518599"
"C"||"C"||||64|||76|||||0|0|1|0|4|9|80|87|97|56|75|97|41|58|80|19|30|43||66.9|||4.7|||13.6|||16.7|||20.1|||11.8|||23.1||||||||5|10|15||||0|0.25|0.5||||1.45|1.55|1.65|||||1.64|||14|28|42|0.08|0.1|0.12||||7.4|13.4|19.6|2.1|5.6|10.3|22|32|42|0|1.5|2.9|16|22|27|2|6|10|0|0|1|".24"|".37"|0|0|0|0|0|0|0|0|0|0|0|0|1.2|3.1|4.9|0.9|2.3|3.7||||3.5|4.8|6||||||||||3.6|7.5|11.6|||||||||||||||||||||"25942663"|"77518600"
"R"||"R"||||76|||203|||||||||||||||||||||||||||0|||||||||||||||||||||||||||||||||||||||||||||0|0.03|0.07|0|0|0|||||||||||||||||||||||0||||||||||||||||||||||||||||||||||||||||||||||||||||||||||"Extremely high"||"25942663"|"77518601"
"R"||"R"||||0|||203|||||||||||||||||||||||||||0|||||||||||||||||||||||||||||||||||||||||||||0|0.035|0.07|0|0|0.01|||||||||||||||||||||||||||||||||||||||||||||||||||||||||||||||||||||||||||||||||"Extremely high"|"Very dry"|"25942664"|"77518602"
"A"||"A"||||0|||13|||||0|0|0|0|0|4|82|91|100|63|82|100|44|63|84|20|32|46||67.4|||4.4|||14.4|||17.9|||20|||10.7|||19.6||||||||6|13|20||||2|4|6||||1.2|1.35|1.5|||||1.42|||14|28|42|0.08|0.1|0.12||||11.7|19.5|26.1|4.5|11.2|18.8|29|40|50|0|1.5|2.9|21|32|43|3|8|13|0|0|3|".24"|".24"|0|0|0|0|0|0|0|0|0|0|0|0|6|12.2|18.5|4.5|9.2|13.9||||4.5|5.3|6||||||||||8.8|16.3|24.1|||||||||||||||||||||"25942665"|"77518603"
"Bw"||"B"||||13|||36|||||0|0|0|0|0|4|82|91|100|63|82|100|44|63|84|20|32|46||67.4|||4.4|||14.4|||17.9|||20|||10.7|||19.6||||||||6|13|20||||0|0.5|1||||1.2|1.35|1.5|||||1.42|||14|28|42|0.08|0.1|0.12||||9|16|21.8|2.6|7.2|12.6|31|42|52|0|1.5|2.9|17|25|33|3|8|13|0|0|2|".32"|".32"|0|0|0|0|0|0|0|0|0|0|0|0|1.5|4.4|7.2|1.1|3.3|5.4||||4.5|5.3|6||||||||||3.8|7.6|11.6|||||||||||||||||||||"25942665"|"77518604"
"R"||"R"||||36|||203|||||||||||||||||||||||||||0|||||||||||||||||||||||||||||||||||||||||||||0|0.03|0.07|0|0|0.01|||||||||||||||||||||||0||||||||||||||||||||||||||||||||||||||||||||||||||||||||||"Extremely high"||"25942665"|"77518605"
"A"||"A"||||0|||13|||||0|3|3|0|1|4|81|91|100|63|82|100|44|63|84|20|32|46||67.4|||4.4|||14.4|||17.9|||20|||10.7|||19.6||||||||6|13|20||||2|4|6||||1.2|1.35|1.5|||||1.42|||14|28|42|0.08|0.1|0.12||||11.4|18.9|26.1|4.4|10.9|18.8|28|38|50|0|1.5|2.9|21|32|43|3|8|13|0|0|3|".24"|".24"|0|0|0|0|0|0|0|0|0|0|0|0|6|12.2|18.5|4.5|9.2|13.9||||4.5|5.3|6||||||||||8.8|16.3|24.1|||||||||||||||||||||"25942666"|"77518607"
"Bw"||"B"||||13|||36|||||0|0|0|0|0|4|82|91|100|63|82|100|44|63|84|20|32|46||67.4|||4.4|||14.4|||17.9|||20|||10.7|||19.6||||||||6|13|20||||0|0.5|1||||1.2|1.35|1.5|||||1.42|||14|28|42|0.08|0.1|0.12||||9|16|21.8|2.6|7.2|12.6|31|42|52|0|1.5|2.9|17|25|33|3|8|13|0|0|2|".32"|".32"|0|0|0|0|0|0|0|0|0|0|0|0|1.5|4.4|7.2|1.1|3.3|5.4||||4.5|5.3|6||||||||||3.8|7.6|11.6|||||||||||||||||||||"25942666"|"77518608"
"R"||"R"||||36|||203|||||||||||||||||||||||||||0|||||||||||||||||||||||||||||||||||||||||||||0|0.03|0.07|0|0|0.01|||||||||||||||||||||||0||||||||||||||||||||||||||||||||||||||||||||||||||||||||||"Extremely high"||"25942666"|"77518606"
"Bw"||"B"||||13|||64|||||0|0|1|0|0|4|87|93|100|69|83|100|47|65|81|22|35|44||64.4|||4.2|||13.8|||17.1|||19.1|||10.2|||18.6||||||||7|17|20||||0|0.5|1||||1.35|1.48|1.6|||||1.56|||14|28|42|0.1|0.12|0.14||||10.4|18.6|22.7|3.4|10.1|13.8|29|37|46|0|1.5|2.9|18|25|33|3|8|13|0|1|7|".17"|".17"|0|0|0|0|0|0|0|0|0|0|0|0|1.8|5.4|7.2|1.3|4|5.4||||3.5|4.8|6||||||||||4|9.2|13.6|||||||||||||||||||||"25942667"|"77518609"
"C"||"C"||||64|||76|||||0|0|1|0|4|9|80|87|97|56|75|97|41|58|80|19|30|43||66.9|||4.7|||13.6|||16.7|||20.1|||11.8|||23.1||||||||5|10|15||||0|0.25|0.5||||1.45|1.55|1.65|||||1.64|||14|28|42|0.08|0.1|0.12||||7.4|13.4|19.6|2.1|5.6|10.3|22|32|42|0|1.5|2.9|16|22|27|2|6|10|0|0|1|".24"|".37"|0|0|0|0|0|0|0|0|0|0|0|0|1.2|3.1|4.9|0.9|2.3|3.7||||3.5|4.8|6||||||||||3.6|7.5|11.6|||||||||||||||||||||"25942667"|"77518610"
"A"||"A"||||0|||13|||||0|3|3|0|3|4|90|95|100|76|88|100|54|67|83|25|34|45||67|||4.4|||14.3|||17.8|||19.9|||10.6|||19.5||||||||7|13.5|20||||2|4|6||||1.35|1.48|1.6|||||1.55|||14|28|42|0.13|0.16|0.18||||13.7|20.3|27.2|5.9|12.4|20.6|28|35|44|0|1.5|2.9|22|33|43|3|8|13|0|0|3|".15"|".15"|0|0|0|0|0|0|0|0|0|0|0|0|6.2|12.4|18.5|4.7|9.3|13.9||||3.5|4.8|6||||||||||9|17.5|26.1|||||||||||||||||||||"25942667"|"77518612"
"R"||"R"||||76|||203|||||||||||||||||||||||||||0|||||||||||||||||||||||||||||||||||||||||||||0|0.03|0.07|0|0|0|||||||||||||||||||||||0||||||||||||||||||||||||||||||||||||||||||||||||||||||||||"Extremely high"||"25942667"|"77518611"
"R"||"R"||||0|||203|||||||||||||||||||||||||||0|||||||||||||||||||||||||||||||||||||||||||||0|0.035|0.07|0|0|0.01|||||||||||||||||||||||||||||||||||||||||||||||||||||||||||||||||||||||||||||||||"Extremely high"|"Very dry"|"25942668"|"77518613"
"A"||"A"||||0|||28|||||6|6|16|24|34|34|67|88|92|38|81|92|31|71|86|21|51|64||43.8|||4.3|||5.9|||7.8|||13.5|||12.3|||40.2||||||||10|16|22||||10|15|20||||0.5|0.75|1||||0.54|0.79|1.04||14|28|42|0.2|0.23|0.25||||12.2|23.1|28.5|4.8|11.8|17.4|22|44|57|0|1.5|2.9|42|59|75|5|10|14|0|1|12|".10"|".20"|0|0|0|0|0|0|0|0|0|0|0|0|25|37.8|50.5|18.8|28.3|37.9||||3.5|4.8|6||||||||||29.4|45.3|61.4|||||||||||||||||||||"25942669"|"77518615"
"C"||"C"||||107|||203|||||5|5|24|15|42|42|52|89|98|8|81|98|6|62|81|3|31|44||68|||5|||13.9|||16.9|||20.3|||11.9|||23.5||||||||2|8.5|15||||0|0.25|0.5||||1.2|1.4|1.6||||1.31|1.51|1.62||14|28|42|0.04|0.07|0.09||||0|8.7|16.7|0|3.1|8.2|0|26|45|0|1.5|2.9|0|20|27|0|5|10|0|0|1|".10"|".28"|0|0|0|0|0|0|0|0|0|0|0|0|0.5|2.7|4.9|0.4|2|3.7||||3.5|4.8|6||||||||||3.2|7.3|11.6|||||||||||||||||||"Very high"||"25942669"|"77518614"
"BA"||"BA"||||28|||51|||||5|5|24|17|43|43|51|83|97|10|72|97|9|67|97|4|30|47||66.9|||0|||2.4|||14.4|||33.5|||16.6|||14.1||||||||15|19|25||||4|7|10||||1|1.25|1.5||||1.1|1.35|1.6||14|28|42|0.06|0.08|0.1||||1.6|14.6|25.9|0.9|10.5|21.9|3|26|49|0|1.5|2.9|24|31|37|9|13|17|0|0|5|".05"|".17"|0|0|0|0|0|0|0|0|0|0|0|0|12.8|20.5|28.8|9.6|15.4|21.6||||3.5|4.8|6||||||||||15.2|25.8|36.9|||||||||||||||||||"Very high"||"25942669"|"77518616"
"Bw"||"B"||||51|||107|||||5|9|24|17|42|42|51|79|97|10|70|97|8|62|91|6|45|67||43.3|||4.2|||5.8|||7.7|||13.4|||12.2|||39.7||||||||12|17|22||||0|0.5|1||||1|1.25|1.5||||1.11|1.36|1.61||14|28|42|0.06|0.08|0.1||||1.5|13.2|24|0.4|4.8|10.6|3|26|51|0|1.5|2.9|22|28|34|7|11|15|0|0|8|".10"|".37"|0|0|0|0|0|0|0|0|0|0|0|0|3|5.4|7.8|2.2|4|5.8||||3.5|4.8|6||||||||||4.7|9.2|14|||||||||||||||||||"Very high"||"25942669"|"77518617"
"A"||"A"||||0|||38|||||0|3|10|0|3|5|88|94|100|65|81|100|53|71|94|37|51|69||43.8|||4.3|||5.9|||7.8|||13.5|||12.3|||40.2||||||||10|16|22||||10|15|20||||1.1|1.2|1.3||||1.16|1.26|1.32||14|28|42|0.16|0.19|0.22||||22.7|30.8|39.1|12.1|21.3|32.4|29|38|48|0|1.5|2.9|42|59|75|5|10|14|0|4|14|".20"|".20"|0|0|0|0|0|0|0|0|0|0|0|0|25|37.8|50.5|18.8|28.3|37.9||||3.5|4.5|5.5||||||||||30.5|45.9|61.4|||||||||||||||||||||"25942670"|"77518618"
"Bw"||"B"||||38|||71|||||0|3|8|0|0|9|75|90|100|50|81|100|34|62|84|15|31|46||66.8|||4.1|||14.6|||18.5|||19.8|||9.8|||15.2||||||||10|18|25||||0|0.5|1||||1.35|1.48|1.6||||1.43|1.56|1.63||14|28|42|0.12|0.15|0.18||||9|18.4|24.9|3.5|10.3|16.9|21|36|46|0|1.5|2.9|20|29|37|6|12|17|0|0|4|".17"|".17"|0|0|0|0|0|0|0|0|0|0|0|0|2.5|5.6|8.5|1.9|4.2|6.4||||3.5|4.5|5.5||||||||||5.5|10|14.4|||||||||||||||||||||"25942670"|"77518619"
"BC"||"BC"||||71|||203|||||0|3|7|0|7|12|73|85|100|37|65|100|25|49|84|11|25|46||67.9|||4.5|||14.5|||18|||20.2|||10.7|||19.6||||||||5|12.5|20||||0|0.25|0.5||||1.35|1.48|1.6||||1.44|1.57|1.67||14|28|42|0.1|0.13|0.16||||5.1|12.9|22.2|1.4|5.8|13.1|16|30|46|0|1.5|2.9|16|24|32|2|8|13|0|0|2|".10"|".24"|0|0|0|0|0|0|0|0|0|0|0|0|1.2|3.7|6.1|0.9|2.8|4.6||||3.5|5|5.5||||||||||4.6|7.5|12.4|||||||||||||||||||||"25942670"|"77518620"
"A"||"A"||||0|||28|||||6|6|16|24|34|34|67|88|92|38|81|92|31|71|86|21|51|64||43.8|||4.3|||5.9|||7.8|||13.5|||12.3|||40.2||||||||10|16|22||||10|15|20||||0.5|0.75|1||||0.54|0.79|1.04||14|28|42|0.2|0.23|0.25||||12.2|23.1|28.5|4.8|11.8|17.4|22|44|57|0|1.5|2.9|42|59|75|5|10|14|0|1|12|".10"|".20"|0|0|0|0|0|0|0|0|0|0|0|0|25|37.8|50.5|18.8|28.3|37.9||||3.5|4.8|6||||||||||29.4|45.3|61.4|||||||||||||||||||||"25942671"|"77518624"
"BA"||"BA"||||28|||51|||||5|5|24|17|43|43|51|83|97|10|72|97|9|67|97|4|30|47||66.9|||0|||2.4|||14.4|||33.5|||16.6|||14.1||||||||15|19|25||||4|7|10||||1|1.25|1.5||||1.1|1.35|1.6||14|28|42|0.06|0.08|0.1||||1.6|14.6|25.9|0.9|10.5|21.9|3|26|49|0|1.5|2.9|24|31|37|9|13|17|0|0|5|".05"|".17"|0|0|0|0|0|0|0|0|0|0|0|0|12.8|20.5|28.8|9.6|15.4|21.6||||3.5|4.8|6||||||||||15.2|25.8|36.9|||||||||||||||||||"Very high"||"25942671"|"77518621"
"Bw"||"B"||||51|||107|||||5|9|24|17|42|42|51|79|97|10|70|97|8|62|91|6|45|67||43.3|||4.2|||5.8|||7.7|||13.4|||12.2|||39.7||||||||12|17|22||||0|0.5|1||||1|1.25|1.5||||1.11|1.36|1.61||14|28|42|0.06|0.08|0.1||||1.5|13.2|24|0.4|4.8|10.6|3|26|51|0|1.5|2.9|22|28|34|7|11|15|0|0|8|".10"|".37"|0|0|0|0|0|0|0|0|0|0|0|0|3|5.4|7.8|2.2|4|5.8||||3.5|4.8|6||||||||||4.7|9.2|14|||||||||||||||||||"Very high"||"25942671"|"77518622"
"C"||"C"||||107|||203|||||5|5|24|15|42|42|52|89|98|8|81|98|6|62|81|3|31|44||68|||5|||13.9|||16.9|||20.3|||11.9|||23.5||||||||2|8.5|15||||0|0.25|0.5||||1.2|1.4|1.6||||1.31|1.51|1.62||14|28|42|0.04|0.07|0.09||||0|8.7|16.7|0|3.1|8.2|0|26|45|0|1.5|2.9|0|20|27|0|5|10|0|0|1|".10"|".28"|0|0|0|0|0|0|0|0|0|0|0|0|0.5|2.7|4.9|0.4|2|3.7||||3.5|4.8|6||||||||||3.2|7.3|11.6|||||||||||||||||||"Very high"||"25942671"|"77518623"
"A"||"A"||||0|||38|||||0|3|10|0|3|5|88|94|100|65|81|100|53|71|94|37|51|69||43.8|||4.3|||5.9|||7.8|||13.5|||12.3|||40.2||||||||10|16|22||||10|15|20||||1.1|1.2|1.3||||1.16|1.26|1.32||14|28|42|0.16|0.19|0.22||||22.7|30.8|39.1|12.1|21.3|32.4|29|38|48|0|1.5|2.9|42|59|75|5|10|14|0|4|14|".20"|".20"|0|0|0|0|0|0|0|0|0|0|0|0|25|37.8|50.5|18.8|28.3|37.9||||3.5|4.5|5.5||||||||||30.5|45.9|61.4|||||||||||||||||||||"25942672"|"77518625"
"Bw"||"B"||||38|||71|||||0|3|8|0|0|9|75|90|100|50|81|100|34|62|84|15|31|46||66.8|||4.1|||14.6|||18.5|||19.8|||9.8|||15.2||||||||10|18|25||||0|0.5|1||||1.35|1.48|1.6||||1.43|1.56|1.63||14|28|42|0.12|0.15|0.18||||9|18.4|24.9|3.5|10.3|16.9|21|36|46|0|1.5|2.9|20|29|37|6|12|17|0|0|4|".17"|".17"|0|0|0|0|0|0|0|0|0|0|0|0|2.5|5.6|8.5|1.9|4.2|6.4||||3.5|4.5|5.5||||||||||5.5|10|14.4|||||||||||||||||||||"25942672"|"77518626"
"BC"||"BC"||||71|||203|||||0|3|7|0|7|12|73|85|100|37|65|100|25|49|84|11|25|46||67.9|||4.5|||14.5|||18|||20.2|||10.7|||19.6||||||||5|12.5|20||||0|0.25|0.5||||1.35|1.48|1.6||||1.44|1.57|1.67||14|28|42|0.1|0.13|0.16||||5.1|12.9|22.2|1.4|5.8|13.1|16|30|46|0|1.5|2.9|16|24|32|2|8|13|0|0|2|".10"|".24"|0|0|0|0|0|0|0|0|0|0|0|0|1.2|3.7|6.1|0.9|2.8|4.6||||3.5|5|5.5||||||||||4.6|7.5|12.4|||||||||||||||||||||"25942672"|"77518627"
"A"||"A"||||0|||20|||20||0|0|0|0|0|5|95|96|100|84|91|98|64|72|89|22|27|41||79.2|||3.4|||12.6|||20.7|||27.2|||15.3|||16.8||||||||1|4|16|0|0|0|0|1|2||||1.2|1.43|1.65||||1.27|1.5|1.72||42.35|91.74|141.14|0.1|0.13|0.15|9.9|17.8|25.8|5|12.3|21.8|0.6|3.8|12.8|31|41|51|0|1.5|2.9|0|18|31|0|1|10|0|0|0|".17"|".17"|0|0|0|0|0|0|0|0|0|0|0|0||||0.2|2.4|6.4||||4|5.5|6.5||||||||||0.1|3.6|9.1|||||||||||||||||||||"25942658"|"77518584"
"C"||"C"||||20|||203|||183||0|0|0|0|0|6|95|97|98|81|90|96|61|69|76|5|7|9||96.5|||0.7|||13.2|||37.4|||38|||7.2|||1.5||||||||0|2|4|0|0|0|0|0.25|0.5||||1.2|1.45|1.7||||1.27|1.52|1.77||42.35|91.74|141.14|0.06|0.08|0.1|4.2|10.9|13.6|1.5|6.8|9.6|0.1|1.5|3.2|29|40|51|0|1.5|2.9|0|0|18|0|0|1|0|0|0|".05"|".05"|0|0|0|0|0|0|0|0|0|0|0|0||||0|0.8|1.6||||4|5.5|6.5||||||||||0|2.1|5|||||||||||||||||||||"25942658"|"77518585"
"Cg2"||"C"||2||107|||127|||20||0|0|0|0|0|3|95|97|98|81|90|97|75|87|97|68|80|90||16|||0.5|||1.9|||2.6|||2.9|||8.1|||55||||||||25|29|34|0|0|0|0.5|1.25|2||||1.45|1.55|1.65||||1.53|1.63|1.7||0.43|0.92|1.41|0.05|0.1|0.15||||26.3|30.8|34.3|13.9|18.5|23.3|30|36|41|0|1.5|2.9|34|40|47|17|20|24|10|15|24|".43"|".43"|0|0|0|0|0|0|0|0|0|0|0|0|7.4|10.1|13|||||||5.1|5.8|6.5||||||||||2.6|7.8|13|||||||||||||||||||||"25942659"|"77518586"
"A"||"A"||||0|||51|||51||0|0|0|0|0|0|96|98|100|91|94|98|71|86|96|53|67|76||35|||3.3|||4.6|||6.2|||10.9|||10|||45||||||||8|20|27|0|0|0|8|12|18||||1.3|1.4|1.5||||1.37|1.47|1.53||4.24|9.18|14.11|0.15|0.18|0.2||||28.5|34.2|39|14.6|25.9|37.2|31|36|41|0|1.5|2.9|36|55|74|4|13|17|0|10|20|".28"|".28"|0|0|0|0|0|0|0|0|0|0|0|0|19.8|31.2|47.2|||||||5.1|5.8|6.5||||||||||11.8|22.6|36.5|||||||||||||||||||||"25942659"|"77518587"
"Cg1"||"C"||1||51|||107|||56||0|0|0|0|0|3|95|97|98|81|90|97|67|86|95|58|75|84||25|||0.6|||3.6|||2.8|||2.9|||15.1|||51||||||||12|24|27|0|0|0|4|8|12||||1.45|1.55|1.65||||1.53|1.63|1.7||4.24|9.18|14.11|0.05|0.1|0.15||||22.9|30.4|35.2|11.5|24.5|32.7|26|32|37|0|1.5|2.9|31|50|62|7|16|18|2|13|19|".32"|".32"|0|0|0|0|0|0|0|0|0|0|0|0|12|24|33.8|||||||5.1|5.8|6.5||||||||||6.3|17.4|27.4|||||||||||||||||||||"25942659"|"77518588"
"Cg3"||"C"||3||127|||203|||76||0|0|0|4|9|12|95|97|98|81|90|97|53|69|77|22|35|41||67|||4.4|||14.3|||17.8|||19.9|||10.6|||16||||||||5|17|20|0|0|0|0.5|1.25|2||||1.45|1.55|1.65||||1.53|1.63|1.71||14.12|28.23|42.34|0.05|0.1|0.15||||10.5|19.3|23|3.3|11.3|15.1|28|34|40|0|1.5|2.9|17|30|35|2|11|13|0|0|2|".20"|".20"|0|0|0|0|0|0|0|0|0|0|0|0|2.4|7.1|9.5|||||||5.1|5.8|6.5||||||||||0.1|6.3|11.3|||||||||||||||||||||"25942659"|"77518589"
"Ap"||"A"||||0|||28|||||0|0|0|0|1|5|82|93|98|65|85|96|43|78|93|30|61|74||34.2|||3|||4.2|||5.9|||10.8|||10.3|||32.3||||||||8|33.5|39||||0|1|2||||1.2|1.35|1.5||||1.27|1.42|1.57||1.42|2.83|4.23|0.14|0.17|0.19||||14.8|30.1|34.6|3.4|18.4|23.9|31|42|50|0|1.5|2.9|18|43|51|4|23|27|0|11|19|".32"|".32"|0|0|0|0|0|0|0|0|0|0|0|0||||1.5|8|10.9||||3.6|5|6||||||||||3.8|12.1|18.5|||||||||||||||||||||"25942622"|"77518501"
"BC"||"BC"||||145|||203|||||0|0|1|0|3|10|86|93|98|65|82|96|54|74|95|40|56|74||38.5|||3.4|||4.9|||6.7|||12.1|||11.4|||36.5||||||||18|25|34||||0|0.5|1||||1.2|1.35|1.5||||1.27|1.42|1.57||4.24|9.18|14.11|0.06|0.09|0.12||||18.6|25.7|32|7.1|12.5|19.1|30|41|51|0|1.5|2.9|27|35|45|12|17|24|1|6|17|".32"|".32"|0|0|0|0|0|0|0|0|0|0|0|0||||3.4|5.5|8.2||||3.6|4.6|5.5||||||||||4.1|8.7|14.1|||||||||||||||||||||"25942622"|"77518500"
"Bt"||"B"||||28|||145|||||0|0|0|0|1|10|86|93|98|65|82|96|55|78|96|44|64|85||26.1|||1.7|||2.2|||5|||9.4|||7.8|||28.9||||||||35|45|55||||0|0.5|1||||1.2|1.35|1.5||||1.41|1.56|1.64||0.43|0.92|1.41|0.12|0.15|0.17||||21.1|34.9|40|13.7|21.9|29.7|30|41|51|3|4.5|5.9|43|54|64|25|32|40|6|18|37|".24"|".24"|0|0|0|0|0|0|0|0|0|0|0|0||||6.6|9|12||||3.6|4.6|5.5||||||||||9|14.1|19.8|||||||||||||||||||||"25942622"|"77518499"
"BCg"||"BC"||||81|||203|||||0|0|0|0|0|0|95|96|100|84|91|98|69|78|97|37|43|59||60.2|||4.2|||5.8|||14.4|||22.2|||13.6|||18.3||||||||18|21.5|34||||0|0.5|1||||1.2|1.33|1.45||||1.26|1.39|1.46||4.24|9.18|14.11|0.12|0.16|0.2||||18|20.8|26.7|9.2|12|19.9|39|45|51|0|1.5|2.9|27|32|45|12|14|24|0|2|11|".24"|".24"|0|0|0|0|0|0|0|0|0|0|0|0|4.5|6.5|10.8|||||||4.5|5.9|7.3||||||||||0|3.9|9.2|||||||||||||||||||||"25942623"|"77518504"
"Ap"||"A"||||0|||20|||||0|0|0|0|0|0|94|96|98|87|92|96|72|81|96|51|59|77||43|||4.2|||5.8|||7.6|||13.3|||12.1|||39.5||||||||12|17.5|34||||4|6|8||||1.2|1.33|1.45||||1.26|1.39|1.45||4.24|9.18|14.11|0.15|0.2|0.24||||25.2|29.6|36|10.6|16|26.7|36|42|48|0|1.5|2.9|31|40|59|7|11|23|1|5|20|".24"|".24"|0|0|0|0|0|0|0|0|0|0|0|0|21|26.9|42.2|||||||4.5|5.9|7.3||||||||||5.1|11.7|20.2|||||||||||||||||||||"25942623"|"77518502"
"Btg"||"B"||||20|||81|||||0|0|0|0|0|0|94|96|98|89|92|96|79|86|96|63|69|92||30.3|||2.4|||3|||5.8|||10.5|||8.6|||30.7||||||||35|39|60||||0|1|2||||1.2|1.33|1.45||||1.26|1.39|1.45||1.42|2.83|4.23|0.15|0.18|0.2||||30.8|33.1|39.5|18.4|21.9|34.8|40|45|50|0|1.5|2.9|42|48|69|24|27|43|12|17|45|".24"|".24"|0|0|0|0|0|0|0|0|0|0|0|0|8.8|10.9|17.2|||||||4.5|5.9|7.3||||||||||0|5.2|11.2|||||||||||||||||||"Moderate"|"Moist"|"25942623"|"77518503"
"BC"||"BC"||||145|||203|||||0|0|1|0|3|10|86|93|98|65|83|96|54|75|95|40|57|74||38.5|||3.4|||4.9|||6.7|||12.1|||11.4|||36.5||||||||18|25|34||||0|0.5|1||||1.2|1.35|1.5||||1.27|1.42|1.57||4.24|9.18|14.11|0.06|0.09|0.12||||18.6|25.9|32|7.1|12.6|19.1|30|41|51|0|1.5|2.9|27|35|45|12|17|24|1|6|17|".32"|".32"|0|0|0|0|0|0|0|0|0|0|0|0||||3.3|5.5|8.2||||3.6|4.6|5.5||||||||||4.1|8.7|14.1|||||||||||||||||||||"25942624"|"77518507"
"Bt"||"B"||||28|||145|||||0|0|0|0|1|10|86|93|98|65|82|96|55|78|96|44|64|85||26.1|||1.7|||2.2|||5|||9.4|||7.8|||28.9||||||||35|45|55||||0|0.5|1||||1.2|1.35|1.5||||1.41|1.56|1.64||0.43|0.92|1.41|0.12|0.15|0.17||||21.1|34.9|40|13.7|21.9|29.7|30|41|51|3|4.5|5.9|43|54|64|25|32|40|6|18|37|".24"|".24"|0|0|0|0|0|0|0|0|0|0|0|0||||6.6|9|12||||3.6|4.6|5.5||||||||||9|14.1|19.8|||||||||||||||||||||"25942624"|"77518506"
"Ap"||"A"||||0|||28|||||0|0|0|0|1|5|82|93|98|65|85|96|43|78|93|30|61|74||34.2|||3|||4.2|||5.9|||10.8|||10.3|||32.3||||||||8|33.5|39||||0|1|2||||1.2|1.35|1.5||||1.27|1.42|1.57||1.42|2.83|4.23|0.14|0.17|0.19||||14.8|30.1|34.6|3.4|18.4|23.9|31|42|50|0|1.5|2.9|18|43|51|4|23|27|0|11|19|".32"|".32"|0|0|0|0|0|0|0|0|0|0|0|0||||4.9|8|10.9||||3.6|5|6||||||||||3.8|12.1|18.5|||||||||||||||||||||"25942624"|"77518505"
"BC"||"BC"||||145|||203|||||0|0|1|0|1|10|86|93|98|65|84|96|54|75|96|40|57|75||38.5|||3.4|||4.9|||6.7|||12.1|||11.4|||36.5||||||||18|25|35||||0|0.5|1||||1.2|1.35|1.5||||1.27|1.42|1.57||4|23|42|0.06|0.09|0.12||||18.6|26.4|32.3|7.1|12.8|19.6|30|42|51|0|1.5|2.9|27|35|45|12|17|25|1|6|18|".32"|".32"|0|0|0|0|0|0|0|0|0|0|0|0||||3.3|5.5|8.2||||3.6|4.6|5.5||||||||||4.1|8.7|14.2|||||||||||||||||||||"25942612"|"77518465"
"Ap"||"A"||||0|||28|||||0|0|0|0|1|5|82|93|98|65|85|96|55|78|94|42|61|75||34.2|||3|||4.2|||5.9|||10.8|||10.3|||32.3||||||||27|33.5|40||||0|1|2||||1.2|1.35|1.5||||1.27|1.42|1.57||4|9|14|0.14|0.17|0.19||||22.8|30.1|34.8|11.6|18.4|24.4|31|42|50|0|1.5|2.9|35|43|52|18|23|28|3|11|21|".28"|".28"|0|0|0|0|0|0|0|0|0|0|0|0||||4.9|8|10.9||||3.6|5|6||||||||||5.9|12.1|18.6|||||||||||||||||||||"25942612"|"77518463"
"Bt"||"B"||||28|||145|||||0|0|0|0|1|10|86|93|98|65|84|96|55|79|96|44|65|85||26.1|||1.7|||2.2|||5|||9.4|||7.8|||28.9||||||||35|45|55||||0|0.5|1||||1.2|1.35|1.5||||1.41|1.56|1.63||4|9|14|0.12|0.15|0.17||||21.1|35.3|40|13.7|22.2|29.7|30|42|51|3|4.5|5.9|43|54|64|25|32|40|6|19|37|".20"|".20"|0|0|0|0|0|0|0|0|0|0|0|0||||6.6|9|12||||3.6|4.6|5.5||||||||||9|14.1|19.8|||||||||||||||||||"Moderate"|"Moist"|"25942612"|"77518464"
"A"||"A"||||0|||23|||||0|0|0|0|0|4|80|93|100|61|84|100|52|76|98|40|60|78||34.2|||3|||4.2|||5.9|||10.8|||10.3|||32.3||||||||27|33.5|40||||0.5|0.75|1||||1.2|1.35|1.5|||||1.42|||4|9|14|0.14|0.17|0.19|||||29.9|||18.1|||42||0|1.5|2.9|36|43|50|18|23|28|4|12|23|".20"|".20"|0|0|0|0|0|0|0|0|0|0|0|0|7.9|10.1|12.2|5.9|7.5|9.2||||3.5|4.6|5.5||||||||||8.2|11.8|15.8|||||||||||||||||||||"25942673"|"77518628"
"Bt"||"B"||||23|||122|||||0|0|0|0|0|10|86|93|100|65|82|100|55|78|100|44|64|88||26.1|||1.6|||2.2|||5|||9.4|||7.9|||28.9||||||||35|45|55||||0|0.5|1||||1.2|1.35|1.5|||||1.56|||4|9|14|0.12|0.15|0.17|||||35.1|||22.1|||42||3|4.5|5.9|43|54|64|25|32|40|6|18|38|".20"|".20"|0|0|0|0|0|0|0|0|0|0|0|0|8.8|12.4|16|6.6|9.3|12||||3.5|4.6|5.5||||||||||9|14.3|20|||||||||||||||||||||"25942673"|"77518629"
"BC"||"BC"||||122|||203|||||0|0|0|0|0|10|86|93|100|65|82|100|54|74|100|40|56|78||38.5|||3.4|||4.9|||6.7|||12.1|||11.4|||36.5||||||||18|25|35||||0|0.5|1||||1.2|1.35|1.5|||||1.42|||4|23|42|0.06|0.09|0.12|||||26.2|||12.7|||42||0|1.5|2.9|27|35|45|12|17|25|1|7|20|".32"|".32"|0|0|0|0|0|0|0|0|0|0|0|0|4.5|7.4|11|3.4|5.5|8.2||||3.5|4.6|5.5||||||||||4.2|8.7|14.3|||||||||||||||||||||"25942673"|"77518630"
"Bt"||"B"||||28|||145|||||0|0|0|0|0|10|86|93|100|65|82|100|55|78|100|44|64|88||26.1|||1.6|||2.2|||5|||9.4|||7.9|||28.9||||||||35|45|55||||0|0.5|1||||1.2|1.35|1.5|||||1.56|||4|9|14|0.12|0.15|0.17|||||35.1|||22.1|||42||3|4.5|5.9|43|54|64|25|32|40|6|18|38|".20"|".20"|0|0|0|0|0|0|0|0|0|0|0|0|8.8|12.4|16|6.6|9.3|12||||3.5|4.6|5.5||||||||||9|14.3|20|||||||||||||||||||||"25942675"|"77518631"
"BC"||"BC"||||145|||203|||||0|0|0|0|0|10|86|93|100|65|82|100|54|74|100|40|56|78||38.5|||3.4|||4.9|||6.7|||12.1|||11.4|||36.5||||||||18|25|35||||0|0.5|1||||1.2|1.35|1.5|||||1.42|||4|23|42|0.06|0.09|0.12|||||26.2|||12.7|||42||0|1.5|2.9|27|35|45|12|17|25|1|7|20|".32"|".32"|0|0|0|0|0|0|0|0|0|0|0|0|4.5|7.4|11|3.4|5.5|8.2||||3.5|4.6|5.5||||||||||4.2|8.7|14.3|||||||||||||||||||||"25942675"|"77518632"
"A"||"A"||||0|||28|||||0|0|0|0|0|4|80|93|100|61|84|100|52|76|98|40|60|78||34.2|||3|||4.2|||5.9|||10.8|||10.3|||32.3||||||||27|33.5|40||||0.5|0.75|1||||1.2|1.35|1.5|||||1.42|||4|9|14|0.14|0.17|0.19|||||29.9|||18.1|||42||0|1.5|2.9|36|43|50|18|23|28|4|12|23|".20"|".20"|0|0|0|0|0|0|0|0|0|0|0|0|7.9|10.1|12.2|5.9|7.5|9.2||||3.5|4.6|5.5||||||||||8.2|11.8|15.8|||||||||||||||||||||"25942675"|"77518633"
"A"||"A"||||0|||30|||||0|0|4|1|22|33|58|71|98|57|71|98|47|65|97|34|48|74|20|43.5|50||3|||4.2|||5.8|||10.5|||20||30|36.5|50|||||||12|20|27||||10|15|20||||0.5|0.75|1||||0.54|0.79|1.04||14.11|28.225|42.34|0.12|0.14|0.17||||17.6|25|33.5|7.1|13.3|21.3|31|46|66|0|1.5|2.9|44|62|79|7|12|17|0|4|19|".15"|".24"|0|0|0|0|0|0|0|0|0|0|0|0||||19.1|29.1|38.8||||3.6|4|5.5||||||||||30.7|47.6|62|||||||||||||||||||||"25942677"|"77518635"
"Bw"||"B"||||30|||71|||||0|0|3|0|21|27|69|74|99|68|73|99|53|65|91|37|47|67|35|42.1|55||4|||5.5|||7.4|||13.1|||12.1||30|37.9|45|||||||10|20|23||||3|5.5|8||||1|1.2|1.5||||1.07|1.27|1.57||14.11|28.225|42.34|0.1|0.14|0.18||||16.1|22.7|32.8|5.5|11.8|19.8|25|37|57|0|1.5|2.9|27|41|50|6|13|15|0|3|10|".15"|".24"|0|0|0|0|0|0|0|0|0|0|0|0||||6.9|13|18.2||||3.6|4|5.5||||||||||12.9|23.8|31.6|||||||||||||||||||||"25942677"|"77518636"
"R"||"R"||||71|||203||||||||||||||||||||||||||||||||||||||||||||||||||||||||||||||||||||||||1.4|21.7|42|0|0|0.01|||||||||||||||||||||||||||||||||||||||||||||||||||||||||||||||||||||||||||||||||"Extremely high"|"Moist"|"25942677"|"77518634"
"A"||"A"||||0|||20|||||0|0|4|0|7|33|58|92|98|57|91|98|47|84|97|34|62|74|20|43.5|50||3|||4.2|||5.8|||10.5|||20||30|36.5|50|||||||12|20|27||||10|15|20||||0.5|0.75|1||||0.54|0.79|1.04||14.11|28.225|42.34|0.12|0.14|0.17||||17.6|29.2|33.8|7.1|15.6|21.5|31|54|66|0|1.5|2.9|44|62|79|7|12|17|0|9|20|".24"|".24"|0|0|0|0|0|0|0|0|0|0|0|0||||19.1|29.1|38.8||||3.6|4|5.5||||||||||30.7|47.6|62|||||||||||||||||||||"25942678"|"77518638"
"Bw"||"B"||||20|||41|||||0|0|3|0|14|27|69|83|99|68|83|99|51|73|92|35|53|68|35|42.1|55||4|||5.5|||7.4|||13.1|||12.1||30|37.9|45|||||||7|20|24||||3|5.5|8||||1|1.2|1.5||||1.06|1.26|1.56||14.11|28.225|42.34|0.1|0.14|0.18||||15.1|25.6|33|4.6|13.3|20.2|25|41|57|0|1.5|2.9|24|41|51|3|13|16|0|4|11|".17"|".24"|0|0|0|0|0|0|0|0|0|0|0|0||||6.4|13|18.2||||3.6|4|5.5||||||||||12.5|23.8|31.6|||||||||||||||||||||"25942678"|"77518639"
"R"||"R"||||41|||203||||||||||||||||||||||||||||||||||||||||||||||||||||||||||||||||||||||||1.4|21.7|42|0|0|0.01|||||||||||||||||||||||||||||||||||||||||||||||||||||||||||||||||||||||||||||||||"Extremely high"|"Moist"|"25942678"|"77518637"
"Bw"||"B"||||43|||74|||||0|3|4|0|0|13|76|91|100|51|85|100|37|66|85|18|35|47||65.7|||4.3|||13.3|||16.5|||19.9|||11.7|||22.8||||||||5|11.5|18||||0|0.5|1||||1.35|1.48|1.6||||1.43|1.56|1.63||14|28|42|0.1|0.13|0.15|||||16|||7.1|||38||0|1.5|2.9|16|23|31|2|7|12|0|1|6|".37"|".37"|0|0|0|0|0|0|0|0|0|0|0|0|1.2|4|6.8|0.9|3|5.1||||3.5|4.8|6||||||||||3.6|8.4|13.3|||||||||||||||||||||"25942679"|"77518640"
"A"||"A"||||0|||43|||||0|6|8|0|8|8|80|95|100|60|91|100|48|79|94|26|46|59||55.1|||1.3|||8.1|||14.6|||20|||11.1|||17.4||||||||20|27.5|35||||10|15|20||||1.1|1.2|1.3||||1.16|1.26|1.32||14|28|42|0.16|0.19|0.23|||||25.7|||20.6|||42||0|1.5|2.9|38|55|72|2|6|11|0|0|5|".10"|".10"|0|0|0|0|0|0|0|0|0|0|0|0|27.5|40.6|53.8|20.6|30.5|40.3||||3.5|4.8|6||||||||||31|47.2|63.5|||||||||||||||||||||"25942679"|"77518641"
"R"||"R"||||74|||203|||||||||||||||||||||||||||0|||||||||||||||||||||||||||||||||||||||||||||0|0.03|0.07|0|0|0.01|||||||||||||||||||||||||||||||||||||||||||||||||||||||||||||||||||||||||||||||||"Extremely high"||"25942679"|"77518642"
"A"||"A"||||0|||36|||||0|3|19|0|1|4|82|91|96|60|82|96|43|64|82|21|34|46||65.7|||4.3|||13.3|||16.5|||19.9|||11.7|||22.8||||||||5|11.5|18||||10|15|20||||1.4|1.5|1.6||||1.48|1.58|1.66||14|28|42|0.11|0.14|0.17|||||28.3|||25.7|||30||0|1.5|2.9|16|55|72|2|6|11|0|0|5|".24"|".24"|0|0|0|0|0|0|0|0|0|0|0|0|23.8|36.6|49.5|17.8|27.5|37.1||||3.5|4.5|6||||||||||28.6|45.2|60.8|||||||||||||||||||||"25942680"|"77518643"
"R"||"R"||||36|||203||||||||||||||||||||||||||||||||||||||||||||||||||||||||||||||||||||||||0|0.03|0.07|0|0|0.01|||||||||||||||||||||||||||||||||||||||||||||||||||||||||||||||||||||||||||||||||"Extremely high"||"25942680"|"77518644"
"A"||"A"||||0|||43|||||0|6|8|0|8|8|80|95|100|60|91|100|48|79|94|26|46|59||55.1|||1.3|||8.1|||14.6|||20|||11.1|||17.4||||||||20|27.5|35||||10|15|20||||1.1|1.2|1.3||||1.16|1.26|1.32||14|28|42|0.16|0.19|0.23|||||25.7|||20.6|||42||0|1.5|2.9|38|55|72|2|6|11|0|0|5|".10"|".10"|0|0|0|0|0|0|0|0|0|0|0|0|27.5|40.6|53.8|20.6|30.5|40.3||||3.5|4.8|6||||||||||31|47.2|63.5|||||||||||||||||||||"25942681"|"77518647"
"Bw"||"B"||||43|||74|||||0|3|4|0|1|13|75|91|100|50|84|100|36|66|85|17|34|47||65.7|||4.3|||13.3|||16.5|||19.9|||11.7|||22.8||||||||5|11.5|18||||0|0.5|1||||1.35|1.48|1.6||||1.43|1.56|1.63||14|28|42|0.1|0.13|0.15||||6.5|15.5|21.7|1.7|6.9|12.6|21|37|46|0|1.5|2.9|16|23|31|2|7|12|0|1|6|".37"|".37"|0|0|0|0|0|0|0|0|0|0|0|0|1.2|4|6.8|0.9|3|5.1||||3.5|4.8|6||||||||||3.6|8.4|13.3|||||||||||||||||||||"25942681"|"77518645"
"R"||"R"||||74|||203||||||||||||||||||||||||||||||||||||||||||||||||||||||||||||||||||||||||0|0.03|0.07|0|0|0.01|||||||||||||||||||||||||||||||||||||||||||||||||||||||||||||||||||||||||||||||||"Extremely high"|"Dry"|"25942681"|"77518646"
"A"||"A"||||0|||36|||||0|3|19|0|1|4|82|91|96|60|82|96|43|64|82|21|34|46||65.7|||4.3|||13.3|||16.5|||19.9|||11.7|||22.8||||||||5|11.5|18||||10|15|20||||1.4|1.5|1.6||||1.48|1.58|1.66||14|28|42|0.11|0.14|0.17|||||28.3|||25.7|||30||0|1.5|2.9|38|55|72|2|6|11|0|0|5|".24"|".24"|0|0|0|0|0|0|0|0|0|0|0|0|23.8|36.6|49.5|17.8|27.5|37.1||||3.5|4.5|6||||||||||28.6|45.2|60.8|||||||||||||||||||||"25942682"|"77518648"
"R"||"R"||||36|||203||||||||||||||||||||||||||||||||||||||||||||||||||||||||||||||||||||||||0|0.03|0.07|0|0|0.01|||||||||||||||||||||||||||||||||||||||||||||||||||||||||||||||||||||||||||||||||"Extremely high"|"Dry"|"25942682"|"77518649"
"R"||"R"||||0|||203||||||||||||||||||||||||||||||||||||||||||||||||||||||||||||||||||||||||0|0.035|0.07|0|0|0.01|||||||||||||||||||||||||||||||||||||||||||||||||||||||||||||||||||||||||||||||||"Extremely high"|"Dry"|"25942683"|"77518650"
"Bw"||"B"||||43|||74|||||0|3|4|0|1|13|75|91|100|50|84|100|36|66|85|17|34|47||65.7|||4.3|||13.3|||16.5|||19.9|||11.7|||22.8||||||||5|11.5|18||||0|0.5|1||||1.35|1.48|1.6||||1.43|1.56|1.63||14|28|42|0.1|0.13|0.15|||||16|||7.1|||38||0|1.5|2.9|16|23|31|2|7|12|0|1|6|".37"|".37"|0|0|0|0|0|0|0|0|0|0|0|0|1.2|4|6.8|0.9|3|5.1||||3.5|4.8|6||||||||||3.6|8.4|13.3|||||||||||||||||||||"25942684"|"77518651"
"A"||"A"||||0|||43|||||0|6|8|0|8|8|80|95|100|60|91|100|48|79|94|26|46|59||55.1|||1.3|||8.1|||14.6|||20|||11.1|||17.4||||||||20|27.5|35||||10|15|20||||1.1|1.2|1.3||||1.16|1.26|1.32||14|28|42|0.16|0.19|0.23|||||25.7|||20.6|||42||0|1.5|2.9|38|55|72|2|6|11|0|0|5|".10"|".10"|0|0|0|0|0|0|0|0|0|0|0|0|27.5|40.6|53.8|20.6|30.5|40.3||||3.5|4.8|6||||||||||31|47.2|63.5|||||||||||||||||||||"25942684"|"77518652"
"R"||"R"||||74|||203||||||||||||||||||||||||||||||||||||||||||||||||||||||||||||||||||||||||0|0.03|0.07|0|0|0.01|||||||||||||||||||||||||||||||||||||||||||||||||||||||||||||||||||||||||||||||||"Extremely high"|"Dry"|"25942684"|"77518653"
"A"||"A"||||0|||36|||||0|3|19|0|1|4|82|91|96|60|82|96|43|64|82|21|34|46||65.7|||4.3|||13.3|||16.5|||19.9|||11.7|||22.8||||||||5|11.5|18||||10|15|20||||1.4|1.5|1.6||||1.48|1.58|1.66||14|28|42|0.11|0.14|0.17|||||28.3|||25.7|||30||0|1.5|2.9|38|55|72|2|6|11|0|0|5|".24"|".24"|0|0|0|0|0|0|0|0|0|0|0|0|23.8|36.6|49.5|17.8|27.5|37.1||||3.5|4.5|6||||||||||28.6|45.2|60.8|||||||||||||||||||||"25942685"|"77518654"
"R"||"R"||||36|||203||||||||||||||||||||||||||||||||||||||||||||||||||||||||||||||||||||||||0|0.03|0.07|0|0|0.01|||||||||||||||||||||||||||||||||||||||||||||||||||||||||||||||||||||||||||||||||"Extremely high"|"Dry"|"25942685"|"77518655"
"R"||"R"||||0|||203||||||||||||||||||||||||||||||||||||||||||||||||||||||||||||||||||||||||0|0.035|0.07|0|0|0.01|||||||||||||||||||||||||||||||||||||||||||||||||||||||||||||||||||||||||||||||||"Extremely high"|"Dry"|"25942686"|"77518656"
"A"||"A"||||0|||15|||||36|40|43|5|17|25|50|75|97|49|75|97|41|66|91|29|48|67||43.3|||4.2|||5.8|||7.7|||13.4|||12.2|||39.7||||||||12|17|22||||1|2|3||||1.3|1.35|1.4|||||1.45|||14|78|141|0.1|0.12|0.14|||||17.4|||7.5|||29||0|1.5|2.9|0|15|30|0|3|6||||".10"|".32"|0|0|0|0|0|0|0|0|0|0|0|0||||3.9|6.6|9.2||||3.5|4.6|5.5||||||||||8.3|13.4|19|||||||||||||||||||||"25942687"|"77518659"
"Bw"||"B"||||15|||41|||||5|7|8|20|33|42|29|55|78|27|54|78|24|50|76|19|41|63||29.3|||2.4|||3.5|||4.8|||9.2|||9.4|||53.7||||||||12|17|22||||0.5|1.25|2||||1.3|1.38|1.45|||||1.56|||14|78|141|0.04|0.07|0.09|||||9.5|||3.9|||16||0|1.5|2.9|0|15|30|0|3.5|7||||".15"|".43"|0|0|0|0|0|0|0|0|0|0|0|0||||3.1|5.3|7.5||||3.5|4.6|5.5||||||||||7|11.5|16.5|||||||||||||||||||||"25942687"|"77518660"
"Cr"||"C"||||41|||71|||||||||||||||||||||||||||0|||||||||||||||||||||||||||||0|0|0||||||||||||||0|7|14|0|0|0.01|||||||||||||||||||||||||||||||||||||||||||||||||||||||||||||||||||||||||||||||||"High"||"25942687"|"77518657"
"R"||"R"||||71|||203|||||||||||||||||||||||||||0|||||||||||||||||||||||||||||||||||||||||||||0|7|14|0|0|0|||||||||||||||||||||||||||||||||||||||||||||||||||||||||||||||||||||||||||||||||"High"||"25942687"|"77518658"
"Bw"||"B"||||15|||76|||||7|9|11|26|35|41|38|54|73|37|53|72|31|50|72|26|43|68||22.4|||1.9|||2.5|||2.3|||6.8|||8.9|||55.1||||||||10|22.5|35||||0|0.5|1||||1.2|1.35|1.5|||||1.41|||14|23|42|0.1|0.13|0.16|||||28.1|||12.8|||46||0|1.5|2.9|20|33|45|6|15|25|0|0|0|".10"|".43"|0|0|0|0|0|0|0|0|0|0|0|0||||1.9|5.1|8.2||||4.5|5|5.5||||||||||5.5|9.7|13.9|||||||||||||||||||||"25942688"|"77518662"
"A"||"A"||||0|||15|||||0|3|4|13|29|38|39|61|85|38|60|84|32|53|79|23|39|59||42.1|||4|||5.5|||7.4|||13.1|||12.1|||37.9||||||||15|20|25||||2|4|6||||1|1.1|1.2|||||1.18|||4|9|14|0.11|0.14|0.16|||||17.5|||8|||34||0|1.5|2.9|29|38|47|9|13|17|0|0|2|".10"|".24"|0|0|0|0|0|0|0|0|0|0|0|0||||6.2|10.5|14.8||||3.5|4.6|5.5||||||||||11.3|18.9|26.9|||||||||||||||||||||"25942688"|"77518663"
"R"||"R"||||76|||203|||||||||||||||||||||||||||0|||||||||||||||||||||||||||||||||||||||||||||0|7|14|0|0|0|||||||||||||||||||||||||||||||||||||||||||||||||||||||||||||||||||||||||||||||||"High"||"25942688"|"77518661"
"Bw"||"B"||||10|||30|||||5|7|8|20|33|42|29|55|78|27|54|78|24|50|76|19|41|63||29.3|||2.4|||3.5|||4.8|||9.2|||9.4|||53.7||||||||12|17|22||||0.5|1.25|2||||1.3|1.38|1.45|||||1.56|||14|78|141|0.04|0.07|0.09|||||9.5|||3.9|||16||0|1.5|2.9|0|15|30|0|3.5|7|0|0|0|".15"|".43"|0|0|0|0|0|0|0|0|0|0|0|0||||3.1|5.3|7.5||||3.5|4.6|5.5||||||||||7|11.5|16.5|||||||||||||||||||||"25942689"|"77518666"
"A"||"A"||||0|||10|||||0|0|2|12|19|23|72|77|87|71|77|86|58|71|86|46|58|75||29.7|||2.5|||3.5|||4.9|||9.3|||9.5|||54.3||||||||5|16|27||||2|4|6||||1.4|1.5|1.6|||||1.6|||14|28|42|0.1|0.13|0.16|||||18|||7.6|||27||0|1.5|2.9|20|30|40|0|5|10|0|0|8|".17"|".32"|0|0|0|0|0|0|0|0|0|0|0|0||||4.3|9.8|15.2||||3.5|4.5|5.5||||||||||9.7|18.5|27.3|||||||||||||||||||||"25942689"|"77518667"
"Cr"||"C"||||30|||71|||||||||||||||||||||||||||0|||||||||||||||||||||||||||||0|0|0||||||||||||||0|7|14|0|0|0.01|||||||||||||||||||||||||||||||||||||||||||||||||||||||||||||||||||||||||||||||||"High"||"25942689"|"77518664"
"R"||"R"||||71|||203|||||||||||||||||||||||||||0|||||||||||||||||||||||||||||||||||||||||||||0|7|14|0|0|0|||||||||||||||||||||||||||||||||||||||||||||||||||||||||||||||||||||||||||||||||"High"||"25942689"|"77518665"
"Bw"||"B"||||13|||58|||||7|9|11|26|35|41|38|54|73|37|53|72|30|46|70|21|34|53||43|||4.2|||5.8|||7.6|||13.3|||12.1|||39.5||||||||10|17.5|27||||0|0.5|1||||1.2|1.35|1.5|||||1.41|||14|23|42|0.1|0.13|0.16|||||27|||11.4|||46||0|1.5|2.9|20|31|37|6|13|17|1|9|14|".10"|".37"|0|0|0|0|0|0|0|0|0|0|0|0||||1.9|4.1|6.8||||4.5|5|5.5||||||||||5.5|8.9|12.7|||||||||||||||||||||"25942690"|"77518668"
"A"||"A"||||0|||13|||||0|1|6|15|23|32|58|71|82|57|70|82|47|62|77|34|45|57||42.1|||4|||5.5|||7.4|||13.1|||12.1|||37.9||||||||15|20|25||||2|4|6||||1|1.1|1.2|||||1.18|||14|23|42|0.11|0.14|0.16|||||17.5|||8|||34||0|1.5|2.9|29|38|47|9|13|17|0|0|6|".10"|".24"|0|0|0|0|0|0|0|0|0|0|0|0||||6.2|10.5|14.8||||3.5|4.6|5.5||||||||||11.3|18.9|26.9|||||||||||||||||||||"25942690"|"77518670"
"R"||"R"||||58|||203|||||||||||||||||||||||||||0|||||||||||||||||||||||||||||||||||||||||||||0|7|14|0|0|0|||||||||||||||||||||||||||||||||||||||||||||||||||||||||||||||||||||||||||||||||"High"||"25942690"|"77518669"
"R"||"R"||||0|||203|||||||||||||||||||||||||||0|||||||||||||||||||||||||||||||||||||||||||||0|0.035|0.07|0|0|0.01|||||||||||||||||||||||||||||||||||||||||||||||||||||||||||||||||||||||||||||||||"Extremely high"|"Very dry"|"25942691"|"77518671"
"A"||"A"||||0|||30|||||0|0|4|0|4|12|91|96|100|90|96|100|73|84|96|51|61|71||43|||4.2|||5.8|||7.6|||13.3|||12.1|||39.5||||||||10|17.5|25||||6|10|14||||1.35|1.48|1.6|||||1.55|||14|28|42|0.15|0.2|0.24|||||35.2|||24.1|||37||0|1.5|2.9|33|49|64|5|11|16|1|7|14|".20"|".20"|0|0|0|0|0|0|0|0|0|0|0|0||||12|20.2|28.3||||3.5|4.5|5.5||||||||||20.4|33.7|46.9|||||||||||||||||||||"25942692"|"77518673"
"Bw"||"B"||||30|||97|||||0|0|4|0|4|12|91|96|100|90|96|100|73|83|94|50|59|68||45.3|||4.5|||6.1|||8.1|||13.9|||12.7|||43.2||||||||5|11.5|18||||0|0.5|1||||1.35|1.48|1.6|||||1.55|||14|28|42|0.14|0.18|0.22|||||23.3|||7.5|||42||0|1.5|2.9|16|23|31|2|7|12|0|1|6|".43"|".43"|0|0|0|0|0|0|0|0|0|0|0|0||||0.9|3|5.1||||3.5|4.5|5.5||||||||||4.6|9|13.3|||||||||||||||||||||"25942692"|"77518674"
"BC"||"BC"||||97|||130|||||0|0|6|12|18|27|70|77|87|69|77|86|54|68|84|36|48|63||44.3|||4.3|||5.9|||7.9|||13.7|||12.5|||40.7||||||||5|15|25||||0|0.5|1||||1.35|1.48|1.6|||||1.55|||14|28|42|0.11|0.14|0.17|||||25.4|||9.6|||42||0|1.5|2.9|16|26|37|2|10|17|0|3|10|".24"|".43"|0|0|0|0|0|0|0|0|0|0|0|0||||0.9|3.7|6.4||||3.5|4.5|5.5||||||||||4.6|9.6|14.4|||||||||||||||||||||"25942692"|"77518675"
"Cr"||"C"||||130|||203|||||||||||||||||||||||||||0|||||||||||||||||||||||||||||0|0|0||||||||||||||1.4|2.7|4|0|0|0.1|||||||||||||||||||||||||||||||||||||||||||||||||||||||||||||||||||||||||||||||||"High"||"25942692"|"77518672"
"A"||"A"||||0|||20|||||0|0|4|0|4|12|91|96|100|90|96|100|73|84|96|51|61|71||43|||4.2|||5.8|||7.6|||13.3|||12.1|||39.5||||||||10|17.5|25||||6|10|14||||1.35|1.48|1.6|||||1.55|||14|28|42|0.15|0.2|0.24|||||35.2|||24.1|||37||0|1.5|2.9|33|49|64|5|11|16|1|7|14|".20"|".20"|0|0|0|0|0|0|0|0|0|0|0|0||||12|20.2|28.3||||3.5|4.5|5.5||||||||||20.4|33.7|46.9|||||||||||||||||||||"25942693"|"77518677"
"Bw"||"B"||||20|||79|||||0|0|6|12|18|27|70|77|87|69|77|86|54|68|84|36|48|63||44.3|||4.3|||5.9|||7.9|||13.7|||12.5|||40.7||||||||5|15|25||||0|0.5|1||||1.35|1.48|1.6|||||1.55|||14|28|42|0.11|0.14|0.17|||||25.4|||9.6|||42||0|1.5|2.9|16|26|37|2|10|17|0|3|10|".20"|".37"|0|0|0|0|0|0|0|0|0|0|0|0||||0.9|3.7|6.4||||3.5|4.5|5.5||||||||||4.6|9.6|14.4|||||||||||||||||||||"25942693"|"77518678"
"R"||"R"||||79|||203|||||||||||||||||||||||||||0|||||||||||||||||||||||||||||||||||||||||||||0|0.035|0.07|0|0|0.01|||||||||||||||||||||||0||||||||||||||||||||||||||||||||||||||||||||||||||||||||||"High"||"25942693"|"77518676"
"A"||"A"||||0|||20|||||0|0|4|0|4|12|91|96|100|90|96|100|73|84|96|51|61|71||43|||4.2|||5.8|||7.6|||13.3|||12.1|||39.5||||||||10|17.5|25||||6|10|14||||1.35|1.48|1.6|||||1.55|||14|28|42|0.15|0.2|0.24|||||35.2|||24.1|||37||0|1.5|2.9|33|49|64|5|11|16|1|7|14|".20"|".20"|0|0|0|0|0|0|0|0|0|0|0|0||||12|20.2|28.3||||3.5|4.5|5.5||||||||||20.4|33.7|46.9|||||||||||||||||||||"25942694"|"77518680"
"Bw"||"B"||||20|||79|||||0|0|6|12|18|27|70|77|87|69|77|86|54|68|84|36|48|63||44.3|||4.3|||5.9|||7.9|||13.7|||12.5|||40.7||||||||5|15|25||||0|0.5|1||||1.35|1.48|1.6|||||1.55|||14|28|42|0.11|0.14|0.17|||||25.4|||9.6|||42||0|1.5|2.9|16|26|37|2|10|17|0|3|10|".20"|".37"|0|0|0|0|0|0|0|0|0|0|0|0||||0.9|3.7|6.4||||3.5|4.5|5.5||||||||||4.6|9.6|14.4|||||||||||||||||||||"25942694"|"77518681"
"R"||"R"||||79|||203|||||||||||||||||||||||||||0|||||||||||||||||||||||||||||||||||||||||||||0|0.035|0.07|0|0|0.01|||||||||||||||||||||||0||||||||||||||||||||||||||||||||||||||||||||||||||||||||||"High"||"25942694"|"77518679"
"A"||"A"||||0|||30|||||0|0|4|0|4|12|91|96|100|90|96|100|73|84|96|51|61|71||43|||4.2|||5.8|||7.6|||13.3|||12.1|||39.5||||||||10|17.5|25||||6|10|14||||1.35|1.48|1.6|||||1.55|||14|28|42|0.15|0.2|0.24|||||35.2|||24.1|||37||0|1.5|2.9|33|49|64|5|11|16|1|7|14|".20"|".20"|0|0|0|0|0|0|0|0|0|0|0|0||||12|20.2|28.3||||3.5|4.5|5.5||||||||||20.4|33.7|46.9|||||||||||||||||||||"25942695"|"77518683"
"Bw"||"B"||||30|||97|||||0|0|4|0|4|12|91|96|100|90|96|100|73|83|94|50|59|68||45.3|||4.5|||6.1|||8.1|||13.9|||12.7|||43.2||||||||5|11.5|18||||0|0.5|1||||1.35|1.48|1.6|||||1.55|||14|28|42|0.14|0.18|0.22|||||23.3|||7.5|||42||0|1.5|2.9|16|23|31|2|7|12|0|1|6|".43"|".43"|0|0|0|0|0|0|0|0|0|0|0|0||||0.9|3|5.1||||3.5|4.5|5.5||||||||||4.6|9|13.3|||||||||||||||||||||"25942695"|"77518684"
"BC"||"BC"||||97|||130|||||0|0|6|12|18|27|70|77|87|69|77|86|54|68|84|36|48|63||44.3|||4.3|||5.9|||7.9|||13.7|||12.5|||40.7||||||||5|15|25||||0|0.5|1||||1.35|1.48|1.6|||||1.55|||14|28|42|0.11|0.14|0.17|||||25.4|||9.6|||42||0|1.5|2.9|16|26|37|2|10|17|0|3|10|".24"|".43"|0|0|0|0|0|0|0|0|0|0|0|0||||0.9|3.7|6.4||||3.5|4.5|5.5||||||||||4.6|9.6|14.4|||||||||||||||||||||"25942695"|"77518685"
"Cr"||"C"||||130|||203|||||||||||||||||||||||||||0|||||||||||||||||||||||||||||0|0|0||||||||||||||1.4|2.7|4|0|0|0.1|||||||||||||||||||||||||||||||||||||||||||||||||||||||||||||||||||||||||||||||||"High"||"25942695"|"77518682"
"A"||"A"||||0|||30|||||0|0|4|0|4|12|91|96|100|90|96|100|73|84|96|51|61|71||43|||4.2|||5.8|||7.6|||13.3|||12.1|||39.5||||||||10|17.5|25||||6|10|14||||1.35|1.48|1.6|||||1.55|||14|28|42|0.15|0.2|0.24|||||35.2|||24.1|||37||0|1.5|2.9|33|49|64|5|11|16|1|7|14|".20"|".20"|0|0|0|0|0|0|0|0|0|0|0|0||||12|20.2|28.3||||3.5|4.5|5.5||||||||||20.4|33.7|46.9|||||||||||||||||||||"25942696"|"77518686"
"Bw"||"B"||||30|||97|||||0|0|4|0|4|12|91|96|100|90|96|100|73|83|94|50|59|68||45.3|||4.5|||6.1|||8.1|||13.9|||12.7|||43.2||||||||5|11.5|18||||0|0.5|1||||1.35|1.48|1.6|||||1.55|||14|28|42|0.14|0.18|0.22|||||23.3|||7.5|||42||0|1.5|2.9|16|23|31|2|7|12|0|1|6|".43"|".43"|0|0|0|0|0|0|0|0|0|0|0|0||||0.9|3|5.1||||3.5|4.5|5.5||||||||||4.6|9|13.3|||||||||||||||||||||"25942696"|"77518687"
"BC"||"BC"||||97|||130|||||0|0|6|12|18|27|70|77|87|69|77|86|54|68|84|36|48|63||44.3|||4.3|||5.9|||7.9|||13.7|||12.5|||40.7||||||||5|15|25||||0|0.5|1||||1.35|1.48|1.6|||||1.55|||14|28|42|0.11|0.14|0.17|||||25.4|||9.6|||42||0|1.5|2.9|16|26|37|2|10|17|0|3|10|".24"|".43"|0|0|0|0|0|0|0|0|0|0|0|0||||0.9|3.7|6.4||||3.5|4.5|5.5||||||||||4.6|9.6|14.4|||||||||||||||||||||"25942696"|"77518688"
"Cr"||"C"||||130|||203|||||||||||||||||||||||||||0|||||||||||||||||||||||||||||0|0|0||||||||||||||1.4|2.7|4|0|0|0.1|||||||||||||||||||||||||||||||||||||||||||||||||||||||||||||||||||||||||||||||||"High"||"25942696"|"77518689"
"A"||"A"||||0|||20|||||0|0|4|0|4|12|91|96|100|90|96|100|73|84|96|51|61|71||43|||4.2|||5.8|||7.6|||13.3|||12.1|||39.5||||||||10|17.5|25||||6|10|14||||1.35|1.48|1.6|||||1.55|||14|28|42|0.15|0.2|0.24|||||35.2|||24.1|||37||0|1.5|2.9|33|49|64|5|11|16|1|7|14|".20"|".20"|0|0|0|0|0|0|0|0|0|0|0|0||||12|20.2|28.3||||3.5|4.5|5.5||||||||||20.4|33.7|46.9|||||||||||||||||||||"25942697"|"77518691"
"Bw"||"B"||||20|||79|||||0|0|6|12|18|27|70|77|87|69|77|86|54|68|84|36|48|63||44.3|||4.3|||5.9|||7.9|||13.7|||12.5|||40.7||||||||5|15|25||||0|0.5|1||||1.35|1.48|1.6|||||1.55|||14|28|42|0.11|0.14|0.17|||||25.4|||9.6|||42||0|1.5|2.9|16|26|37|2|10|17|0|3|10|".20"|".37"|0|0|0|0|0|0|0|0|0|0|0|0||||0.9|3.7|6.4||||3.5|4.5|5.5||||||||||4.6|9.6|14.4|||||||||||||||||||||"25942697"|"77518692"
"R"||"R"||||79|||203|||||||||||||||||||||||||||0|||||||||||||||||||||||||||||||||||||||||||||0|0.035|0.07|0|0|0.01|||||||||||||||||||||||0||||||||||||||||||||||||||||||||||||||||||||||||||||||||||"High"||"25942697"|"77518690"
"Bt"||"B"||||20|||140|||||0|0|0|0|0|5|95|96|100|81|89|100|68|85|100|55|70|88||26.1|||1.6|||2.2|||5|||9.4|||7.9|||28.9||||||||35|45|55||||0|0.5|1||||1.2|1.4|1.6||||1.41|1.61|1.68||4|9|14|0.15|0.18|0.2||||27.1|35.7|39.8|16.2|23.4|30.8|32|42|52|3|4.5|5.9|43|54|64|25|32|40|10|21|38|".20"|".20"|0|0|0|0|0|0|0|0|0|0|0|0|8.8|12.4|16|6.6|9.3|12||||4.5|5.5|6.5||||||||||5.4|10.7|16|||||||||||||||||||||"25942700"|"77518699"
"C"||"C"||||140|||203|||||0|0|4|0|0|11|88|94|100|72|87|100|56|76|99|38|55|74||43.8|||4.3|||5.9|||7.8|||13.5|||12.3|||40.2||||||||5|16|27||||0|0.25|0.5||||1.2|1.28|1.35||||1.26|1.34|1.4||14|28|42|0.11|0.13|0.15||||12.1|22.6|29.3|1.9|7.9|14.4|35|46|52|0|1.5|2.9|16|27|38|2|10|19|0|0|7|".37"|".37"|0|0|0|0|0|0|0|0|0|0|0|0|1.2|4.6|7.9|0.9|3.4|5.9||||4.5|5.5|6.5||||||||||0|4|9|||||||||||||||||||||"25942700"|"77518700"
"Ap"||"A"||||0|||20|||||0|0|0|0|0|5|89|94|100|78|88|100|66|81|98|51|63|78||34.2|||3|||4.2|||5.9|||10.8|||10.3|||32.3||||||||27|33.5|40||||0|1|2||||1.25|1.3|1.35||||1.31|1.36|1.42||4|9|14|0.15|0.18|0.2||||25.1|30.6|35.1|12.5|18.2|24|39|45|50|0|1.5|2.9|35|43|52|18|23|28|5|12|22|".28"|".28"|0|0|0|0|0|0|0|0|0|0|0|0|6.8|10.6|14.5|5.1|8|10.9||||4.5|5.5|6.5||||||||||3.7|9.3|14.9|||||||||||||||||||||"25942700"|"77518701"
"Ap"||"A"||||0|||20|||||0|0|0|0|0|5|89|94|100|78|88|100|66|81|98|51|63|78||34.2|||3|||4.2|||5.9|||10.8|||10.3|||32.3||||||||27|33.5|40||||0|1|2||||1.25|1.3|1.35|||||1.36|||4|9|14|0.15|0.18|0.2|||||30.5|||18.2|||45||0|1.5|2.9|35|43|52|18|23|28|5|12|22|".28"|".28"|0|0|0|0|0|0|0|0|0|0|0|0|6.8|10.6|14.5|5.1|8|10.9||||4.5|5.5|6.5||||||||||3.7|9.3|14.9|||||||||||||||||||||"25942699"|"77518696"
"Bt"||"B"||||20|||140|||||0|0|0|0|0|5|95|96|100|81|89|100|68|85|100|55|70|88||26.1|||1.6|||2.2|||5|||9.4|||7.9|||28.9||||||||35|45|55||||0|0.5|1||||1.2|1.4|1.6|||||1.61|||4|9|14|0.15|0.18|0.2|||||35.6|||23.3|||42||3|4.5|5.9|43|54|64|25|32|40|10|21|38|".20"|".20"|0|0|0|0|0|0|0|0|0|0|0|0|8.8|12.4|16|6.6|9.3|12||||4.5|5.5|6.5||||||||||5.4|10.7|16|||||||||||||||||||||"25942699"|"77518697"
"C"||"C"||||140|||203|||||0|0|4|0|0|11|88|94|100|72|87|100|56|76|99|38|55|74||43.8|||4.3|||5.9|||7.8|||13.5|||12.3|||40.2||||||||5|16|27||||0|0.25|0.5||||1.2|1.28|1.35|||||1.34|||14|28|42|0.11|0.13|0.15|||||22.7|||7.9|||46||0|1.5|2.9|16|27|38|2|10|19|0|0|7|".37"|".37"|0|0|0|0|0|0|0|0|0|0|0|0|1.2|4.6|7.9|0.9|3.4|5.9||||4.5|5.5|6.5||||||||||0|4|9|||||||||||||||||||||"25942699"|"77518698"
"Ap"||"A"||||0|||20|||||0|0|0|0|0|5|89|94|100|78|88|100|66|81|98|51|63|78||34.2|||3|||4.2|||5.9|||10.8|||10.3|||32.3||||||||27|33.5|40||||0|1|2||||1.25|1.3|1.35||||1.31|1.36|1.42||4|9|14|0.15|0.18|0.2||||25.1|30.6|35.1|12.5|18.2|24|39|45|50|0|1.5|2.9|35|43|52|18|23|28|5|12|22|".28"|".28"|0|0|0|0|0|0|0|0|0|0|0|0|6.8|10.6|14.5|5.1|8|10.9||||4.5|5.5|6.5||||||||||3.7|9.3|14.9|||||||||||||||||||||"25942701"|"77518702"
"Bt"||"B"||||20|||140|||||0|0|0|0|0|5|95|96|100|81|89|100|68|85|100|55|70|88||26.1|||1.6|||2.2|||5|||9.4|||7.9|||28.9||||||||35|45|55||||0|0.5|1||||1.2|1.4|1.6||||1.41|1.61|1.68||4|9|14|0.15|0.18|0.2||||27.1|35.7|39.8|16.2|23.4|30.8|32|42|52|3|4.5|5.9|43|54|64|25|32|40|10|21|38|".20"|".20"|0|0|0|0|0|0|0|0|0|0|0|0|8.8|12.4|16|6.6|9.3|12||||4.5|5.5|6.5||||||||||5.4|10.7|16|||||||||||||||||||||"25942701"|"77518703"
"C"||"C"||||140|||203|||||0|0|4|0|0|11|88|94|100|72|87|100|56|76|99|38|55|74||43.8|||4.3|||5.9|||7.8|||13.5|||12.3|||40.2||||||||5|16|27||||0|0.25|0.5||||1.2|1.28|1.35||||1.26|1.34|1.4||14|28|42|0.11|0.13|0.15||||12.1|22.6|29.3|1.9|7.9|14.4|35|46|52|0|1.5|2.9|16|27|38|2|10|19|0|0|7|".37"|".37"|0|0|0|0|0|0|0|0|0|0|0|0|1.2|4.6|7.9|0.9|3.4|5.9||||4.5|5.5|6.5||||||||||0|4|9|||||||||||||||||||||"25942701"|"77518704"
"Ap"||"A"||||0|||20|||||0|0|0|0|0|5|89|94|100|78|88|100|66|81|98|51|63|78||34.2|||3|||4.2|||5.9|||10.8|||10.3|||32.3||||||||27|33.5|40||||0|1|2||||1.25|1.3|1.35||||1.31|1.36|1.42||4|9|14|0.15|0.18|0.2||||25.1|30.6|35.1|12.5|18.2|24|39|45|50|0|1.5|2.9|35|43|52|18|23|28|5|12|22|".28"|".28"|0|0|0|0|0|0|0|0|0|0|0|0|6.8|10.6|14.5|5.1|8|10.9||||4.5|5.5|6.5||||||||||3.7|9.3|14.9|||||||||||||||||||||"25942698"|"77518693"
"Bt"||"B"||||20|||140|||||0|0|0|0|0|5|95|96|100|81|89|100|68|85|100|55|70|88||26.1|||1.6|||2.2|||5|||9.4|||7.9|||28.9||||||||35|45|55||||0|0.5|1||||1.2|1.4|1.6||||1.41|1.61|1.68||4|9|14|0.15|0.18|0.2||||27.1|35.7|39.8|16.2|23.4|30.8|32|42|52|3|4.5|5.9|43|54|64|25|32|40|10|21|38|".20"|".20"|0|0|0|0|0|0|0|0|0|0|0|0|8.8|12.4|16|6.6|9.3|12||||4.5|5.5|6.5||||||||||5.4|10.7|16|||||||||||||||||||||"25942698"|"77518694"
"C"||"C"||||140|||203|||||0|0|4|0|0|11|88|94|100|72|87|100|56|76|99|38|55|74||43.8|||4.3|||5.9|||7.8|||13.5|||12.3|||40.2||||||||5|16|27||||0|0.25|0.5||||1.2|1.28|1.35||||1.26|1.34|1.4||14|28|42|0.11|0.13|0.15||||12.1|22.6|29.3|1.9|7.9|14.4|35|46|52|0|1.5|2.9|16|27|38|2|10|19|0|0|7|".37"|".37"|0|0|0|0|0|0|0|0|0|0|0|0|1.2|4.6|7.9|0.9|3.4|5.9||||4.5|5.5|6.5||||||||||0|4|9|||||||||||||||||||||"25942698"|"77518695"
"A"||"A"||||0|||20|||||0|0|0|0|0|4|95|97|100|77|87|100|52|66|85|23|34|47||66.5|||4.1|||14.6|||18.4|||19.7|||9.7|||15||||||||10|18.5|27||||2|4|6||||1.35|1.48|1.6|||||1.55|||14|28|42|0.12|0.14|0.15|||||28.4|||15.2|||37||0|1.5|2.9|25|37|49|6|12|18|0|2|8|".15"|".15"|0|0|0|0|0|0|0|0|0|0|0|0|7|13.6|20.2|5.2|10.2|15.2||||4.5|5.5|6.5||||||||||4.3|12.5|20.6|||||||||||||||||||||"25942704"|"77518711"
"Bt"||"B"||||20|||140|||||0|0|0|0|0|5|95|96|100|81|89|100|68|85|100|55|70|88||26.1|||1.6|||2.2|||5|||9.4|||7.9|||28.9||||||||35|45|55||||0|0.5|1||||1.2|1.4|1.6|||||1.61|||4|9|14|0.15|0.18|0.2|||||35.6|||23.3|||42||3|4.5|5.9|43|54|64|25|32|40|6|16|30|".20"|".20"|0|0|0|0|0|0|0|0|0|0|0|0|8.8|12.4|16|6.6|9.3|12||||4.5|5.5|6.5||||||||||5.4|10.7|16|||||||||||||||||||||"25942704"|"77518712"
"C"||"C"||||140|||203|||||0|0|4|0|0|13|88|94|100|72|87|100|55|76|99|38|55|74||43.8|||4.3|||5.9|||7.8|||13.5|||12.3|||40.2||||||||5|16|27||||0|0.25|0.5||||1.2|1.28|1.35|||||1.34|||14|28|42|0.11|0.13|0.15|||||22.7|||7.9|||46||0|1.5|2.9|16|27|38|2|10|19|0|2|9|".37"|".37"|0|0|0|0|0|0|0|0|0|0|0|0|1.2|4.6|7.9|0.9|3.4|5.9||||4.5|5.5|6.5||||||||||0|4|9|||||||||||||||||||||"25942704"|"77518713"
"Bt"||"B"||||20|||140|||||0|0|0|0|0|5|95|96|100|81|89|100|68|85|100|55|70|88||26.1|||1.6|||2.2|||5|||9.4|||7.9|||28.9||||||||35|45|55||||0|0.5|1||||1.2|1.4|1.6|||||1.61|||4|9|14|0.15|0.18|0.2|||||35.6|||23.3|||42||3|4.5|5.9|43|54|64|25|32|40|6|16|30|".20"|".20"|0|0|0|0|0|0|0|0|0|0|0|0|8.8|12.4|16|6.6|9.3|12||||4.5|5.5|6.5||||||||||5.4|10.7|16|||||||||||||||||||||"25942702"|"77518705"
"C"||"C"||||140|||203|||||0|0|4|0|0|13|88|94|100|72|87|100|55|76|99|38|55|74||43.8|||4.3|||5.9|||7.8|||13.5|||12.3|||40.2||||||||5|16|27||||0|0.25|0.5||||1.2|1.28|1.35|||||1.34|||14|28|42|0.11|0.13|0.15|||||22.7|||7.9|||46||0|1.5|2.9|16|27|38|2|10|19|0|2|9|".37"|".37"|0|0|0|0|0|0|0|0|0|0|0|0|1.2|4.6|7.9|0.9|3.4|5.9||||4.5|5.5|6.5||||||||||0|4|9|||||||||||||||||||||"25942702"|"77518706"
"A"||"A"||||0|||20|||||0|0|0|0|0|4|95|97|100|77|87|100|52|66|85|23|34|47||66.5|||4.1|||14.6|||18.4|||19.7|||9.7|||15||||||||10|18.5|27||||2|4|6||||1.35|1.48|1.6|||||1.55|||14|28|42|0.12|0.14|0.15|||||28.4|||15.2|||37||0|1.5|2.9|25|37|49|6|12|18|0|2|8|".15"|".15"|0|0|0|0|0|0|0|0|0|0|0|0|7|13.6|20.2|5.2|10.2|15.2||||4.5|5.5|6.5||||||||||4.3|12.5|20.6|||||||||||||||||||||"25942702"|"77518707"
"A"||"A"||||0|||20|||||0|0|0|0|0|4|95|97|100|77|87|100|52|66|85|23|34|47||66.5|||4.1|||14.6|||18.4|||19.7|||9.7|||15||||||||10|18.5|27||||2|4|6||||1.35|1.48|1.6|||||1.55|||14|28|42|0.12|0.14|0.15|||||28.4|||15.2|||37||0|1.5|2.9|25|37|49|6|12|18|0|2|8|".15"|".15"|0|0|0|0|0|0|0|0|0|0|0|0|7|13.6|20.2|5.2|10.2|15.2||||4.5|5.5|6.5||||||||||4.3|12.5|20.6|||||||||||||||||||||"25942703"|"77518708"
"Bt"||"B"||||20|||140|||||0|0|0|0|0|5|95|96|100|81|89|100|68|85|100|55|70|88||26.1|||1.6|||2.2|||5|||9.4|||7.9|||28.9||||||||35|45|55||||0|0.5|1||||1.2|1.4|1.6|||||1.61|||4|9|14|0.15|0.18|0.2|||||35.6|||23.3|||42||3|4.5|5.9|43|54|64|25|32|40|6|16|30|".20"|".20"|0|0|0|0|0|0|0|0|0|0|0|0|8.8|12.4|16|6.6|9.3|12||||4.5|5.5|6.5||||||||||5.4|10.7|16|||||||||||||||||||||"25942703"|"77518709"
"C"||"C"||||140|||203|||||0|0|4|0|0|13|88|94|100|72|87|100|55|76|99|38|55|74||43.8|||4.3|||5.9|||7.8|||13.5|||12.3|||40.2||||||||5|16|27||||0|0.25|0.5||||1.2|1.28|1.35|||||1.34|||14|28|42|0.11|0.13|0.15|||||22.7|||7.9|||46||0|1.5|2.9|16|27|38|2|10|19|0|2|9|".37"|".37"|0|0|0|0|0|0|0|0|0|0|0|0|1.2|4.6|7.9|0.9|3.4|5.9||||4.5|5.5|6.5||||||||||0|4|9|||||||||||||||||||||"25942703"|"77518710"
"Ap"||"A"||||0|||20|||||0|0|0|0|0|5|89|94|100|78|88|100|66|81|98|51|63|78||34.2|||3|||4.2|||5.9|||10.8|||10.3|||32.3||||||||27|33.5|40||||0|1|2||||1.25|1.3|1.35|||||1.36|||4|9|14|0.15|0.18|0.2|||||30.5|||18.2|||45||0|1.5|2.9|35|43|52|18|23|28|1|8|17|".28"|".28"|0|0|0|0|0|0|0|0|0|0|0|0|6.8|10.6|14.5|5.1|8|10.9||||4.5|5.5|6.5||||||||||3.7|9.3|14.9|||||||||||||||||||||"25942709"|"77518720"
"Bt"||"B"||||20|||140|||||0|0|0|0|0|5|95|96|100|81|89|100|68|85|100|55|70|88||26.1|||1.6|||2.2|||5|||9.4|||7.9|||28.9||||||||35|45|55||||0|0.5|1||||1.2|1.4|1.6|||||1.61|||4|9|14|0.15|0.18|0.2|||||35.6|||23.3|||42||3|4.5|5.9|43|54|64|25|32|40|6|16|30|".20"|".20"|0|0|0|0|0|0|0|0|0|0|0|0|8.8|12.4|16|6.6|9.3|12||||4.5|5.5|6.5||||||||||5.4|10.7|16|||||||||||||||||||||"25942709"|"77518721"
"C"||"C"||||140|||203|||||0|0|4|0|0|11|88|94|100|72|87|100|56|76|99|38|55|74||43.8|||4.3|||5.9|||7.8|||13.5|||12.3|||40.2||||||||5|16|27||||0|0.25|0.5||||1.2|1.28|1.35|||||1.34|||14|28|42|0.11|0.13|0.15|||||22.7|||7.9|||46||0|1.5|2.9|16|27|38|2|10|19|0|2|9|".37"|".37"|0|0|0|0|0|0|0|0|0|0|0|0|1.2|4.6|7.9|0.9|3.4|5.9||||4.5|5.5|6.5||||||||||0|4|9|||||||||||||||||||||"25942709"|"77518722"
"Ap"||"A"||||0|||20|||||0|0|0|0|0|5|89|94|100|78|88|100|66|81|98|51|63|78||34.2|||3|||4.2|||5.9|||10.8|||10.3|||32.3||||||||27|33.5|40||||0|1|2||||1.25|1.3|1.35|||||1.36|||4|9|14|0.15|0.18|0.2|||||30.5|||18.2|||45||0|1.5|2.9|35|43|52|18|23|28|1|8|17|".28"|".28"|0|0|0|0|0|0|0|0|0|0|0|0|6.8|10.6|14.5|5.1|8|10.9||||4.5|5.5|6.5||||||||||3.7|9.3|14.9|||||||||||||||||||||"25942705"|"77518714"
"Bt"||"B"||||20|||140|||||0|0|0|0|0|5|95|96|100|81|89|100|68|85|100|55|70|88||26.1|||1.6|||2.2|||5|||9.4|||7.9|||28.9||||||||35|45|55||||0|0.5|1||||1.2|1.4|1.6|||||1.61|||4|9|14|0.15|0.18|0.2|||||35.6|||23.3|||42||3|4.5|5.9|43|54|64|25|32|40|6|16|30|".20"|".20"|0|0|0|0|0|0|0|0|0|0|0|0|8.8|12.4|16|6.6|9.3|12||||4.5|5.5|6.5||||||||||5.4|10.7|16|||||||||||||||||||||"25942705"|"77518715"
"C"||"C"||||140|||203|||||0|0|4|0|0|11|88|94|100|72|87|100|56|76|99|38|55|74||43.8|||4.3|||5.9|||7.8|||13.5|||12.3|||40.2||||||||5|16|27||||0|0.25|0.5||||1.2|1.28|1.35|||||1.34|||14|28|42|0.11|0.13|0.15|||||22.7|||7.9|||46||0|1.5|2.9|16|27|38|2|10|19|0|2|9|".37"|".37"|0|0|0|0|0|0|0|0|0|0|0|0|1.2|4.6|7.9|0.9|3.4|5.9||||4.5|5.5|6.5||||||||||0|4|9|||||||||||||||||||||"25942705"|"77518716"
"Ap"||"A"||||0|||20|||||0|0|0|0|0|5|89|94|100|78|88|100|66|81|98|51|63|78||34.2|||3|||4.2|||5.9|||10.8|||10.3|||32.3||||||||27|33.5|40||||0|1|2||||1.25|1.3|1.35|||||1.36|||4|9|14|0.15|0.18|0.2|||||30.5|||18.2|||45||0|1.5|2.9|35|43|52|18|23|28|1|8|17|".28"|".28"|0|0|0|0|0|0|0|0|0|0|0|0|6.8|10.6|14.5|5.1|8|10.9||||4.5|5.5|6.5||||||||||3.7|9.3|14.9|||||||||||||||||||||"25942707"|"77518717"
"Bt"||"B"||||20|||140|||||0|0|0|0|0|5|95|96|100|81|89|100|68|85|100|55|70|88||26.1|||1.6|||2.2|||5|||9.4|||7.9|||28.9||||||||35|45|55||||0|0.5|1||||1.2|1.4|1.6|||||1.61|||4|9|14|0.15|0.18|0.2|||||35.6|||23.3|||42||3|4.5|5.9|43|54|64|25|32|40|6|16|30|".20"|".20"|0|0|0|0|0|0|0|0|0|0|0|0|8.8|12.4|16|6.6|9.3|12||||4.5|5.5|6.5||||||||||5.4|10.7|16|||||||||||||||||||||"25942707"|"77518718"
"C"||"C"||||140|||203|||||0|0|4|0|0|11|88|94|100|72|87|100|56|76|99|38|55|74||43.8|||4.3|||5.9|||7.8|||13.5|||12.3|||40.2||||||||5|16|27||||0|0.25|0.5||||1.2|1.28|1.35|||||1.34|||14|28|42|0.11|0.13|0.15|||||22.7|||7.9|||46||0|1.5|2.9|16|27|38|2|10|19|0|2|9|".37"|".37"|0|0|0|0|0|0|0|0|0|0|0|0|1.2|4.6|7.9|0.9|3.4|5.9||||4.5|5.5|6.5||||||||||0|4|9|||||||||||||||||||||"25942707"|"77518719"
"R"||"R"||||0|||203|||||||||||||||||||||||||||0|||||||||||||||||||||||||||||||||||||||||||||0|0.035|0.07|0|0|0.01|||||||||||||||||||||||||||||||||||||||||||||||||||||||||||||||||||||||||||||||||"Extremely high"|"Very dry"|"25942711"|"77518723"
"A"||"A"||||0|||36|||||0|1|4|0|1|4|84|91|96|64|83|96|46|65|82|22|34|46||65.7|||4.3|||13.3|||16.5|||19.9|||11.7|||22.8||||||||5|11.5|18||||10|15|20||||1.4|1.5|1.6||||1.48|1.58|1.65||14|28|42|0.11|0.14|0.17||||18.4|25.6|33.2|12.8|25.2|29.9|19|27|35|0|1.5|2.9|38|55|72|2|6|11|0|0|5|".24"|".24"|0|0|0|0|0|0|0|0|0|0|0|0|23.8|36.6|49.5|17.8|27.5|37.1||||3.5|4.5|6||||||||||28.6|45.2|60.8|||||||||||||||||||||"25942712"|"77518724"
"R"||"R"||||36|||203||||||||||||||||||||||||||||||||||||||||||||||||||||||||||||||||||||||||0|0.03|0.07|0|0|0.01|||||||||||||||||||||||||||||||||||||||||||||||||||||||||||||||||||||||||||||||||"Extremely high"||"25942712"|"77518725"
"Oi"||"O"|||0|0|0|3|18|20||18||0|0|0|0|0|0||||||||||||||||||||||||||||||||||||||||||||||52|69|86||||0.05|0.1|0.2|||||||1.8|42|92|141|0|0.01|0.03||||60|65|70|12|20|30||||||||||||||||||0|0|0|0|0|0|0|0|0|0|0|0||||5|30|60||||3.8|4.3|4.7|3.3|3.7|4||||||||||||||||||||||||||||||"25942713"|"77518726"
"Oe"||"O"|||3|18|20|6|38|45||20||0|0|0|0|0|0||||||||||||||||||||||||||||||||||||||||||||||48|60|84||||0.1|0.15|0.2|||||||1.8|42|92|141|0.03|0.05|0.08||||50|55|70|12|20|30||||||||||||||||||0|0|0|0|0|0|0|0|0|0|0|0||||10|40|75||||3.8|4.2|4.6|3|3.4|3.8||||||||||||||||||||||||||||||"25942713"|"77518727"
"AE"||"AE"|||6|38|45|9|48|55||10||0|0|0|0|0|1|93|97|100|87|92|100|67|71|78|27|29|33|80|82|84|9|10|10|9|10|10|10|10|10|27|27|28|25|25|26|13|15|17|||||||1|3|5|0|0|0|6|8|10||||0.71|1.53|1.53||||1.54|1.54|1.54||4|23|42|0.09|0.15|0.2|25.5|27.1|53.4|22.5|24.2|47.7|15.1|16.9|33.4|30|32|66|0|0.2|0.3|0|0|0|0|0|0|0|0|0|".28"|".28"|0|0|0|0|0|0|0|0|0|0|0|0||||4.4|7.3|10.2|0.9|3|10.2|3.5|4.5|5.5||||||||||25|25|40.8|||||||||||||||||||||"25942713"|"77518729"
"R"||"R"|||9|48|55|203|203|203||155|||||||||||||||||||||||||||||||||||||||||||||||||||||||||||||||||||||0|0.035|0.07|0|0|0.01||||||||||||||||||||||0|0|0|||||||||||||||||||||||||||||||||||||||||||||||||||||||||"Extremely high"||"25942713"|"77518728"
"R"||"R"||||0|||203||||||||||||||||||||||||||||||||||||||||||||||||||||||||||||||||||||||||0|0.035|0.07|0|0|0.01|||||||||||||||||||||||||||||||||||||||||||||||||||||||||||||||||||||||||||||||||"Extremely high"|"Dry"|"25942714"|"77518730"
"A"||"A"||||0|||36|||||0|0|3|0|0|4|84|91|96|64|83|96|46|65|82|22|34|46||65.7|||4.3|||13.3|||16.5|||19.9|||11.7|||22.8||||||||5|11.5|18||||10|15|20||||1.4|1.5|1.6|||||1.58|||14|28|42|0.11|0.14|0.17||||18.6|26.6|33.2|13|25.8|29.9|20|28|35|0|1.5|2.9|38|55|72|2|6|11|0|0|5|".24"|".24"|0|0|0|0|0|0|0|0|0|0|0|0|23.8|36.6|49.5|17.8|27.5|37.1||||3.5|4.5|6||||||||||28.6|45.2|60.8|||||||||||||||||||||"25942715"|"77518731"
"R"||"R"||||36|||203||||||||||||||||||||||||||||||||||||||||||||||||||||||||||||||||||||||||0|0.03|0.07|0|0|0.01|||||||||||||||||||||||||||||||||||||||||||||||||||||||||||||||||||||||||||||||||"Extremely high"|"Dry"|"25942715"|"77518732"
"Oi"||"O"|||0|0|0|3|18|20||18||0|0|0|0|0|0||||||||||||||||||||||||||||||||||||||||||||||52|69|86||||0.05|0.1|0.2|||||||1.8|42|92|141|0|0.01|0.03||||60|65|70|12|20|30||||||||||||||||||0|0|0|0|0|0|0|0|0|0|0|0||||5|30|60||||3.8|4.3|4.7|3.3|3.7|4||||||||||||||||||||||||||||||"25942716"|"77518735"
"Oe"||"O"|||3|18|20|6|38|45||20||0|0|0|0|0|0||||||||||||||||||||||||||||||||||||||||||||||48|60|84||||0.1|0.15|0.2|||||||1.8|42|92|141|0.03|0.05|0.08||||50|55|70|12|20|30||||||||||||||||||0|0|0|0|0|0|0|0|0|0|0|0||||10|40|75||||3.8|4.2|4.6|3|3.4|3.8||||||||||||||||||||||||||||||"25942716"|"77518736"
"AE"||"AE"|||6|38|45|9|48|55||10||0|0|0|0|0|1|93|97|100|87|92|100|67|71|78|27|29|33|80|82|84|9|10|10|9|10|10|10|10|10|27|27|28|25|25|26|13|15|17|||||||1|3|5|0|0|0|6|8|10||||0.71|1.53|1.53||||1.54|1.54|1.54||4|23|42|0.09|0.15|0.2|25.5|27.1|53.4|22.5|24.2|47.7|15.1|16.9|33.4|30|32|66|0|0.2|0.3|0|0|0|0|0|0|0|0|0|".28"|".28"|0|0|0|0|0|0|0|0|0|0|0|0||||4.4|7.3|10.2|0.9|3|10.2|3.5|4.5|5.5||||||||||25|25|40.8|||||||||||||||||||||"25942716"|"77518733"
"R"||"R"|||9|48|55|203|203|203||155|||||||||||||||||||||||||||||||||||||||||||||||||||||||||||||||||||||0|0.035|0.07|0|0|0.01||||||||||||||||||||||0|0|0|||||||||||||||||||||||||||||||||||||||||||||||||||||||||"Extremely high"||"25942716"|"77518734"
"A"||"A"||||0|||38|||||0|0|0|0|3|4|90|94|100|70|83|100|57|73|94|39|52|68||45.3|||4.5|||6.1|||8.1|||13.9|||12.7|||43.2||||||||5|11.5|18||||8|10|14||||1.3|1.4|1.5|||||1.47|||14|28|42|0.13|0.17|0.2||||23.1|29.2|37.2|11|17.6|28.3|27|34|42|0|1.5|2.9|34|44|55|2|7|11|0|0|5|".32"|".32"|0|0|0|0|0|0|0|0|0|0|0|0|5.2|11|16.6|||||||4.5|5.5|6.5||||||||||4.6|13.3|22.7|||||||||||||||||||||"25942717"|"77518737"
"Cg"||"C"||||38|||71|||||0|0|0|0|7|14|82|86|91|49|61|74|41|56|72|18|27|38||65.7|||0.3|||4.6|||14.6|||28.6|||17.6|||22.8||||||||5|11.5|18||||0|0.25|0.5||||1.3|1.4|1.5|||||1.49|||14|28|42|0.1|0.13|0.15||||6.9|12.5|18.1|1.9|5.5|10.2|24|32|41|0|1.5|2.9|16|23|30|2|7|12|0|0|2|".15"|".32"|0|0|0|0|0|0|0|0|0|0|0|0|4.1|9.5|14.7|||||||4.5|5.5|6.5||||||||||0.8|8.6|16.2|||||||||||||||||||||"25942717"|"77518738"
"2Cg"|2|"C"||||71|||203|||||0|2|3|10|16|29|50|65|89|7|39|89|5|30|70|0|3|9||95.5|||0.7|||13.1|||37|||37.6|||7.1|||1.5||||||||1|3|5||||0|0.5|1||||1.4|1.5|1.6|||||1.66|||42|92|141|0.02|0.04|0.05|0|6.1|13.4|0|4.2|10.2|0|1.3|4.2|0|19|39|0|1.5|2.9|8|10|12|0|0|0|0|0|0|".02"|".05"|0|0|0|0|0|0|0|0|0|0|0|0|1|2.9|4.8|||||||4.5|5.5|6.5||||||||||0|5.4|11.5|||||||||||||||||||"High"|"Wet"|"25942717"|"77518739"
"Ap"||"A"||||0|||20|||||0|1|1|0|6|11|72|79|87|49|67|87|42|61|84|18|28|41||68.5|||0.3|||4.7|||15.2|||29.8|||18.5|||21.5||||||||5|10|15||||4|6|8||||1.3|1.4|1.5|||||1.48|||14|28|42|0.08|0.1|0.12||||11|17.5|24.9|5.2|10.9|18.5|22|31|42|0|1.5|2.9|25|34|44|2|6|9|0|0|1|".10"|".17"|0|0|0|0|0|0|0|0|0|0|0|0|10.8|17|23.2|8.1|12.8|17.4||||4.5|5.9|7.3||||||||||1.7|12.6|23.5|||||||||||||||||||||"25942718"|"77518740"
"A"||"A"||||20|||41|||||0|2|3|9|11|15|47|56|82|7|24|82|5|19|66|0|2|11||94.1|||0.7|||12.9|||36.4|||37.1|||7|||1.4||||||||1|4.5|8||||4|6|8||||1.4|1.5|1.6|||||1.73|||42|92|141|0.02|0.04|0.05|0.8|6.4|17.8|0.7|5.7|16.9|0.3|3.9|14.2|2|12|34|0|1.5|2.9|8|10|12|0|0|0|0|0|0|".02"|".02"|0|0|0|0|0|0|0|0|0|0|0|0|9.3|15.1|20.8|7|11.3|15.6||||4.5|5.9|7.3||||||||||1|11.7|22.3|||||||||||||||||||"Very high"|"Dry"|"25942718"|"77518741"
"C"||"C"||||41|||203|||||0|2|3|23|25|29|47|57|88|7|17|76|3|8|37|1|2|10||91|||17.9|||30.1|||22.1|||15.4|||5.5|||6.5||||||||1|2.5|4||||0|0.25|0.5||||1.4|1.5|1.6|||||1.9|||42|92|141|0.02|0.04|0.05|0|2.5|9.9|0|1.6|6.9|0|0.4|2.3|0|9|32|0|1.5|2.9|8|10|12|0|0|0|0|0|0|".02"|".10"|0|0|0|0|0|0|0|0|0|0|0|0|0.3|1.4|2.5|0.3|1.1|1.9||||4.5|5.9|7.3||||||||||0|2.5|10.2|||||||||||||||||||"Very high"|"Dry"|"25942718"|"77518742"
"Ap"||"A"||||0|||36|||||0|0|0|0|3|4|90|94|100|70|83|100|57|73|94|39|52|68||45.3|||4.5|||6.1|||8.1|||13.9|||12.7|||43.2||||||||5|11.5|18||||4|6|8||||1.3|1.4|1.5||||1.37|1.47|1.54||14|28|42|0.1|0.14|0.18||||14.5|20.8|27.4|6.7|13.1|20.9|30|36|45|0|1.5|2.9|25|31|37|0|3.5|7|0|0|2|".24"|".24"|0|0|0|0|0|0|0|0|0|0|0|0|10.8|17.5|24.3|8.1|13.1|18.2||||4.5|5.9|7.3||||||||||1.7|12.9|24.1|||||||||||||||||||||"25942719"|"77518743"
"Bw"||"B"||||36|||66|||||0|1|1|0|3|10|74|93|100|40|82|100|34|75|98|14|35|49||67.5|||0.3|||4.7|||15|||29.3|||18.2|||21||||||||5|11.5|18||||0.5|0.75|1||||1.35|1.45|1.55||||1.43|1.53|1.6||14|28|42|0.08|0.12|0.15||||6.6|15.9|22.1|2|7.4|13.1|20|37|46|0|1.5|2.9|25|30|35|0|3.5|7|0|0|2|".28"|".28"|0|0|0|0|0|0|0|0|0|0|0|0|2.9|5.7|8.6|2.2|4.3|6.4||||4.5|5.9|7.3||||||||||0|4.9|13.4|||||||||||||||||||||"25942719"|"77518744"
"C"||"C"||||66|||203|||||0|2|3|10|21|29|47|67|89|7|41|89|5|32|70|0|4|9||95.5|||0.7|||13.1|||37|||37.6|||7.1|||1.5||||||||1|3|5||||0|0.25|0.5||||1.4|1.5|1.6||||1.56|1.66|1.82||42|92|141|0.02|0.04|0.05|0|5.8|12.9|0|3.9|9.5|0|1.1|3.5|0|19|39|0|1.5|2.9|8|10|12|0|0|0|0|0|0|".02"|".05"|0|0|0|0|0|0|0|0|0|0|0|0|0.3|1.6|2.9|0.3|1.2|2.2||||4.5|5.9|7.3||||||||||0|2.6|10.4|||||||||||||||||||||"25942719"|"77518745"
"Cg"||"C"||||96|||203|||||0|0|0|0|0|0|95|96|98|84|91|96|69|85|96|28|40|53||64.8|||0|||2.3|||14|||32.5|||16|||16.2||||||||8|19|30||||0|0.5|1||||1.2|1.33|1.45||||1.26|1.39|1.46||4|9|14|0.12|0.16|0.2||||12.8|20.3|25.8|4.4|11.4|18.7|39|45|51|0|1.5|2.9|18|30|41|4|12|21|0|1|7|".24"|".24"|0|0|0|0|0|0|0|0|0|0|0|0|4.1|10|15.8|||||||4.5|5.9|7.3||||||||||0|4.6|10.3|||||||||||||||||||||"25942625"|"77518510"
"Ap"||"A"||||0|||33|||||0|0|0|0|0|0|94|96|100|89|92|98|73|84|96|56|66|77||34.2|||3|||4.2|||5.9|||10.8|||10.3|||32.3||||||||25|33.5|40||||4|6|8||||1.2|1.33|1.45||||1.26|1.39|1.45||1.4|2.7|4|0.16|0.19|0.22||||30.3|34.4|38.1|17.6|24.5|30.9|37|42|48|0|1.5|2.9|41|54|64|17|23|27|7|15|23|".20"|".20"|0|0|0|0|0|0|0|0|0|0|0|0|14.7|18.3|22|||||||4.5|5.9|7.3||||||||||3.8|9.9|16.1|||||||||||||||||||||"25942625"|"77518508"
"Btg"||"B"||||33|||96|||||0|0|0|0|0|0|94|96|98|89|92|96|71|85|96|60|74|89||23.3|||3.2|||3.7|||4.3|||6.5|||5.6|||29.2||||||||35|47.5|60||||0.5|1|2||||1.2|1.33|1.45||||1.26|1.39|1.45||0.42|0.9|1.4|0.15|0.18|0.2||||27.3|38.2|41.3|18|25.2|33.1|40|45|50|0|1.5|2.9|43|55|69|24|34|43|11|24|43|".24"|".24"|0|0|0|0|0|0|0|0|0|0|0|0|18.4|25.6|32.5|||||||4.5|5.9|7.3||||||||||2.3|8.2|14.3|||||||||||||||||||"Moderate"|"Moist"|"25942625"|"77518509"
"BCg"||"BC"||||127|||203|||||0|0|0|0|1|3|93|95|98|80|88|96|55|67|87|25|33|50||68.3|||4.5|||14.6|||18.1|||20.3|||10.8|||19.7||||||||5|12|26||||0|0.5|1||||1.35|1.45|1.55||||1.42|1.52|1.59||14|28|42|0.08|0.12|0.15||||9.9|16.4|24.5|2.6|7.4|16.7|34|39|45|0|1.5|2.9|16|24|38|2|7|18|0|0|5|".24"|".24"|0|0|0|0|0|0|0|0|0|0|0|0||||0.9|2.7|5.7||||4.5|5|5.8||||||||||0.1|4.2|9.8|||||||||||||||||||||"25942626"|"77518513"
"Bt"||"B"||||18|||127|||||0|0|0|0|0|3|95|97|98|82|90|97|65|82|93|49|65|74||33.5|||3|||4.2|||5.8|||10.5|||10|||36.5||||||||18|30|35||||0|0.5|1||||1.4|1.5|1.6||||1.47|1.57|1.64||4|9|14|0.12|0.14|0.16||||23.5|30.7|34.2|9.9|18.4|22.9|33|38|44|0|1.5|2.9|27|39|45|12|21|25|2|11|17|".32"|".32"|0|0|0|0|0|0|0|0|0|0|0|0||||4.2|6.5|8.2||||4.5|5|5.8||||||||||4.5|9.7|13.1|||||||||||||||||||||"25942626"|"77518512"
"Ap"||"A"||||0|||18|||||0|0|0|0|0|3|95|96|98|84|91|96|67|80|92|47|58|69||43|||4.2|||5.8|||7.6|||13.3|||12.1|||39.5||||||||10|17.5|25||||2|5|8||||1.2|1.35|1.5||||1.26|1.41|1.56||4|9|14|0.15|0.18|0.2||||21.3|28.8|34|7.2|15|22.7|34|41|48|0|1.5|2.9|25|38|52|6|11|17|0|4|12|".24"|".24"|0|0|0|0|0|0|0|0|0|0|0|0|7|13.4|19.8|||||||5.1|5.6|6||||||||||5.4|12.3|19.4|||||||||||||||||||||"25942626"|"77518511"
"C"||"C"||||109|||203|||||0|3|4|0|6|10|89|94|100|71|85|100|49|65|84|22|33|46||67.9|||4.5|||14.5|||18|||20.2|||10.7|||19.6||||||||5|12.5|20||||0|0.25|0.5||||1.4|1.5|1.6||||1.48|1.58|1.66||14|28|42|0.08|0.11|0.14||||8.6|15.4|22.3|2.3|7.1|13.3|28|35|45|0|1.5|2.9|16|24|32|2|8|13|0|0|3|".24"|".24"|0|0|0|0|0|0|0|0|0|0|0|0|1.2|3.7|6.1|0.9|2.8|4.6||||3.5|4.5|6||||||||||3.6|8.5|12.4|||||||||||||||||||||"25942610"|"77518459"
"Bw"||"B"||||13|||109|||||0|1|3|0|3|4|87|93|100|68|82|100|59|76|99|23|33|46||70.1|||0.1|||3.3|||15.9|||33.6|||17.2|||16.4||||||||7|13.5|20||||0|0.5|1||||1.4|1.5|1.6||||1.48|1.58|1.66||14|28|42|0.1|0.13|0.16||||10.6|16.9|23.5|3.6|8.5|14.9|28|36|44|0|1.5|2.9|18|25|33|3|8|13|0|0|7|".24"|".24"|0|0|0|0|0|0|0|0|0|0|0|0|1.8|4.5|7.2|1.3|3.4|5.4||||3.5|4.5|6||||||||||4|9.3|13.6|||||||||||||||||||||"25942610"|"77518458"
"A"||"A"||||0|||13|||||0|1|3|0|3|4|84|91|96|64|81|96|54|74|94|23|35|47||67.5|||0.3|||4.7|||15|||29.3|||18.2|||21||||||||5|11.5|18||||2|4|6||||1.4|1.5|1.6||||1.48|1.58|1.66||14|28|42|0.11|0.14|0.17||||11.6|19.3|26.6|4.6|11.6|20|25|33|41|0|1.5|2.9|20|31|42|2|7|12|0|0|8|".20"|".20"|0|0|0|0|0|0|0|0|0|0|0|0|5.8|11.9|18|4.3|8.9|13.5||||3.5|4.5|6||||||||||8.6|17.7|25.8|||||||||||||||||||||"25942610"|"77518457"
"Bw"||"B"||||25|||91|||||0|3|3|0|10|18|76|86|98|45|68|98|37|63|98|14|28|50||68.8|||0.1|||3.2|||15.6|||33|||16.9|||16.2||||||||5|15|25||||0|0.5|1||||1.35|1.48|1.6||||1.44|1.57|1.67||14|28|42|0.08|0.1|0.12||||6|14.8|25.3|1.7|7.8|17.8|19|30|46|0|1.5|2.9|16|26|37|2|10|17|0|0|3|".15"|".24"|0|0|0|0|0|0|0|0|0|0|0|0|1.2|4.9|8.5|0.9|3.7|6.4||||3.5|4.8|6||||||||||3.6|9|14.4|||||||||||||||||||||"25942611"|"77518462"
"A"||"A"||||0|||25|||||0|3|4|5|9|11|79|86|96|52|72|96|45|66|96|16|28|45||70.9|||0.1|||3.3|||16.1|||34|||17.4|||16.6||||||||5|12.5|20||||2|4|6||||1.35|1.48|1.6||||1.44|1.57|1.66||14|28|42|0.08|0.1|0.12||||9.5|17.3|26.3|3.7|10.6|20.3|21|30|42|0|1.5|2.9|20|32|43|2|8|13|0|0|2|".10"|".17"|0|0|0|0|0|0|0|0|0|0|0|0|5.8|12.1|18.5|4.3|9.1|13.9||||3.5|4.8|6||||||||||8.6|17.3|26.1|||||||||||||||||||||"25942611"|"77518461"
"Cr"||"C"||||91|||203|||||||||||||||||||||||||||0|||||||||||||||||||||||||||||0|0|0||||||||||||||0|7|14|0|0.01|0.01|||||||||||||||||||||||||||||||||||||||||||||||||||||||||||||||||||||||||||||||||"High"||"25942611"|"77518460"
"A"||"A"|||0|0|0|5|17|19||17||0|0|0|0|1|1|83|86|98|63|69|96|59|66|96|28|32|50|48|62|68|0|0|0|0|0|0|12|16|18|23|30|33|12|16|18|18|25|39|||||||10|13|18|0|0|0|2|4|6||||1.27|1.38|1.49||||1.3|1.41|1.52|2.6|14|28|42|0.12|0.14|0.16||||14.1|18|25.5|6.7|10.7|18.4|31|36|48|0.4|0.5|1|25|32|41|6|8|11|0|0|3|".10"|".20"|0|0|0|0|0|0|0|0|0|0|0|0||||2.2|3.1|4.9|0.9|1.2|4.9|3.6|4.8|6||||||||||8.1|14.8|21.9|||||||||||||||||||||"25942789"|"77518948"
"Bw"||"B"|||5|17|19|51|89|102||72||0|0|0|0|0|1|93|95|98|80|84|96|63|74|87|38|47|56|35|48|75|0|0|0|4|6|9|18|25|39|8|11|17|4|6|9|12|36|47|||||||8|16|19|0|0|0|0|0.5|1||||1.4|1.5|1.6||||1.45|1.55|1.65|2.66|14|28|42|0.13|0.15|0.17||||17.3|23.5|27.5|4.2|9.3|12.5|33|37|44|0.4|0.9|1.3|19|27|31|4|9|12|0|1|4|".32"|".32"|0|0|0|0|0|0|0|0|0|0|0|0||||2.1|5|8.9|1.3|1.4|7.3|3.6|4.8|6||||||||||4.4|9.6|14.8|||||||||||||||||||||"25942789"|"77518949"
"Cr"||"C"|||51|89|102|203|203|203||114|||||||||||||||||||||||||||||||||||||||||||||||||||||||||||||||||||||0.0001|7|14|0|0.01|0.01|||||||||||||||||||||||||||||||||||||||||||||||||||||||||||||||||||||||||||||||||"High"|"Slightly moist"|"25942789"|"77518947"
"A"||"A"|||0|0|0|5|13|17||13||0|0|1|0|0|1|84|87|98|59|66|96|55|64|96|27|33|51|48|60|68|0|0|0|0|0|0|11|14|16|24|30|34|13|16|18|18|26|39|||||||10|14|18|0|0|0|2|4|6||||1.27|1.38|1.49||||1.3|1.41|1.52|2.6|14|28|42|0.12|0.14|0.16||||13.4|17.9|25.5|6.4|10.9|18.4|29|35|48|0.4|0.6|1|25|33|41|6|8|11|0|0|3|".15"|".24"|0|0|0|0|0|0|0|0|0|0|0|0||||2.2|3.4|4.9|1|2.3|4.9|4.5|5.3|6||||||||||8.1|13.9|20.1|||||||||||||||||||||"25942790"|"77518950"
"C"||"C"|||38|78|102|203|203|203||125||0|0|1|0|1|1|87|95|98|76|86|96|67|80|93|29|37|45|55|60|72|0|0|0|0|0|0|28|30|36|23|25|30|5|5|5|15|26|34|||||||10|14|18|0|0|0|0|0.2|0.5||||1.42|1.56|1.7||||1.46|1.6|1.74|2.66|14|28|42|0.1|0.12|0.14||||13.5|17.4|21.2|5.5|8.6|12.2|29|36|43|0.5|0.8|1.3|20|25|29|6|9|12|0|0|2|".24"|".24"|0|0|0|0|0|0|0|0|0|0|0|0||||2.9|4.7|8.4|0.8|2.6|8|4.5|5.3|6||||||||||4.9|7.7|11.8|||||||||||||||||||||"25942790"|"77518951"
"Bw"||"B"|||5|13|17|38|78|102||65||0|0|1|0|1|3|88|91|98|75|81|96|59|71|86|35|45|55|35|48|75|0|0|0|5|6|10|19|25|41|8|11|18|5|6|10|12|35|47|||||||8|17|19|0|0|0|0|0.5|1||||1.39|1.5|1.6||||1.44|1.55|1.65|2.66|14|28|42|0.13|0.15|0.17||||16.3|23.3|27.5|3.9|9.6|12.5|31|36|44|0.3|0.9|1.3|19|28|31|4|10|12|0|1|3|".28"|".28"|0|0|0|0|0|0|0|0|0|0|0|0||||2.1|5.3|8.9|1.4|3.1|7.3|4.5|5.3|6||||||||||4.4|8.8|13|||||||||||||||||||||"25942790"|"77518952"
"C"||"C"|||38|78|102|203|203|203||125||0|0|1|0|1|1|87|95|98|76|87|97|53|67|82|24|34|45|43|67|84|0|5|6|0|13|15|10|18|20|15|20|34|10|11|20|0|20|48|||||||5|13|20|0|0|0|0|0.2|0.5||||1.47|1.62|1.76||||1.51|1.66|1.8|2.66|14|28|42|0.1|0.12|0.14||||10|17.2|22.7|2.8|8.3|14.1|27|34|42|0.2|0.7|1.4|16|24|31|2|8|13|0|0|2|".24"|".24"|0|0|0|0|0|0|0|0|0|0|0|0||||1.3|4.4|9.5|0.8|2.3|9.2|4.5|5.3|6||||||||||3.8|7.5|12.4|||||||||||||||||||||"25942787"|"77518941"
"A"||"A"|||0|0|0|5|13|17||13||0|0|1|0|0|1|84|87|98|60|67|96|50|61|95|21|28|48|43|68|84|0|0|4|0|5|8|10|15|18|15|30|34|10|18|20|0|20|48|||||||5|12|20|0|0|0|2|4|6||||1.37|1.41|1.45||||1.4|1.44|1.46|2.6|14|28|42|0.12|0.14|0.16||||11.3|17.5|26.5|4.3|10.3|19.9|31|34|44|0.2|0.5|1|20|31|42|2|7|13|0|0|3|".10"|".20"|0|0|0|0|0|0|0|0|0|0|0|0||||1|2.8|5.5|1|2.1|5.1|4.5|5.3|6||||||||||7.2|13.5|20.5|||||||||||||||||||||"25942787"|"77518942"
"Bw"||"B"|||5|13|17|38|78|102||65||0|0|1|0|1|3|88|91|98|75|81|96|59|71|86|35|45|55|35|48|75|0|0|0|5|6|10|19|25|41|8|11|18|5|6|10|12|35|47|||||||8|17|19|0|0|0|0|0.5|1||||1.39|1.5|1.6||||1.44|1.55|1.65|2.66|4|9|14|0.13|0.15|0.17||||16.3|23.3|27.5|3.9|9.6|12.5|31|36|44|0.3|0.9|1.3|19|28|31|4|11|12|0|1|3|".28"|".28"|0|0|0|0|0|0|0|0|0|0|0|0||||2.1|5.3|8.9|1.4|3.1|7.3|4.5|5.3|6||||||||||4.4|8.8|13|||||||||||||||||||||"25942787"|"77518943"
"A"||"A"|||0|0|0|5|17|19||17||0|0|0|0|1|1|84|86|98|64|69|96|54|64|96|20|27|46|43|71|84|0|0|0|0|3|5|5|16|18|25|34|36|10|18|20|0|16|45|||||||5|13|22|0|0|0|2|4|6||||1.35|1.4|1.44||||1.38|1.43|1.46|2.6|14|28|42|0.12|0.14|0.16||||11.8|18|27.1|4.5|10.8|21|32|35|45|0.2|0.5|1.2|20|32|44|2|8|14|0|0|3|".10"|".15"|0|0|0|0|0|0|0|0|0|0|0|0||||1|3.1|6.1|0.9|1.2|5.6|3.6|4.8|6||||||||||7.2|14.8|22.8|||||||||||||||||||||"25942788"|"77518945"
"Bw"||"B"|||5|17|19|51|89|102||72||0|0|0|0|0|1|93|95|98|80|84|96|63|74|87|38|47|56|35|48|75|0|0|0|4|6|9|18|25|39|8|11|17|4|6|9|12|36|47|||||||8|16|19|0|0|0|0|0.5|1||||1.4|1.5|1.6||||1.45|1.55|1.65|2.66|14|28|42|0.13|0.15|0.17||||17.3|23.5|27.5|4.2|9.3|12.5|33|37|44|0.4|0.9|1.3|19|27|31|4|10|12|0|1|4|".32"|".32"|0|0|0|0|0|0|0|0|0|0|0|0||||2.1|5|8.9|1.3|1.4|7.3|3.6|4.8|6||||||||||4.4|9.6|14.8|||||||||||||||||||||"25942788"|"77518946"
"Cr"||"C"|||51|89|102|203|203|203||114|||||||||||||||||||||||||||||||||||||||||||||||||||||||||||||||||||||0.0001|7|14|0|0.01|0.01|||||||||||||||||||||||||||||||||||||||||||||||||||||||||||||||||||||||||||||||||"High"|"Slightly moist"|"25942788"|"77518944"
"A"||"A"|||0|0|0|5|13|17||13||0|0|1|0|1|4|85|88|98|66|72|96|53|66|96|20|31|53|43|68|84|0|0|4|0|5|8|10|15|18|15|30|34|10|18|20|0|20|48|||||||5|12|20|0|0|0|2|4|6||||1.37|1.41|1.45||||1.4|1.44|1.46|2.6|14|28|42|0.12|0.14|0.16||||11.8|18.2|26.5|4.5|10.7|19.9|32|36|44|0.2|0.5|1|20|31|42|2|7|13|0|0|4|".15"|".20"|0|0|0|0|0|0|0|0|0|0|0|0||||1|2.8|5.5|1|2.1|5.1|4.5|5.3|6||||||||||7.2|13.5|20.5|||||||||||||||||||||"25942785"|"77518935"
"Bw"||"B"|||5|13|17|38|64|102||51||0|0|3|0|1|4|85|91|98|67|81|96|53|71|91|31|47|60|35|45|75|2|3|5|4|5|8|13|17|28|12|15|25|4|5|8|12|37|47|||||||8|18|19|0|0|0|0|0.5|1||||1.42|1.5|1.59||||1.47|1.55|1.64|2.66|4|9|14|0.13|0.15|0.17||||14.8|23.8|27.5|3.6|10.1|12.5|28|36|43|0.3|0.9|1.3|19|29|31|4|12|12|0|2|4|".28"|".28"|0|0|0|0|0|0|0|0|0|0|0|0||||2.1|5.7|8.9|1.4|3.4|7.3|4.5|5.3|6||||||||||4.4|9|13|||||||||||||||||||||"25942785"|"77518936"
"C"||"C"|||38|64|102|203|203|203||139||0|1|4|0|4|7|80|89|98|59|73|97|41|57|86|17|29|52|43|67|84|0|5|6|0|13|15|10|18|20|15|20|34|10|11|20|0|20|48|||||||5|13|20|0|0|0|0|0.2|0.5||||1.47|1.62|1.76||||1.51|1.66|1.8|2.66|14|28|42|0.08|0.1|0.12||||7.8|14.8|22.7|2.2|7.2|14.1|21|29|42|0.2|0.6|1.4|16|24|31|2|8|13|0|0|3|".15"|".24"|0|0|0|0|0|0|0|0|0|0|0|0||||1.3|4.4|9.5|0.8|2.3|9.2|4.5|5.3|6||||||||||3.8|7.5|12.4|||||||||||||||||||||"25942785"|"77518937"
"A"||"A"|||0|0|0|5|8|17||8||0|0|1|0|1|7|84|88|98|65|74|96|54|69|96|19|29|50|43|71|84|0|0|0|0|3|5|5|16|18|25|34|36|10|18|20|0|16|45|||||||5|13|22|0|0|0|2|4|6||||1.35|1.4|1.44||||1.38|1.43|1.46|2.6|14|28|42|0.12|0.14|0.16||||11.4|18.8|27.1|4.3|11.3|21|31|37|45|0.2|0.6|1.2|20|32|44|2|8|14|0|0|4|".10"|".15"|0|0|0|0|0|0|0|0|0|0|0|0||||1|3.1|6.1|0.9|1.2|5.6|3.6|4.8|6||||||||||7.2|14.8|22.8|||||||||||||||||||||"25942786"|"77518938"
"Bw"||"B"|||5|8|17|51|71|102||63||0|0|4|0|0|20|81|95|98|54|82|96|38|63|82|19|34|50|35|65|75|3|6|7|6|12|14|9|17|20|10|19|22|6|11|13|12|21|47|||||||8|14|19|0|0|0|0|0.5|1||||1.45|1.53|1.61||||1.49|1.57|1.65|2.66|14|28|42|0.1|0.12|0.14||||7.9|17.2|22|2.8|8.6|13.3|20|36|42|0.3|0.7|1.3|19|25|31|4|9|12|0|0|3|".24"|".24"|0|0|0|0|0|0|0|0|0|0|0|0||||2.1|4.3|8.9|1|1.3|7.3|3.6|4.8|6||||||||||4.4|9.1|14.8|||||||||||||||||||||"25942786"|"77518939"
"Cr"||"C"|||51|71|102|203|203|203||132|||||||||||||||||||||||||||||||||||||||||||||||||||||||||||||||||||||0.0001|7|14|0|0.01|0.01|||||||||||||||||||||||||||||||||||||||||||||||||||||||||||||||||||||||||||||||||"High"|"Slightly moist"|"25942786"|"77518940"
"Bt"||"B"|||5|13|18|51|68|102||55||0|0|0|1|4|5|84|86|98|61|66|96|48|59|88|25|34|52|41|52|63|0|0|0|3|4|5|23|29|35|11|14|17|4|5|6|13|21|34|||||||21|27|30|0|0|0|0|0.5|1||||1.39|1.52|1.65||||1.44|1.57|1.7|2.62|4|9|14|0.12|0.14|0.16||||14.4|19.2|26.3|7.7|13.4|19.9|25|30|43|0.5|0.8|1.3|26|36|40|11|18|21|0|1|4|".10"|".20"|0|0|0|0|0|0|0|0|0|0|0|0||||1.4|3.7|5.7|0.9|2.3|3.9|3.6|4.8|6||||||||||1.7|7.1|11.4|||||||||||||||||||||"25942791"|"77518953"
"Ap"||"A"|||0|0|0|5|13|18||13||0|0|0|0|0|1|93|95|100|82|85|100|77|82|100|56|61|75|26|33|38|0|0|0|0|0|0|12|15|17|9|11|13|6|7|8|30|37|42|||||||28|30|34|0|0|0|0|1|2||||1.41|1.42|1.43||||1.47|1.48|1.51|2.61|1.4|2.8|4.2|0.15|0.17|0.19||||27.5|29.6|34.4|14.9|17.5|22.7|38|40|44|1.1|1.3|1.8|36|40|46|19|21|24|7|10|17|".24"|".24"|0|0|0|0|0|0|0|0|0|0|0|0||||2.2|4|5.6|1|2.6|5.4|4.5|5.3|6||||||||||3.6|7.7|12|||||||||||||||||||||"25942791"|"77518955"
"Cr"||"C"|||51|68|102|203|203|203||135|||||||||||||||||||||||||||||||||||||||||||||||||||||||||||||||||||||0.0001|7|14|0|0.01|0.01||||||||||||||||||||||||||||||0|0|0|||||||||||||||||||||||||||||||||||||||||||||||||"High"|"Slightly moist"|"25942791"|"77518954"
"BC"||"BC"|||48|74|95|87|94|119||20||0|0|0|0|0|3|95|95|100|86|88|100|73|79|96|37|42|54|48|56|63|0|0|0|3|3|3|25|29|33|15|17|19|6|7|8|20|28|35|||||||11|16|22|0|0|0|0|0.2|0.5||||1.47|1.54|1.6||||1.51|1.58|1.64|2.63|4|9|14|0.1|0.12|0.14||||15.1|18.7|23.5|6.4|9.9|14.9|33|36|42|0.6|0.8|1|21|26|32|6|10|15|0|0|4|".28"|".28"|0|0|0|0|0|0|0|0|0|0|0|0||||0.9|1.9|3.3|0.7|0.8|3.2|4.5|5.3|6||||||||||0.6|3.2|6.5|||||||||||||||||||||"25942792"|"77518956"
"C"||"C"|||87|94|119|203|203|203||109||0|0|0|0|3|3|92|93|100|82|85|100|62|72|88|27|35|45|48|62|77|2|2|2|6|6|7|24|31|39|14|18|22|4|5|6|16|25|39|||||||5|13|17|0|0|0|0|0.2|0.5||||1.49|1.59|1.69||||1.52|1.62|1.72|2.63|4|9|14|0.1|0.12|0.14||||10.3|16.6|21.4|2.9|8|12.1|29|33|41|0.3|0.6|0.9|16|24|28|2|8|11|0|0|1|".24"|".24"|0|0|0|0|0|0|0|0|0|0|0|0||||0.5|1.6|2.6|0.5|0.9|0.9|4.5|5.3|6||||||||||0|2.6|5.3|||||||||||||||||||||"25942792"|"77518957"
"Ap"||"A"|||0|0|0|5|13|18||13||0|0|0|0|0|1|93|95|100|82|85|100|77|82|100|56|61|75|26|33|38|0|0|0|0|0|0|12|15|17|9|11|13|6|7|8|30|37|42|||||||28|30|34|0|0|0|0|1|2||||1.41|1.42|1.43||||1.47|1.48|1.51|2.61|4|9|14|0.15|0.17|0.19||||27.5|29.6|34.4|14.9|17.5|22.7|38|40|44|1.1|1.3|1.8|36|40|46|19|21|24|7|10|17|".20"|".20"|0|0|0|0|0|0|0|0|0|0|0|0||||2.2|4|5.6|1|2.6|5.4|4.5|5.3|6||||||||||3.6|7.7|12|||||||||||||||||||||"25942792"|"77518958"
"Bt"||"B"|||5|13|18|48|74|95||61||0|0|0|0|0|1|93|95|100|85|88|100|72|80|93|42|48|57|42|49|55|0|0|0|3|3|3|20|23|26|14|16|18|6|7|8|15|21|31|||||||24|30|32|0|0|0|0|0.5|1||||1.51|1.56|1.6||||1.57|1.62|1.63|2.62|4|9|14|0.15|0.17|0.19||||21.7|25|28.2|14.2|18.8|22.3|33|36|40|0.9|1.1|1.3|33|39|42|16|20|22|2|5|9|".20"|".20"|0|0|0|0|0|0|0|0|0|0|0|0||||1.9|3.7|4.9|0.9|1.1|3.7|4.5|5.3|6||||||||||2.9|6.8|9.8|||||||||||||||||||||"25942792"|"77518959"
"Ap"||"A"|||0|0|0|5|13|18||13||0|0|0|0|0|1|93|95|100|82|85|100|77|82|100|56|61|75|26|33|38|0|0|0|0|0|0|12|15|17|9|11|13|6|7|8|30|37|42|||||||28|30|34|0|0|0|0|1|2||||1.41|1.42|1.43||||1.47|1.48|1.51|2.61|4|9|14|0.15|0.17|0.19||||27.5|29.6|34.4|14.9|17.5|22.7|38|40|44|1.1|1.3|1.8|36|40|46|19|21|24|7|10|17|".20"|".20"|0|0|0|0|0|0|0|0|0|0|0|0||||2.2|4|5.6|1|2.6|5.4|4.5|5.3|6||||||||||3.6|7.7|12|||||||||||||||||||||"25942793"|"77518960"
"BC"||"BC"|||48|74|95|87|94|119||20||0|0|0|0|0|3|95|95|100|86|88|100|73|79|96|37|42|54|48|56|63|0|0|0|3|3|3|25|29|33|15|17|19|6|7|8|20|28|35|||||||11|16|22|0|0|0|0|0.2|0.5||||1.47|1.54|1.6||||1.51|1.58|1.64|2.63|4|9|14|0.1|0.12|0.14||||15.1|18.7|23.5|6.4|9.9|14.9|33|36|42|0.6|0.8|1|21|26|32|6|10|15|0|0|4|".28"|".28"|0|0|0|0|0|0|0|0|0|0|0|0||||0.9|1.9|3.3|0.7|0.8|3.2|4.5|5.3|6||||||||||0.6|3.2|6.5|||||||||||||||||||||"25942793"|"77518961"
"Bt"||"B"|||5|13|18|48|74|95||61||0|0|0|0|0|1|93|95|100|85|88|100|72|80|93|42|48|57|42|49|55|0|0|0|3|3|3|20|23|26|14|16|18|6|7|8|15|21|31|||||||24|30|32|0|0|0|0|0.5|1||||1.51|1.56|1.6||||1.57|1.62|1.63|2.62|4|9|14|0.15|0.17|0.19||||21.7|25|28.2|14.2|18.8|22.3|33|36|40|0.9|1.1|1.3|33|39|42|16|20|22|2|5|9|".20"|".20"|0|0|0|0|0|0|0|0|0|0|0|0||||1.9|3.7|4.9|0.9|1.1|3.7|4.5|5.3|6||||||||||2.9|6.8|9.8|||||||||||||||||||||"25942793"|"77518962"
"C"||"C"|||87|94|119|203|203|203||109||0|0|0|0|3|3|92|93|100|81|85|100|61|71|89|27|35|47|48|62|76|0|0|0|6|8|10|23|30|37|13|17|21|5|7|9|18|25|34|||||||4|13|18|0|0|0|0|0.25|0.5||||1.41|1.54|1.67||||1.44|1.57|1.7|2.62|4|9|14|0.1|0.12|0.14||||9.2|16.5|21.6|2.2|7.8|12.4|30|35|44|0.3|0.6|0.9|15|24|29|1|8|12|0|0|2|".28"|".28"|0|0|0|0|0|0|0|0|0|0|0|0||||0.4|1.6|2.7|0.4|0.9|0.9|4.5|5.3|6||||||||||0|2.6|5.5|||||||||||||||||||||"25942793"|"77518963"
"Ap"||"A"|||0|0|0|5|13|18||13||0|0|0|0|0|1|93|95|100|82|85|100|77|82|100|56|61|75|26|33|38|0|0|0|0|0|0|12|15|17|9|11|13|6|7|8|30|37|42|||||||28|30|34|0|0|0|0|1|2||||1.41|1.42|1.43||||1.47|1.48|1.51|2.61|4|9|14|0.15|0.17|0.19||||27.5|29.6|34.4|14.9|17.5|22.7|38|40|44|1.1|1.3|1.8|36|40|46|19|21|24|7|10|17|".20"|".20"|0|0|0|0|0|0|0|0|0|0|0|0||||2.2|4|5.6|1|2.6|5.4|4.5|5.3|6||||||||||3.6|7.7|12|||||||||||||||||||||"25942794"|"77518965"
"Bt"||"B"|||5|13|18|51|68|102||55||0|0|0|1|4|5|84|86|98|61|66|96|48|59|88|25|34|52|41|52|63|0|0|0|3|4|5|23|29|35|11|14|17|4|5|6|13|21|34|||||||21|27|30|0|0|0|0|0.5|1||||1.39|1.52|1.65||||1.44|1.57|1.7|2.62|4|9|14|0.12|0.14|0.16||||14.4|19.2|26.3|7.7|13.4|19.9|25|30|43|0.5|0.8|1.3|26|36|40|11|18|21|0|1|4|".10"|".20"|0|0|0|0|0|0|0|0|0|0|0|0||||1.4|3.7|5.7|0.9|2.3|3.9|3.6|4.8|6||||||||||1.7|7.1|11.4|||||||||||||||||||||"25942794"|"77518966"
"Cr"||"C"|||51|68|102|203|203|203||135||||||||||||||||||||||||0|||||||||||||||||||||||||||||0|0|0||||||||||||||0.0001|7|14|0|0.01|0.01||||||||||||||||||||||||||||||0|0|0|||||||||||||||||||||||||||||||||||||||||||||||||"High"||"25942794"|"77518964"
"C"||"C"|||87|94|119|203|203|203||109||0|0|0|0|3|3|92|93|100|81|85|100|61|71|89|27|35|47|48|62|77|2|2|2|5|6|7|24|31|39|14|18|22|4|5|6|16|25|39|||||||5|13|17|0|0|0|0|0.2|0.5||||1.41|1.54|1.67||||1.44|1.57|1.7|2.63|4|9|14|0.1|0.12|0.14||||10.2|16.4|21.1|2.8|7.7|11.7|30|35|44|0.3|0.6|0.9|16|24|28|2|8|11|0|0|2|".24"|".24"|0|0|0|0|0|0|0|0|0|0|0|0||||0.5|1.6|2.6|0.5|0.9|0.9|4.5|5.3|6||||||||||0|2.6|5.3|||||||||||||||||||||"25942795"|"77518967"
"Ap"||"A"|||0|0|0|5|13|18||13||0|0|0|0|0|1|93|95|100|82|85|100|77|82|100|56|61|75|26|33|38|0|0|0|0|0|0|12|15|17|9|11|13|6|7|8|30|37|42|||||||28|30|34|0|0|0|0|1|2||||1.41|1.42|1.43||||1.47|1.48|1.51|2.61|4|9|14|0.15|0.17|0.19||||27.5|29.6|34.4|14.9|17.5|22.7|38|40|44|1.1|1.3|1.8|36|40|46|19|21|24|7|10|17|".20"|".20"|0|0|0|0|0|0|0|0|0|0|0|0||||2.2|4|5.6|1|2.6|5.4|4.5|5.3|6||||||||||3.6|7.7|12|||||||||||||||||||||"25942795"|"77518968"
"BC"||"BC"|||48|74|95|87|94|119||20||0|0|0|0|0|3|95|95|100|86|88|100|73|79|96|37|42|54|48|56|63|0|0|0|3|3|3|25|29|33|15|17|19|6|7|8|20|28|35|||||||11|16|22|0|0|0|0|0.2|0.5||||1.47|1.54|1.6||||1.51|1.58|1.64|2.63|4|9|14|0.1|0.12|0.14||||15.1|18.7|23.5|6.4|9.9|14.9|33|36|42|0.6|0.8|1|21|26|32|6|10|15|0|0|4|".28"|".28"|0|0|0|0|0|0|0|0|0|0|0|0||||0.9|1.9|3.3|0.7|0.8|3.2|4.5|5.3|6||||||||||0.6|3.2|6.5|||||||||||||||||||||"25942795"|"77518969"
"Bt"||"B"|||5|13|18|48|74|95||61||0|0|0|0|0|1|93|95|100|85|88|100|72|80|93|42|48|57|42|49|55|0|0|0|3|3|3|20|23|26|14|16|18|6|7|8|15|21|31|||||||24|30|32|0|0|0|0|0.5|1||||1.51|1.56|1.6||||1.57|1.62|1.63|2.62|4|9|14|0.15|0.17|0.19||||21.7|25|28.2|14.2|18.8|22.3|33|36|40|0.9|1.1|1.3|33|39|42|16|20|22|2|5|9|".20"|".20"|0|0|0|0|0|0|0|0|0|0|0|0||||1.9|3.7|4.9|0.9|1.1|3.7|4.5|5.3|6||||||||||2.9|6.8|9.8|||||||||||||||||||||"25942795"|"77518970"
"Ap"||"A"|||0|0|0|5|13|18||13||0|0|0|0|0|1|93|95|100|82|85|100|77|82|100|56|61|75|26|33|38|0|0|0|0|0|0|12|15|17|9|11|13|6|7|8|30|37|42|||||||28|30|34|0|0|0|0|1|2||||1.41|1.42|1.43||||1.47|1.48|1.51|2.61|4|9|14|0.15|0.17|0.19||||27.5|29.6|34.4|14.9|17.5|22.7|38|40|44|1.1|1.3|1.8|36|40|46|19|21|24|7|10|17|".20"|".20"|0|0|0|0|0|0|0|0|0|0|0|0||||2.2|4|5.6|1|2.6|5.4|4.5|5.3|6||||||||||3.6|7.7|12|||||||||||||||||||||"25942796"|"77518972"
"Bt"||"B"|||5|13|18|51|68|102||55||0|0|0|1|4|5|84|86|98|61|66|96|48|59|88|25|34|52|41|52|63|0|0|0|3|4|5|23|29|35|11|14|17|4|5|6|13|21|34|||||||21|27|30|0|0|0|0|0.5|1||||1.39|1.52|1.65||||1.44|1.57|1.7|2.62|4|9|14|0.12|0.14|0.16||||14.4|19.2|26.3|7.7|13.4|19.9|25|30|43|0.5|0.8|1.3|26|36|40|11|18|21|0|1|4|".10"|".20"|0|0|0|0|0|0|0|0|0|0|0|0||||1.4|3.7|5.7|0.9|2.3|3.9|3.6|4.8|6||||||||||1.7|7.1|11.4|||||||||||||||||||||"25942796"|"77518973"
"Cr"||"C"|||51|68|102|203|203|203||135||||||||||||||||||||||||0|||||||||||||||||||||||||||||0|0|0||||||||||||||0.0001|7|14|0|0.01|0.01||||||||||||||||||||||||||||||0|0|0|||||||||||||||||||||||||||||||||||||||||||||||||"High"|"Slightly moist"|"25942796"|"77518971"
"Oe"||"O"|||0|0|0|3|3|5||3||0|0|0|0|0|1||||||||||||||||||||||||||||||||||||||||||||||48|60|84||||0.1|0.15|0.2|||||||1.8|42|92|141|0.03|0.05|0.08||||50|55|70|12|20|30||||||||||||||||||0|0|0|0|0|0|0|0|0|0|0|0||||10|40|75||||3.8|4.2|4.6|3|3.4|3.8||||||||||||||||||||||||||||||"25942813"|"77519072"
"A"||"A"|||3|3|5|8|10|18||7||0|0|0|0|0|1|90|95|98|78|89|96|70|85|96|49|60|70|39|42|45|2|2|2|2|2|2|2|3|4|17|18|19|16|17|18|32|38|44|||||||15|20|25|0|0|0|0|1|2||||1.33|1.41|1.49||||1.38|1.46|1.54|2.61|4|9|14|0.15|0.17|0.19||||21|26.2|30.2|7.3|11.8|16.3|35|41|46|0.6|1|1.4|25|31|38|9|13|17|1|5|10|".32"|".32"|0|0|0|0|0|0|0|0|0|0|0|0||||1.2|2.8|4.3|0.9|2.2|4.2|4.5|5.3|6||||||||||1.3|5.6|9.9|||||||||||||||||||||"25942813"|"77519073"
"BA"||"BA"|||8|10|18|11|18|21||8||0|0|0|0|0|1|90|95|98|78|89|96|70|85|96|49|60|70|39|42|45|2|2|2|2|2|2|2|3|4|17|18|19|16|17|18|32|38|44|||||||15|20|25|0|0|0|0|1|2||||1.34|1.41|1.48||||1.39|1.46|1.53|2.61|4|9|14|0.15|0.17|0.19||||21|26.2|30.2|7.3|11.8|16.3|36|41|45|0.6|1|1.4|25|31|38|9|13|17|1|5|10|".37"|".37"|0|0|0|0|0|0|0|0|0|0|0|0||||1.2|2.8|4.3|1.1|1.8|4|4.5|5.3|6||||||||||1.3|5.6|9.9|||||||||||||||||||||"25942813"|"77519074"
"BC"||"BC"|||41|89|92|44|130|135||41||0|0|0|0|0|1|90|95|98|79|88|97|63|73|83|41|48|56|49|54|59|6|7|8|7|8|10|8|9|11|14|15|15|14|15|15|19|25|31|||||||18|21|24|0|0|0|0|0.2|0.5||||1.46|1.52|1.57||||1.51|1.57|1.58|2.63|4|9|14|0.15|0.17|0.19||||18|21|23.8|9.9|12.7|15.7|33|37|42|0.7|1|1.3|27|31|34|12|14|16|1|3|6|".32"|".32"|0|0|0|0|0|0|0|0|0|0|0|0||||1.4|2.4|3.5|0.7|0.9|3.5|4.5|5.3|6||||||||||1.8|4.2|6.9|||||||||||||||||||||"25942813"|"77519075"
"C1"||"C"||1|44|130|135|69|183|185||53||0|0|0|0|3|3|90|93|98|79|84|96|62|70|85|42|48|60|45|50|55|6|7|8|7|8|9|8|9|10|12|13|14|12|13|14|29|37|45|||||||8|13|18|0|0|0|0|0.25|0.5||||1.49|1.5|1.51||||1.52|1.53|1.55|2.62|14|28|42|0.13|0.15|0.17||||17|21.3|26.5|4.1|7.2|11.2|34|36|40|0.5|0.6|0.9|19|24|29|4|8|12|0|1|5|".37"|".37"|0|0|0|0|0|0|0|0|0|0|0|0||||0.7|1.6|2.7|0.7|0.9|0.9|4.5|5.3|6||||||||||0|2.6|5.5|||||||||||||||||||||"25942813"|"77519076"
"C2"||"C"||2|69|183|185|203|203|203||20||0|0|0|0|3|3|90|93|98|80|85|96|58|64|76|27|32|39|65|74|83|9|10|11|10|11|12|11|12|13|18|21|24|17|20|23|9|19|29|||||||4|7|10|0|0|0|0|0.25|0.5||||1.49|1.56|1.63||||1.52|1.59|1.66|2.62|14|28|42|0.1|0.12|0.14||||9.1|12.7|16.6|2.2|4.4|7.1|31|34|40|0.5|0.5|0.6|15|18|22|1|3|6|0|0|0|".32"|".32"|0|0|0|0|0|0|0|0|0|0|0|0||||0.4|0.9|1.6|0.4|0.8|0.8|4.5|5.3|6||||||||||0|1.3|3.7|||||||||||||||||||||"25942813"|"77519077"
"Bt1"||"B"||1|11|18|21|26|38|62||20||0|0|0|0|1|1|90|95|98|79|88|97|72|84|95|50|59|68|38|43|48|1|2|3|1|2|3|1|3|3|18|19|20|16|17|18|21|28|35|||||||25|29|33|0|0|0|0|0.5|1||||1.41|1.54|1.66||||1.49|1.62|1.74|2.62|4|9|14|0.15|0.17|0.19||||26.3|30|33.8|13.9|17.9|22.3|30|36|43|1.1|1.6|2.2|34|38|43|17|20|23|5|9|14|".32"|".32"|0|0|0|0|0|0|0|0|0|0|0|0||||1.9|3.6|5.1|1.1|1.4|3.8|4.5|5.3|6||||||||||3|6.6|10.1|||||||||||||||||||||"25942813"|"77519078"
"Bt2"||"B"||2|26|38|62|41|89|92||51||0|0|0|0|1|1|90|95|98|79|88|97|72|84|95|50|59|68|38|43|48|1|2|3|1|2|3|1|3|3|18|19|20|16|17|18|21|28|35|||||||25|29|33|0|0|0|0|0.5|1||||1.41|1.54|1.66||||1.49|1.62|1.74|2.62|4|9|14|0.15|0.17|0.19||||26.3|30|33.8|13.9|17.9|22.3|30|36|43|1.1|1.6|2.2|34|38|43|17|20|23|5|9|14|".32"|".32"|0|0|0|0|0|0|0|0|0|0|0|0||||1.9|3.6|5.1|1.1|1.4|3.8|4.5|5.3|6||||||||||3|6.6|10.1|||||||||||||||||||||"25942813"|"77519079"
"Oe"||"O"|||0|0|0|3|3|5||3||0|0|0|0|0|4||||||||||||||||||||||||||||||||||||||||||||||48|60|84||||0.1|0.15|0.2|||||||1.8|42|92|141|0.03|0.05|0.08||||50|55|70|12|20|30||||||||||||||||||0|0|0|0|0|0|0|0|0|0|0|0||||10|40|75||||3.8|4.2|4.6|3|3.4|3.8||||||||||||||||||||||||||||||"25942814"|"77519081"
"A"||"A"|||3|3|5|6|10|30||7||0|0|0|0|8|9|93|96|98|86|91|96|63|71|80|34|41|48|60|65|70|9|9|10|10|10|11|11|11|12|15|18|19|15|17|18|17|25|33|||||||5|10|15|0|0|0|0|1|2||||1.48|1.54|1.61||||1.51|1.57|1.64|2.61|14|28|42|0.11|0.13|0.15||||10.1|15.9|21.3|2.8|7.1|12.3|31|35|40|0.5|0.6|0.8|16|23|29|2|6|9|0|0|2|".28"|".28"|0|0|0|0|0|0|0|0|0|0|0|0||||0.5|1.5|2.7|0.5|1.5|2.7|4.5|5.3|6||||||||||0|3.3|7.3|||||||||||||||||||||"25942814"|"77519082"
"BA"||"BA"|||6|10|30|9|18|38||8||0|0|0|0|8|9|90|96|98|76|91|96|56|71|80|30|41|48|60|65|70|9|9|10|10|10|11|11|11|12|15|18|19|15|17|18|17|25|33|||||||5|10|15|0|0|0|0|1|2||||1.46|1.54|1.62||||1.49|1.57|1.65|2.61|14|28|42|0.11|0.13|0.15||||9.3|15.9|21.3|2.6|7.1|12.3|29|35|41|0.4|0.6|0.8|16|23|29|2|6|9|0|0|2|".32"|".32"|0|0|0|0|0|0|0|0|0|0|0|0||||0.5|1.5|2.7|0.5|0.9|2.7|4.5|5.3|6||||||||||0|3.3|7.3|||||||||||||||||||||"25942814"|"77519083"
"Bt1"||"B"||1|9|18|38|24|36|68||18||0|0|0|0|8|9|90|96|98|76|91|96|67|81|88|46|56|62|42|47|52|3|4|5|4|5|6|5|6|7|15|16|17|15|16|17|17|22|27|||||||29|31|33|0|0|0|0|0.5|1||||1.48|1.56|1.64||||1.57|1.65|1.68|2.62|4|9|14|0.14|0.16|0.18||||20.8|24.6|27.9|15.1|18.8|22.4|28|34|40|1.3|1.7|2.2|37|40|43|20|22|23|5|9|12|".24"|".24"|0|0|0|0|0|0|0|0|0|0|0|0||||2.2|4.2|6.2|1.1|2.8|4.1|3.6|4.8|6||||||||||3.7|8|12.2|||||||||||||||||||||"25942814"|"77519084"
"Bt2"||"B"||2|24|36|68|34|64|109||28||0|0|0|0|8|9|90|96|98|76|91|96|67|81|88|46|56|62|42|47|52|3|4|5|4|5|6|5|6|7|15|16|17|15|16|17|17|22|27|||||||29|31|33|0|0|0|0|0.5|1||||1.48|1.56|1.64||||1.57|1.65|1.68|2.62|4|9|14|0.14|0.16|0.18||||20.8|24.6|27.9|15.1|18.8|22.4|28|34|40|1.3|1.7|2.2|37|40|43|20|22|23|5|9|12|".24"|".24"|0|0|0|0|0|0|0|0|0|0|0|0||||2.2|4.2|6.2|1.1|2.8|4.1|3.6|4.8|6||||||||||3.7|8|12.2|||||||||||||||||||||"25942814"|"77519085"
"BC"||"BC"|||34|64|109|41|74|122||10||0|0|0|1|4|5|85|86|87|61|67|76|45|52|63|26|32|40|56|61|66|9|9|10|10|10|11|11|11|12|13|16|17|13|15|16|13|21|29|||||||13|18|23|0|0|0|0|0.5|1||||1.53|1.56|1.59||||1.57|1.6|1.63|2.62|14|28|42|0.08|0.1|0.12||||12.8|16.4|20.6|6|9.4|13.8|26|29|33|0.5|0.7|1.1|23|29|34|8|12|15|0|0|1|".15"|".28"|0|0|0|0|0|0|0|0|0|0|0|0||||1.1|2.6|4.5|0.8|1.7|3.6|3.6|4.8|6||||||||||1|5.1|9.5|||||||||||||||||||||"25942814"|"77519086"
"Cr"||"C"|||41|74|122|203|203|203||129|||||||||||||||||||||||||||||||||||||||||||||||||||||||||||||||||||||0.0001|7|14|0|0.01|0.01|||||||||||||||||||||||||||||||||||||||||||||||||||||||||||||||||||||||||||||||||"High"||"25942814"|"77519080"
"A"||"A"|||0|0|0|5|13|18||13||0|0|0|0|0|1|90|95|98|78|89|96|67|79|88|47|55|62|40|45|58|3|4|6|5|6|8|7|8|10|14|15|18|11|12|16|25|40|45|||||||13|15|18|0|0|0|0|1|2||||1.38|1.44|1.5||||1.42|1.48|1.54|2.61|4|9|14|0.15|0.17|0.19||||20.1|24.2|27.7|6.5|9.4|12.8|35|40|44|0.6|0.8|1|23|27|32|8|10|12|0|2|5|".32"|".32"|0|0|0|0|0|0|0|0|0|0|0|0||||1.1|2.1|3.2|0.9|2.1|3.2|4.5|5.3|6||||||||||1|4.4|8.1|||||||||||||||||||||"25942799"|"77518981"
"Bt"||"B"|||5|13|18|48|81|95||68||0|0|0|0|1|1|91|95|98|80|89|97|66|81|89|50|63|70|30|35|50|2|3|4|3|4|6|5|6|8|10|11|18|10|11|14|25|33|40|||||||23|32|33|0|0|0|0|0.5|1||||1.44|1.56|1.67||||1.51|1.63|1.74|2.62|4|9|14|0.15|0.17|0.19||||25.8|31.4|34|13.1|20|22.6|30|36|42|0.8|1.3|1.6|32|41|43|15|22|23|4|11|14|".28"|".28"|0|0|0|0|0|0|0|0|0|0|0|0||||1.8|3.9|5.1|1|1.1|3.8|4.5|5.3|6||||||||||2.7|7.2|10.1|||||||||||||||||||||"25942799"|"77518982"
"BC"||"BC"|||48|81|95|87|114|119||33||0|0|0|0|0|1|90|95|98|79|88|97|66|78|91|47|56|67|36|43|58|3|4|6|5|6|8|7|8|10|12|13|18|9|12|16|20|38|45|||||||15|19|25|0|0|0|0|0.2|0.5||||1.44|1.5|1.56||||1.48|1.54|1.56|2.63|4|9|14|0.14|0.16|0.18||||21.5|25.3|29.7|7.8|10.8|15.4|33|38|42|0.6|0.9|1.3|25|29|35|9|12|17|1|3|9|".37"|".37"|0|0|0|0|0|0|0|0|0|0|0|0||||1.2|2.2|3.7|0.7|0.9|3.6|4.5|5.3|6||||||||||1.3|3.8|7.2|||||||||||||||||||||"25942799"|"77518983"
"C"||"C"|||87|114|119|203|203|203||89||0|0|0|0|3|3|90|93|98|80|85|97|62|75|87|41|53|63|40|44|78|3|4|6|5|6|10|7|8|10|13|14|30|12|12|22|15|40|45|||||||5|16|18|0|0|0|0|0.25|0.5||||1.51|1.57|1.63||||1.55|1.61|1.67|2.62|4|9|14|0.13|0.15|0.17||||14.6|23.2|27|2.7|9.2|11.8|31|34|40|0.3|0.8|1|16|26|29|2|10|12|0|2|5|".43"|".43"|0|0|0|0|0|0|0|0|0|0|0|0||||0.5|1.9|2.7|0.5|0.9|0.9|4.5|5.3|6||||||||||0|3.2|5.5|||||||||||||||||||||"25942799"|"77518984"
"Bt"||"B"|||5|13|18|51|97|102||84||0|0|0|1|4|5|84|85|98|60|66|96|49|60|92|37|47|73|28|34|50|2|3|5|3|4|6|5|6|8|10|11|16|8|10|15|25|37|45|||||||18|29|33|0|0|0|0|0.5|1||||1.44|1.49|1.54||||1.51|1.56|1.59|2.62|4|9|14|0.12|0.14|0.16||||18.9|24.3|33|7.9|14.2|21.3|27|31|42|0.6|1.1|1.7|27|38|43|12|20|23|0|5|15|".17"|".32"|0|0|0|0|0|0|0|0|0|0|0|0||||1.4|3.9|6.2|1.1|2.3|4.1|3.6|4.8|6||||||||||1.8|7.5|12.2|||||||||||||||||||||"25942800"|"77518986"
"A"||"A"|||0|0|0|5|13|18||13||0|0|0|0|0|4|84|90|96|65|78|95|48|61|75|23|31|39|62|67|75|3|4|5|13|14|15|17|18|19|19|20|23|10|11|13|12|19|25|||||||10|14|16|0|0|0|0|1|2||||1.44|1.52|1.61||||1.47|1.55|1.64|2.61|4|9|14|0.1|0.12|0.14||||11.9|17.2|21.5|4.7|8.9|12.7|27|34|41|0.4|0.6|0.8|20|26|30|6|8|10|0|0|0|".17"|".17"|0|0|0|0|0|0|0|0|0|0|0|0||||0.8|2|2.8|0.8|2|2.8|4.5|5.3|6||||||||||0.4|4.2|7.5|||||||||||||||||||||"25942800"|"77518987"
"Cr"||"C"|||51|97|102|203|203|203||106|||||||||||||||||||||||||||||||||||||||||||||||||||||||||||||||||||||0.0001|7|14|0|0.01|0.01|||||||||||||||||||||||||||||||||||||||||||||||||||||||||||||||||||||||||||||||||"High"||"25942800"|"77518985"
"A"||"A"|||0|0|0|5|13|18||13||0|0|0|0|0|1|90|95|98|78|89|96|67|79|88|47|55|62|40|45|58|3|4|6|5|6|8|7|8|10|14|15|18|11|12|16|25|40|45|||||||13|15|18|0|0|0|0|1|2||||1.38|1.44|1.5||||1.42|1.48|1.54|2.61|4|9|14|0.15|0.17|0.19||||20.1|24.2|27.7|6.5|9.4|12.8|35|40|44|0.6|0.8|1|23|27|32|8|10|12|0|2|5|".32"|".32"|0|0|0|0|0|0|0|0|0|0|0|0||||1.1|2.1|3.2|0.9|2.1|3.2|4.5|5.3|6||||||||||1|4.4|8.1|||||||||||||||||||||"25942797"|"77518974"
"Bt"||"B"|||5|13|18|48|81|95||68||0|0|0|0|1|1|91|95|98|80|89|97|66|81|89|50|63|70|30|35|50|2|3|4|3|4|6|5|6|8|10|11|18|10|11|14|25|33|40|||||||23|32|33|0|0|0|0|0.5|1||||1.44|1.56|1.67||||1.51|1.63|1.74|2.62|4|9|14|0.15|0.17|0.19||||25.8|31.4|34|13.1|20|22.6|30|36|42|0.8|1.3|1.6|32|41|43|15|22|23|4|11|14|".28"|".28"|0|0|0|0|0|0|0|0|0|0|0|0||||1.8|3.9|5.1|1|1.1|3.8|4.5|5.3|6||||||||||2.7|7.2|10.1|||||||||||||||||||||"25942797"|"77518975"
"BC"||"BC"|||48|81|95|87|114|119||33||0|0|0|0|0|1|90|95|98|79|88|97|66|78|91|47|56|67|36|43|58|3|4|6|5|6|8|7|8|10|12|13|18|9|12|16|20|38|45|||||||15|19|25|0|0|0|0|0.2|0.5||||1.44|1.5|1.56||||1.48|1.54|1.56|2.63|4|9|14|0.14|0.16|0.18||||21.5|25.3|29.7|7.8|10.8|15.4|33|38|42|0.6|0.9|1.3|25|29|35|9|12|17|1|3|9|".37"|".37"|0|0|0|0|0|0|0|0|0|0|0|0||||1.2|2.2|3.7|0.7|0.9|3.6|4.5|5.3|6||||||||||1.3|3.8|7.2|||||||||||||||||||||"25942797"|"77518976"
"C"||"C"|||87|114|119|203|203|203||89||0|0|0|0|3|3|90|93|98|80|85|97|62|75|87|41|53|63|40|44|78|3|4|6|5|6|10|7|8|10|13|14|30|12|12|22|15|40|45|||||||5|16|18|0|0|0|0|0.25|0.5||||1.51|1.57|1.63||||1.55|1.61|1.67|2.62|4|9|14|0.13|0.15|0.17||||14.6|23.2|27|2.7|9.2|11.8|31|34|40|0.3|0.8|1|16|26|29|2|10|12|0|2|5|".43"|".43"|0|0|0|0|0|0|0|0|0|0|0|0||||0.5|1.9|2.7|0.5|0.9|0.9|4.5|5.3|6||||||||||0|3.2|5.5|||||||||||||||||||||"25942797"|"77518977"
"Bt"||"B"|||5|13|18|51|97|102||84||0|0|0|1|4|5|84|85|98|60|66|96|49|60|92|37|47|73|28|34|50|2|3|5|3|4|6|5|6|8|10|11|16|8|10|15|25|37|45|||||||18|29|33|0|0|0|0|0.5|1||||1.44|1.49|1.54||||1.51|1.56|1.59|2.62|4|9|14|0.12|0.14|0.16||||18.9|24.3|33|7.9|14.2|21.3|27|31|42|0.6|1.1|1.7|27|38|43|12|20|23|0|5|15|".17"|".32"|0|0|0|0|0|0|0|0|0|0|0|0||||1.4|3.9|6.2|1.1|2.3|4.1|3.6|4.8|6||||||||||1.8|7.5|12.2|||||||||||||||||||||"25942798"|"77518979"
"A"||"A"|||0|0|0|5|13|18||13||0|0|0|0|0|4|84|90|96|65|78|95|48|61|75|23|31|39|62|67|75|3|4|5|13|14|15|17|18|19|19|20|23|10|11|13|12|19|25|||||||10|14|16|0|0|0|0|1|2||||1.44|1.52|1.61||||1.47|1.55|1.64|2.61|4|9|14|0.1|0.12|0.14||||11.9|17.2|21.5|4.7|8.9|12.7|27|34|41|0.4|0.6|0.8|20|26|30|6|8|10|0|0|0|".17"|".17"|0|0|0|0|0|0|0|0|0|0|0|0||||0.8|2|2.8|0.8|2|2.8|4.5|5.3|6||||||||||0.4|4.2|7.5|||||||||||||||||||||"25942798"|"77518980"
"Cr"||"C"|||51|97|102|203|203|203||106|||||||||||||||||||||||||||||||||||||||||||||||||||||||||||||||||||||0.0001|7|14|0|0.01|0.01|||||||||||||||||||||||||||||||||||||||||||||||||||||||||||||||||||||||||||||||||"High"||"25942798"|"77518978"
"Oe"||"O"|||0|0|0|3|3|5||3||0|0|0|0|0|1||||||||||||||||||||||||||||||||||||||||||||||48|60|84||||0.1|0.15|0.2|||||||1.8|42|92|141|0.03|0.05|0.08||||50|55|70|12|20|30||||||||||||||||||0|0|0|0|0|0|0|0|0|0|0|0||||10|40|75||||3.8|4.2|4.6|3|3.4|3.8||||||||||||||||||||||||||||||"25942820"|"77519102"
"A"||"A"|||3|3|5|8|10|18||7||0|0|0|0|0|1|90|95|98|78|89|96|70|85|96|49|60|70|39|42|45|2|2|2|2|2|2|2|3|4|17|18|19|16|17|18|32|38|44|||||||15|20|25|0|0|0|0|1|2||||1.33|1.41|1.49||||1.38|1.46|1.54|2.61|4|9|14|0.15|0.17|0.19||||21|26.2|30.2|7.3|11.8|16.3|35|41|46|0.6|1|1.4|25|31|38|9|13|17|1|5|10|".32"|".32"|0|0|0|0|0|0|0|0|0|0|0|0||||1.2|2.8|4.3|0.9|2.2|4.2|4.5|5.3|6||||||||||1.3|5.6|9.9|||||||||||||||||||||"25942820"|"77519103"
"BA"||"BA"|||8|10|18|11|18|21||8||0|0|0|0|0|1|90|95|98|78|89|96|70|85|96|49|60|70|39|42|45|2|2|2|2|2|2|2|3|4|17|18|19|16|17|18|32|38|44|||||||15|20|25|0|0|0|0|1|2||||1.34|1.41|1.48||||1.39|1.46|1.53|2.61|4|9|14|0.15|0.17|0.19||||21|26.2|30.2|7.3|11.8|16.3|36|41|45|0.6|1|1.4|25|31|38|9|13|17|1|5|10|".37"|".37"|0|0|0|0|0|0|0|0|0|0|0|0||||1.2|2.8|4.3|1.1|1.8|4|4.5|5.3|6||||||||||1.3|5.6|9.9|||||||||||||||||||||"25942820"|"77519104"
"BC"||"BC"|||41|89|92|44|130|135||41||0|0|0|0|0|1|90|95|98|79|88|97|63|73|83|41|48|56|49|54|59|6|7|8|7|8|10|8|9|11|14|15|15|14|15|15|19|25|31|||||||18|21|24|0|0|0|0|0.2|0.5||||1.46|1.52|1.57||||1.51|1.57|1.58|2.63|4|9|14|0.15|0.17|0.19||||18|21|23.8|9.9|12.7|15.7|33|37|42|0.7|1|1.3|27|31|34|12|14|16|1|3|6|".32"|".32"|0|0|0|0|0|0|0|0|0|0|0|0||||1.4|2.4|3.5|0.7|0.9|3.5|4.5|5.3|6||||||||||1.8|4.2|6.9|||||||||||||||||||||"25942820"|"77519105"
"C1"||"C"||1|44|130|135|69|183|185||53||0|0|0|0|3|3|90|93|98|79|84|96|62|70|85|42|48|60|45|50|55|6|7|8|7|8|9|8|9|10|12|13|14|12|13|14|29|37|45|||||||8|13|18|0|0|0|0|0.25|0.5||||1.49|1.5|1.51||||1.52|1.53|1.55|2.62|14|28|42|0.13|0.15|0.17||||17|21.3|26.5|4.1|7.2|11.2|34|36|40|0.5|0.6|0.9|19|24|29|4|8|12|0|1|5|".37"|".37"|0|0|0|0|0|0|0|0|0|0|0|0||||0.7|1.6|2.7|0.7|0.9|0.9|4.5|5.3|6||||||||||0|2.6|5.5|||||||||||||||||||||"25942820"|"77519106"
"C2"||"C"||2|69|183|185|203|203|203||20||0|0|0|0|3|3|90|93|98|80|85|96|58|64|76|27|32|39|65|74|83|9|10|11|10|11|12|11|12|13|18|21|24|17|20|23|9|19|29|||||||4|7|10|0|0|0|0|0.25|0.5||||1.49|1.56|1.63||||1.52|1.59|1.66|2.62|14|28|42|0.1|0.12|0.14||||9.1|12.7|16.6|2.2|4.4|7.1|31|34|40|0.5|0.5|0.6|15|18|22|1|3|6|0|0|0|".32"|".32"|0|0|0|0|0|0|0|0|0|0|0|0||||0.4|0.9|1.6|0.4|0.8|0.8|4.5|5.3|6||||||||||0|1.3|3.7|||||||||||||||||||||"25942820"|"77519107"
"Bt1"||"B"||1|11|18|21|26|38|62||20||0|0|0|0|1|1|90|95|98|79|88|97|72|84|95|50|59|68|38|43|48|1|2|3|1|2|3|1|3|3|18|19|20|16|17|18|21|28|35|||||||25|29|33|0|0|0|0|0.5|1||||1.41|1.54|1.66||||1.49|1.62|1.74|2.62|4|9|14|0.15|0.17|0.19||||26.3|30|33.8|13.9|17.9|22.3|30|36|43|1.1|1.6|2.2|34|38|43|17|20|23|5|9|14|".32"|".32"|0|0|0|0|0|0|0|0|0|0|0|0||||1.9|3.6|5.1|1.1|1.4|3.8|4.5|5.3|6||||||||||3|6.6|10.1|||||||||||||||||||||"25942820"|"77519108"
"Bt2"||"B"||2|26|38|62|41|89|92||51||0|0|0|0|1|1|90|95|98|79|88|97|72|84|95|50|59|68|38|43|48|1|2|3|1|2|3|1|3|3|18|19|20|16|17|18|21|28|35|||||||25|29|33|0|0|0|0|0.5|1||||1.41|1.54|1.66||||1.49|1.62|1.74|2.62|4|9|14|0.15|0.17|0.19||||26.3|30|33.8|13.9|17.9|22.3|30|36|43|1.1|1.6|2.2|34|38|43|17|20|23|5|9|14|".32"|".32"|0|0|0|0|0|0|0|0|0|0|0|0||||1.9|3.6|5.1|1.1|1.4|3.8|4.5|5.3|6||||||||||3|6.6|10.1|||||||||||||||||||||"25942820"|"77519109"
"Oe"||"O"|||0|0|0|3|3|5||3||0|0|0|0|0|4||||||||||||||||||||||||||||||||||||||||||||||48|60|84||||0.1|0.15|0.2|||||||1.8|42|92|141|0.03|0.05|0.08||||50|55|70|12|20|30||||||||||||||||||0|0|0|0|0|0|0|0|0|0|0|0||||10|40|75||||3.8|4.2|4.6|3|3.4|3.8||||||||||||||||||||||||||||||"25942821"|"77519111"
"A"||"A"|||3|3|5|6|10|30||7||0|0|0|0|8|9|93|96|98|86|91|96|63|71|80|34|41|48|60|65|70|9|9|10|10|10|11|11|11|12|15|18|19|15|17|18|17|25|33|||||||5|10|15|0|0|0|0|1|2||||1.48|1.54|1.61||||1.51|1.57|1.64|2.61|14|28|42|0.11|0.13|0.15||||10.1|15.9|21.3|2.8|7.1|12.3|31|35|40|0.5|0.6|0.8|16|23|29|2|6|9|0|0|2|".28"|".28"|0|0|0|0|0|0|0|0|0|0|0|0||||0.5|1.5|2.7|0.5|1.5|2.7|4.5|5.3|6||||||||||0|3.3|7.3|||||||||||||||||||||"25942821"|"77519112"
"BA"||"BA"|||6|10|30|9|18|38||8||0|0|0|0|8|9|90|96|98|76|91|96|56|71|80|30|41|48|60|65|70|9|9|10|10|10|11|11|11|12|15|18|19|15|17|18|17|25|33|||||||5|10|15|0|0|0|0|1|2||||1.46|1.54|1.62||||1.49|1.57|1.65|2.61|14|28|42|0.11|0.13|0.15||||9.3|15.9|21.3|2.6|7.1|12.3|29|35|41|0.4|0.6|0.8|16|23|29|2|6|9|0|0|2|".32"|".32"|0|0|0|0|0|0|0|0|0|0|0|0||||0.5|1.5|2.7|0.5|0.9|2.7|4.5|5.3|6||||||||||0|3.3|7.3|||||||||||||||||||||"25942821"|"77519113"
"Bt1"||"B"||1|9|18|38|24|36|68||18||0|0|0|0|8|9|90|96|98|76|91|96|67|81|88|46|56|62|42|47|52|3|4|5|4|5|6|5|6|7|15|16|17|15|16|17|17|22|27|||||||29|31|33|0|0|0|0|0.5|1||||1.48|1.56|1.64||||1.57|1.65|1.68|2.62|4|9|14|0.14|0.16|0.18||||20.8|24.6|27.9|15.1|18.8|22.4|28|34|40|1.3|1.7|2.2|37|40|43|20|22|23|5|9|12|".24"|".24"|0|0|0|0|0|0|0|0|0|0|0|0||||2.2|4.2|6.2|1.1|2.8|4.1|3.6|4.8|6||||||||||3.7|8|12.2|||||||||||||||||||||"25942821"|"77519114"
"Bt2"||"B"||2|24|36|68|34|64|109||28||0|0|0|0|8|9|90|96|98|76|91|96|67|81|88|46|56|62|42|47|52|3|4|5|4|5|6|5|6|7|15|16|17|15|16|17|17|22|27|||||||29|31|33|0|0|0|0|0.5|1||||1.48|1.56|1.64||||1.57|1.65|1.68|2.62|4|9|14|0.14|0.16|0.18||||20.8|24.6|27.9|15.1|18.8|22.4|28|34|40|1.3|1.7|2.2|37|40|43|20|22|23|5|9|12|".24"|".24"|0|0|0|0|0|0|0|0|0|0|0|0||||2.2|4.2|6.2|1.1|2.8|4.1|3.6|4.8|6||||||||||3.7|8|12.2|||||||||||||||||||||"25942821"|"77519115"
"BC"||"BC"|||34|64|109|41|74|122||10||0|0|0|1|4|5|85|86|87|61|67|76|45|52|63|26|32|40|56|61|66|9|9|10|10|10|11|11|11|12|13|16|17|13|15|16|13|21|29|||||||13|18|23|0|0|0|0|0.5|1||||1.53|1.56|1.59||||1.57|1.6|1.63|2.62|14|28|42|0.08|0.1|0.12||||12.8|16.4|20.6|6|9.4|13.8|26|29|33|0.5|0.7|1.1|23|29|34|8|12|15|0|0|1|".15"|".28"|0|0|0|0|0|0|0|0|0|0|0|0||||1.1|2.6|4.5|0.8|1.7|3.6|3.6|4.8|6||||||||||1|5.1|9.5|||||||||||||||||||||"25942821"|"77519116"
"Cr"||"C"|||41|74|122|203|203|203||129|||||||||||||||||||||||||||||||||||||||||||||||||||||||||||||||||||||0.0001|7|14|0|0.01|0.01|||||||||||||||||||||||||||||||||||||||||||||||||||||||||||||||||||||||||||||||||"High"||"25942821"|"77519110"
"A"||"A"||||0|||12|||||0|0|0|0|1|1|90|94|98|74|85|96|64|78|93|50|61|74||33.5|||3|||4.2|||5.8|||10.5|||10|||36.5||||||||25|30|35||||0.5|1|2||||1.3|1.4|1.5||||1.37|1.47|1.54||4|9|14|0.12|0.14|0.16||||25.1|29.3|33.8|12.8|17.2|22.5|34|40|47|0|1.5|2.9|34|40|47|17|21|24|5|10|17|".24"|".24"|0|0|0|0|0|0|0|0|0|0|0|0||||4.9|9.4|13.9||||4.5|5.3|6||||||||||6.4|12.6|19.6|||||||||||||||||||||"25942631"|"77518522"
"Bt"||"B"||||12|||68|||||0|0|1|0|0|1|77|84|98|54|68|96|42|59|92|23|34|57||55.8|||1.3|||8.2|||14.8|||20.2|||11.3|||17.7||||||||18|26.5|35||||0|0.5|1||||1.3|1.45|1.6||||1.38|1.53|1.61||4|9|14|0.12|0.15|0.18||||13.8|19.7|27.7|7.4|13.3|22|25|34|47|0|1.5|2.9|27|36|45|12|18|25|0|1|6|".15"|".20"|0|0|0|0|0|0|0|0|0|0|0|0||||3.4|5.8|8.2||||3.6|4.8|6||||||||||1.8|6.9|13.1|||||||||||||||||||||"25942631"|"77518523"
"Cr"||"C"||||68|||203||||||||||||||||||||||||||||||||||||||||||||||||||||||||||||||||||||||||0|7|14|0|0|0.01|||||||||||||||||||||||||||||||||||||||||||||||||||||||||||||||||||||||||||||||||"High"|"Moist"|"25942631"|"77518521"
"A"||"A"||||0|||13|||||0|0|0|0|1|1|90|94|98|69|85|96|60|78|93|47|61|74||33.5|||3|||4.2|||5.8|||10.5|||10|||36.5||||||||25|30|35||||0.5|1|2||||1.3|1.4|1.5||||1.37|1.47|1.54||4|9|14|0.12|0.14|0.16||||24.1|29.3|33.8|12.3|17.2|22.5|33|40|47|0|1.5|2.9|34|40|47|17|21|24|4|10|17|".24"|".24"|0|0|0|0|0|0|0|0|0|0|0|0||||4.3|9.1|13.9||||4.5|5.3|6||||||||||5.9|12.3|19.6|||||||||||||||||||||"25942632"|"77518524"
"Bt"||"B"||||13|||74|||||0|0|0|0|1|1|90|94|98|76|87|96|59|75|92|32|44|57||55.8|||1.3|||8.2|||14.8|||20.2|||11.3|||17.7||||||||18|26.5|35||||0|0.5|1||||1.3|1.4|1.5||||1.37|1.47|1.54||4|9|14|0.15|0.17|0.18||||17.1|22.5|27.3|9|14.9|21.3|35|41|47|0|1.5|2.9|27|36|45|12|18|25|0|2|6|".20"|".20"|0|0|0|0|0|0|0|0|0|0|0|0||||3.4|5.8|8.2||||4.5|5.3|6||||||||||1.8|6|10.6|||||||||||||||||||||"25942632"|"77518525"
"BC"||"BC"||||74|||94|||||0|0|0|0|3|5|82|94|98|60|86|96|44|66|78|22|35|43||65.1|||4.3|||13.9|||17.3|||19.3|||10.3|||18.9||||||||12|16|20||||0|0.5|1||||1.2|1.3|1.4||||1.27|1.37|1.43||4|9|14|0.08|0.13|0.18||||11.8|17.3|21|4.8|8.5|11.9|32|44|51|0|1.5|2.9|22|27|33|7|10|13|0|0|2|".24"|".24"|0|0|0|0|0|0|0|0|0|0|0|0||||2.2|3.4|4.6||||4.5|5.3|6||||||||||0.8|3.8|6.9|||||||||||||||||||||"25942632"|"77518526"
"C"||"C"||||94|||203|||||0|0|0|0|5|12|78|92|98|51|82|96|35|63|80|16|31|44||67.9|||4.5|||14.5|||18|||20.2|||10.7|||19.6||||||||5|12.5|20||||0|0.25|0.5||||1.2|1.3|1.4||||1.27|1.37|1.43||4|9|14|0.05|0.11|0.17||||6.8|14.8|20.5|1.7|6.3|11.3|28|42|51|0|1.5|2.9|16|24|32|2|8|13|0|0|2|".28"|".28"|0|0|0|0|0|0|0|0|0|0|0|0||||0.9|2.8|4.6||||4.5|5.3|6||||||||||0|2.6|6|||||||||||||||||||||"25942632"|"77518527"
"A"||"A"||||0|||12|||||0|0|0|0|1|1|90|94|98|74|85|96|64|78|93|50|61|74||33.5|||3|||4.2|||5.8|||10.5|||10|||36.5||||||||25|30|35||||0.5|1|2||||1.3|1.4|1.5||||1.37|1.47|1.54||4|9|14|0.12|0.14|0.16||||25.1|29.3|33.8|12.8|17.2|22.5|34|40|47|0|1.5|2.9|34|40|47|17|21|24|5|10|17|".24"|".24"|0|0|0|0|0|0|0|0|0|0|0|0||||4.9|9.4|13.9||||4.5|5.3|6||||||||||6.4|12.6|19.6|||||||||||||||||||||"25942721"|"77518747"
"Bt"||"B"||||12|||68|||||0|0|1|0|4|12|75|84|96|45|61|93|35|53|88|19|31|55||55.8|||1.3|||8.2|||14.8|||20.2|||11.3|||17.7||||||||18|26.5|35||||0|0.5|1||||1.3|1.45|1.6||||1.39|1.54|1.63||4|9|14|0.12|0.15|0.18||||11.1|17.9|27.2|5.9|12.1|21.7|20|31|46|0|1.5|2.9|27|36|45|12|18|25|0|1|6|".10"|".20"|0|0|0|0|0|0|0|0|0|0|0|0||||3.4|5.8|8.2||||3.6|4.8|6||||||||||1.8|6.9|13.1|||||||||||||||||||||"25942721"|"77518748"
"Cr"||"C"||||68|||203||||||||||||||||||||||||||||||||||||||||||||||||||||||||||||||||||||||||0|7|14|0|0|0.01|||||||||||||||||||||||||||||||||||||||||||||||||||||||||||||||||||||||||||||||||"High"|"Moist"|"25942721"|"77518746"
"Bt"||"B"||||13|||74|||||0|0|0|0|1|1|90|94|98|76|87|96|59|75|92|32|44|57||55.8|||1.3|||8.2|||14.8|||20.2|||11.3|||17.7||||||||18|26.5|35||||0|0.5|1||||1.3|1.4|1.5||||1.37|1.47|1.54||4|9|14|0.15|0.17|0.18||||17.1|22.5|27.3|9|14.9|21.3|35|41|47|0|1.5|2.9|27|36|45|12|18|25|0|2|6|".20"|".20"|0|0|0|0|0|0|0|0|0|0|0|0||||3.4|5.8|8.2||||4.5|5.3|6||||||||||3.6|8.3|13.1|||||||||||||||||||||"25942722"|"77518749"
"BC"||"BC"||||74|||94|||||0|0|0|0|3|5|82|94|98|60|86|96|44|66|78|22|35|43||65.1|||4.3|||13.9|||17.3|||19.3|||10.3|||18.9||||||||12|16|20||||0|0.5|1||||1.2|1.3|1.4||||1.27|1.37|1.43||4|9|14|0.08|0.13|0.18||||11.8|17.3|21|4.8|8.5|11.9|32|44|51|0|1.5|2.9|22|27|33|7|10|13|0|0|2|".24"|".24"|0|0|0|0|0|0|0|0|0|0|0|0||||2.2|3.4|4.6||||4.5|5.3|6||||||||||0.8|3.8|6.9|||||||||||||||||||||"25942722"|"77518750"
"C"||"C"||||94|||203|||||0|0|0|0|5|12|78|92|98|51|82|96|35|63|80|16|31|44||67.9|||4.5|||14.5|||18|||20.2|||10.7|||19.6||||||||5|12.5|20||||0|0.25|0.5||||1.2|1.3|1.4||||1.27|1.37|1.43||4|9|14|0.05|0.11|0.17||||6.8|14.8|20.5|1.7|6.3|11.3|28|42|51|0|1.5|2.9|16|24|32|2|8|13|0|0|2|".28"|".28"|0|0|0|0|0|0|0|0|0|0|0|0||||0.9|2.8|4.6||||4.5|5.3|6||||||||||0|3.7|7.5|||||||||||||||||||||"25942722"|"77518751"
"A"||"A"||||0|||13|||||0|0|0|0|1|1|90|94|98|69|85|96|60|78|93|47|61|74||33.5|||3|||4.2|||5.8|||10.5|||10|||36.5||||||||25|30|35||||0.5|1|2||||1.3|1.4|1.5||||1.37|1.47|1.54||4|9|14|0.12|0.14|0.16||||24.1|29.3|33.8|12.3|17.2|22.5|33|40|47|0|1.5|2.9|34|40|47|17|21|24|4|10|17|".24"|".24"|0|0|0|0|0|0|0|0|0|0|0|0||||4.3|9.1|13.9||||4.5|5.3|6||||||||||5.9|12.3|19.6|||||||||||||||||||||"25942722"|"77518752"
"C"||"C"||||94|||203|||||0|0|0|0|5|11|77|92|100|49|83|100|34|63|84|15|32|46||67.9|||4.5|||14.5|||18|||20.2|||10.7|||19.6||||||||5|12.5|20||||0|0.25|0.5||||1.2|1.3|1.4|||||1.37|||4|9|14|0.05|0.11|0.17||||6.7|14.8|20.9|1.7|6.3|11.5|27|42|52|0|1.5|2.9|16|24|32|2|8|13|0|0|2|".28"|".28"|0|0|0|0|0|0|0|0|0|0|0|0|0.5|1.8|3.1|0.4|1.4|2.3||||4.5|5.3|6||||||||||0|2.4|5.4|||||||||||||||||||||"25942628"|"77518514"
"Ap"||"A"||||0|||13|||||0|0|0|0|1|1|90|95|100|75|86|100|65|78|96|50|62|77||33.5|||3|||4.2|||5.8|||10.5|||10|||36.5||||||||25|30|35||||0|1|2||||1.3|1.4|1.5|||||1.47|||4|9|14|0.12|0.14|0.16||||24.8|29.4|34.6|12.3|17.2|23|34|40|48|0|1.5|2.9|33|40|47|17|21|24|4|10|18|".24"|".24"|0|0|0|0|0|0|0|0|0|0|0|0|2.5|5.2|9|1.9|3.9|6||||4.5|5.3|6||||||||||3|7.7|12.5|||||||||||||||||||||"25942628"|"77518515"
"Bt"||"B"||||13|||74|||||0|0|0|0|1|1|90|95|100|76|87|100|60|76|95|32|44|59||55.8|||1.3|||8.2|||14.8|||20.2|||11.3|||17.7||||||||18|26.5|35||||0|0.5|1||||1.3|1.4|1.5|||||1.47|||4|9|14|0.15|0.17|0.18||||17.1|22.5|27.9|9|14.9|21.8|35|41|48|0|1.5|2.9|27|36|45|12|18|25|0|3|12|".20"|".20"|0|0|0|0|0|0|0|0|0|0|0|0|1.8|3.8|5.8|1.4|2.8|4.3||||4.5|5.3|6||||||||||1.8|5.6|9.6|||||||||||||||||||||"25942628"|"77518516"
"BC"||"BC"||||74|||94|||||0|0|0|0|3|4|82|94|100|59|86|100|43|67|81|22|35|45||65.1|||4.3|||13.9|||17.3|||19.3|||10.3|||18.9||||||||12|16|20||||0|0.5|1||||1.2|1.3|1.4|||||1.37|||4|9|14|0.08|0.13|0.18||||11.7|17.3|21.4|4.7|8.5|12.1|32|44|52|0|1.5|2.9|22|27|33|7|10|13|0|0|2|".24"|".24"|0|0|0|0|0|0|0|0|0|0|0|0|1.2|2.7|4.2|0.9|2|3.2||||4.5|5.3|6||||||||||0.7|3.7|6.9|||||||||||||||||||||"25942628"|"77518517"
"A"||"A"||||0|||13|||||0|0|0|0|1|1|90|95|100|75|86|100|65|78|96|50|62|77||33.5|||3|||4.2|||5.8|||10.5|||10|||36.5||||||||25|30|35||||2|4|6||||1.3|1.4|1.5|||||1.47|||4|9|14|0.12|0.14|0.16||||26.2|31.3|37|14.5|20.5|27.7|32|38|46|0|1.5|2.9|37|47|56|17|20|24|5|11|20|".17"|".17"|0|0|0|0|0|0|0|0|0|0|0|0|7|12|17|5.2|9|12.8||||4.5|5.3|6||||||||||8.8|16.5|24.3|||||||||||||||||||||"25942629"|"77518518"
"Bt"||"B"||||13|||68|||||0|1|1|0|5|10|71|84|92|37|62|76|29|54|72|16|31|45||55.8|||1.3|||8.2|||14.8|||20.2|||11.3|||17.7||||||||18|26.5|35||||0|0.5|1||||1.3|1.45|1.6|||||1.54|||4|9|14|0.12|0.15|0.18||||9.6|17.6|24.1|5.2|11.9|19.2|18|30|41|0|1.5|2.9|27|36|45|12|18|25|0|1|6|".10"|".20"|0|0|0|0|0|0|0|0|0|0|0|0|1.8|3.8|5.8|1.4|2.8|4.3||||3.5|4.8|6||||||||||1.8|6.2|10.8|||||||||||||||||||||"25942629"|"77518519"
"Cr"||"C"||||68|||203|||||||||||||||||||||||||||0|||||||||||||||||||||||||||||0|0|0||||||||||||||0|7|14|0|0.01|0.01|||||||||||||||||||||||||||||||||||||||||||||||||||||||||||||||||||||||||||||||||"High"||"25942629"|"77518520"
"Ap"||"A"||||0|||18|||||0|1|1|0|5|9|89|94|100|73|85|100|56|76|95|40|57|72||40|||3.6|||5|||6.9|||12.5|||12|||30||||||||18|30|35||||0|1|2||||1.3|1.4|1.5|||||1.47|||4|9|14|0.12|0.15|0.18|||||21.9|||14.9|||39||0|1.5|2.9|27|37|47|12|18|24|0|3|11|".24"|".24"|0|0|0|0|0|0|0|0|0|0|0|0|4.5|9.8|13.2|3.4|7.3|9.9||||4.5|5.5|6.5||||||||||1.8|8.6|13.8|||||||||||||||||||||"25942727"|"77518765"
"Bt"||"B"||||18|||53|||||0|0|0|1|7|10|94|96|100|83|90|100|60|79|90|34|50|58||50|||1.4|||8.1|||13.8|||17.5|||9.2|||18||||||||18|32|35||||0|0.5|1||||1.3|1.4|1.5|||||1.47|||4|9|14|0.11|0.14|0.17|||||22.1|||14.7|||40||0|1.5|2.9|27|36|45|12|18|25|0|7|22|".20"|".20"|0|0|0|0|0|0|0|0|0|0|0|0|4.5|9.1|11|3.4|6.8|8.2||||4.5|5.5|6.5||||||||||1.8|7.9|11.7|||||||||||||||||||||"25942727"|"77518766"
"C"||"C"||||53|||203|||||0|0|0|0|3|4|78|93|100|52|82|100|35|63|87|16|33|50||65.9|||4.3|||14.1|||17.5|||19.6|||10.4|||19.1||||||||5|15|25||||0|0.25|0.5||||1.3|1.4|1.5|||||1.47|||4|9|14|0.08|0.1|0.12|||||16.6|||8.1|||39||0|1.5|2.9|16|26|36|2|10|17|0|0|5|".24"|".24"|0|0|0|0|0|0|0|0|0|0|0|0|1.2|4.3|7.4|0.9|3.2|5.5||||4.5|5.5|6.5||||||||||0|3.8|8.6|||||||||||||||||||||"25942727"|"77518767"
"Ap"||"A"||||0|||20|||||0|1|1|0|5|9|89|94|100|73|85|100|56|76|95|40|57|72||40|||3.6|||5|||6.9|||12.5|||12|||30||||||||18|30|35||||0|1|2||||1.3|1.4|1.5|||||1.47|||4|9|14|0.12|0.15|0.18|||||21.9|||14.9|||39||0|1.5|2.9|27|37|47|12|18|24|0|3|11|".24"|".24"|0|0|0|0|0|0|0|0|0|0|0|0|4.5|9.8|13.2|3.4|7.3|9.9||||4.5|5.5|6.5||||||||||1.8|8.6|13.8|||||||||||||||||||||"25942728"|"77518768"
"Bt"||"B"||||20|||86|||||0|0|0|0|0|0|74|85|100|73|84|100|53|73|90|30|47|58||50|||1.4|||8.1|||13.8|||17.5|||9.2|||18||||||||18|32|35||||0|0.5|1||||1.2|1.3|1.4|||||1.37|||4|9|14|0.11|0.14|0.17|||||21.6|||13.8|||44||0|1.5|2.9|27|36|45|12|18|25|0|2|10|".20"|".20"|0|0|0|0|0|0|0|0|0|0|0|0|4.5|9.1|11|3.4|6.8|8.2||||4.5|5.4|6||||||||||3.6|9.6|13.1|||||||||||||||||||||"25942728"|"77518769"
"Cr"||"C"||||86|||203|||||||||||||||||||||||||||0|||||||||||||||||||||||||||||0|0|0||||||||||||||0|7|14|0|0.1|0.1||||||||||||||||||||||||||||||||||||||||||||||||4.5|5.4|6|||||||||||||||||||||||||||||||"High"||"25942728"|"77518770"
"Ap"||"A"||||0|||20|||||0|1|1|0|5|9|89|94|100|73|85|100|56|76|95|40|57|72||40|||3.6|||5|||6.9|||12.5|||12|||30||||||||18|30|35||||0|1|2||||1.3|1.4|1.5|||||1.47|||4|9|14|0.12|0.15|0.18|||||21.9|||14.9|||39||0|1.5|2.9|27|37|47|12|18|24|0|3|11|".24"|".24"|0|0|0|0|0|0|0|0|0|0|0|0|4.5|9.8|13.2|3.4|7.3|9.9||||4.5|5.5|6.5||||||||||1.8|8.6|13.8|||||||||||||||||||||"25942723"|"77518753"
"Bt"||"B"||||20|||86|||||0|0|0|0|0|0|74|85|100|73|84|100|53|73|90|30|47|58||50|||1.4|||8.1|||13.8|||17.5|||9.2|||18||||||||18|32|35||||0|0.5|1||||1.2|1.3|1.4|||||1.37|||4|9|14|0.11|0.14|0.17|||||21.6|||13.8|||44||0|1.5|2.9|27|36|45|12|18|25|0|2|10|".20"|".20"|0|0|0|0|0|0|0|0|0|0|0|0|4.5|9.1|11|3.4|6.8|8.2||||4.5|5.4|6||||||||||3.6|9.6|13.1|||||||||||||||||||||"25942723"|"77518754"
"Cr"||"C"||||86|||203|||||||||||||||||||||||||||0|||||||||||||||||||||||||||||0|0|0||||||||||||||0|7|14|0|0.1|0.1||||||||||||||||||||||||||||||||||||||||||||||||4.5|5.4|6|||||||||||||||||||||||||||||||"High"||"25942723"|"77518755"
"Ap"||"A"||||0|||18|||||0|1|1|0|5|9|89|94|100|73|85|100|56|76|95|40|57|72||40|||3.6|||5|||6.9|||12.5|||12|||30||||||||18|30|35||||0|1|2||||1.3|1.4|1.5|||||1.47|||4|9|14|0.12|0.15|0.18|||||21.9|||14.9|||39||0|1.5|2.9|27|37|47|12|18|24|0|3|11|".24"|".24"|0|0|0|0|0|0|0|0|0|0|0|0|4.5|9.8|13.2|3.4|7.3|9.9||||4.5|5.5|6.5||||||||||1.8|8.6|13.8|||||||||||||||||||||"25942724"|"77518756"
"Bt"||"B"||||18|||53|||||0|0|0|1|7|10|94|96|100|83|90|100|60|79|90|34|50|58||50|||1.4|||8.1|||13.8|||17.5|||9.2|||18||||||||18|32|35||||0|0.5|1||||1.3|1.4|1.5|||||1.47|||4|9|14|0.11|0.14|0.17|||||22.1|||14.7|||40||0|1.5|2.9|27|36|45|12|18|25|0|7|22|".20"|".20"|0|0|0|0|0|0|0|0|0|0|0|0|4.5|9.1|11|3.4|6.8|8.2||||4.5|5.5|6.5||||||||||1.8|7.9|11.7|||||||||||||||||||||"25942724"|"77518757"
"C"||"C"||||53|||203|||||0|0|0|0|3|4|78|93|100|52|82|100|35|63|87|16|33|50||65.9|||4.3|||14.1|||17.5|||19.6|||10.4|||19.1||||||||5|15|25||||0|0.25|0.5||||1.3|1.4|1.5|||||1.47|||4|9|14|0.08|0.1|0.12|||||16.6|||8.1|||39||0|1.5|2.9|16|26|36|2|10|17|0|0|5|".24"|".24"|0|0|0|0|0|0|0|0|0|0|0|0|1.2|4.3|7.4|0.9|3.2|5.5||||4.5|5.5|6.5||||||||||0|3.8|8.6|||||||||||||||||||||"25942724"|"77518758"
"Ap"||"A"||||0|||20|||||0|1|1|0|5|9|89|94|100|73|85|100|56|76|95|40|57|72||40|||3.6|||5|||6.9|||12.5|||12|||30||||||||18|30|35||||0|1|2||||1.3|1.4|1.5|||||1.47|||4|9|14|0.12|0.15|0.18|||||21.9|||14.9|||39||0|1.5|2.9|27|37|47|12|18|24|0|3|11|".24"|".24"|0|0|0|0|0|0|0|0|0|0|0|0|4.5|9.8|13.2|3.4|7.3|9.9||||4.5|5.5|6.5||||||||||1.8|8.6|13.8|||||||||||||||||||||"25942725"|"77518759"
"Bt"||"B"||||20|||86|||||0|0|0|0|0|0|74|85|100|73|84|100|53|73|90|30|47|58||50|||1.4|||8.1|||13.8|||17.5|||9.2|||18||||||||18|32|35||||0|0.5|1||||1.2|1.3|1.4|||||1.37|||4|9|14|0.11|0.14|0.17|||||21.6|||13.8|||44||0|1.5|2.9|27|36|45|12|18|25|0|2|10|".20"|".20"|0|0|0|0|0|0|0|0|0|0|0|0|4.5|9.1|11|3.4|6.8|8.2||||4.5|5.4|6||||||||||3.6|9.6|13.1|||||||||||||||||||||"25942725"|"77518760"
"Cr"||"C"||||86|||203|||||||||||||||||||||||||||0|||||||||||||||||||||||||||||0|0|0||||||||||||||0|7|14|0|0.1|0.1||||||||||||||||||||||||||||||||||||||||||||||||4.5|5.4|6|||||||||||||||||||||||||||||||"High"||"25942725"|"77518761"
"Ap"||"A"||||0|||18|||||0|1|1|0|5|9|89|94|100|73|85|100|56|76|95|40|57|72||40|||3.6|||5|||6.9|||12.5|||12|||30||||||||18|30|35||||0|1|2||||1.3|1.4|1.5|||||1.47|||4|9|14|0.12|0.15|0.18|||||21.9|||14.9|||39||0|1.5|2.9|27|37|47|12|18|24|0|3|11|".24"|".24"|0|0|0|0|0|0|0|0|0|0|0|0|4.5|9.8|13.2|3.4|7.3|9.9||||4.5|5.5|6.5||||||||||1.8|8.6|13.8|||||||||||||||||||||"25942726"|"77518762"
"Bt"||"B"||||18|||53|||||0|0|0|1|7|10|94|96|100|83|90|100|60|79|90|34|50|58||50|||1.4|||8.1|||13.8|||17.5|||9.2|||18||||||||18|32|35||||0|0.5|1||||1.3|1.4|1.5|||||1.47|||4|9|14|0.11|0.14|0.17|||||22.1|||14.7|||40||0|1.5|2.9|27|36|45|12|18|25|0|7|22|".20"|".20"|0|0|0|0|0|0|0|0|0|0|0|0|4.5|9.1|11|3.4|6.8|8.2||||4.5|5.5|6.5||||||||||1.8|7.9|11.7|||||||||||||||||||||"25942726"|"77518763"
"C"||"C"||||53|||203|||||0|0|0|0|3|4|78|93|100|52|82|100|35|63|87|16|33|50||65.9|||4.3|||14.1|||17.5|||19.6|||10.4|||19.1||||||||5|15|25||||0|0.25|0.5||||1.3|1.4|1.5|||||1.47|||4|9|14|0.08|0.1|0.12|||||16.6|||8.1|||39||0|1.5|2.9|16|26|36|2|10|17|0|0|5|".24"|".24"|0|0|0|0|0|0|0|0|0|0|0|0|1.2|4.3|7.4|0.9|3.2|5.5||||4.5|5.5|6.5||||||||||0|3.8|8.6|||||||||||||||||||||"25942726"|"77518764"
"Ap"||"A"||||0|||18|||||0|1|1|0|5|9|89|94|100|73|85|100|56|76|95|40|57|72||40|||3.6|||5|||6.9|||12.5|||12|||30||||||||18|30|35||||0|1|2||||1.3|1.4|1.5|||||1.47|||4|9|14|0.12|0.15|0.18|||||21.9|||14.9|||39||0|1.5|2.9|27|37|47|12|18|24|0|3|11|".24"|".24"|0|0|0|0|0|0|0|0|0|0|0|0|4.5|9.8|13.2|3.4|7.3|9.9||||4.5|5.5|6.5||||||||||1.8|8.6|13.8|||||||||||||||||||||"25942736"|"77518783"
"Bt"||"B"||||18|||53|||||0|0|0|1|7|10|94|96|100|83|90|100|60|79|90|34|50|58||50|||1.4|||8.1|||13.8|||17.5|||9.2|||18||||||||18|32|35||||0|0.5|1||||1.3|1.4|1.5|||||1.47|||4|9|14|0.11|0.14|0.17|||||22.1|||14.7|||40||0|1.5|2.9|27|36|45|12|18|25|0|7|22|".20"|".20"|0|0|0|0|0|0|0|0|0|0|0|0|4.5|9.1|11|3.4|6.8|8.2||||4.5|5.5|6.5||||||||||1.8|7.9|11.7|||||||||||||||||||||"25942736"|"77518784"
"C"||"C"||||53|||203|||||0|0|0|0|3|4|78|93|100|52|82|100|35|63|87|16|33|50||65.9|||4.3|||14.1|||17.5|||19.6|||10.4|||19.1||||||||5|15|25||||0|0.25|0.5||||1.3|1.4|1.5|||||1.47|||4|9|14|0.08|0.1|0.12|||||16.6|||8.1|||39||0|1.5|2.9|16|26|36|2|10|17|0|0|5|".24"|".24"|0|0|0|0|0|0|0|0|0|0|0|0|1.2|4.3|7.4|0.9|3.2|5.5||||4.5|5.5|6.5||||||||||0|3.8|8.6|||||||||||||||||||||"25942736"|"77518785"
"Ap"||"A"||||0|||20|||||0|1|1|0|5|9|89|94|100|73|85|100|56|76|95|40|57|72||40|||3.6|||5|||6.9|||12.5|||12|||30||||||||18|30|35||||0|1|2||||1.3|1.4|1.5|||||1.47|||4|9|14|0.12|0.15|0.18|||||21.9|||14.9|||39||0|1.5|2.9|27|37|47|12|18|24|0|3|11|".24"|".24"|0|0|0|0|0|0|0|0|0|0|0|0|4.5|9.8|13.2|3.4|7.3|9.9||||4.5|5.5|6.5||||||||||1.8|8.6|13.8|||||||||||||||||||||"25942737"|"77518786"
"Bt"||"B"||||20|||86|||||0|0|0|0|0|0|74|85|100|73|84|100|53|73|90|30|47|58||50|||1.4|||8.1|||13.8|||17.5|||9.2|||18||||||||18|32|35||||0|0.5|1||||1.2|1.3|1.4|||||1.37|||4|9|14|0.11|0.14|0.17|||||21.6|||13.8|||44||0|1.5|2.9|27|36|45|12|18|25|0|2|10|".20"|".20"|0|0|0|0|0|0|0|0|0|0|0|0|4.5|9.1|11|3.4|6.8|8.2||||4.5|5.4|6||||||||||3.6|9.6|13.1|||||||||||||||||||||"25942737"|"77518787"
"Cr"||"C"||||86|||203|||||||||||||||||||||||||||0|||||||||||||||||||||||||||||0|0|0||||||||||||||0|7|14|0|0.1|0.1||||||||||||||||||||||||||||||||||||||||||||||||4.5|5.4|6|||||||||||||||||||||||||||||||"High"||"25942737"|"77518788"
"Ap"||"A"||||0|||18|||||0|1|1|0|5|9|89|94|100|73|85|100|56|76|95|40|57|72||40|||3.6|||5|||6.9|||12.5|||12|||30||||||||18|30|35||||0|1|2||||1.3|1.4|1.5|||||1.47|||4|9|14|0.12|0.15|0.18|||||21.9|||14.9|||39||0|1.5|2.9|27|37|47|12|18|24|0|3|11|".24"|".24"|0|0|0|0|0|0|0|0|0|0|0|0|4.5|9.8|13.2|3.4|7.3|9.9||||4.5|5.5|6.5||||||||||1.8|8.6|13.8|||||||||||||||||||||"25942733"|"77518777"
"Bt"||"B"||||18|||53|||||0|0|0|1|7|10|94|96|100|83|90|100|60|79|90|34|50|58||50|||1.4|||8.1|||13.8|||17.5|||9.2|||18||||||||18|32|35||||0|0.5|1||||1.3|1.4|1.5|||||1.47|||4|9|14|0.11|0.14|0.17|||||22.1|||14.7|||40||0|1.5|2.9|27|36|45|12|18|25|0|7|22|".20"|".20"|0|0|0|0|0|0|0|0|0|0|0|0|4.5|9.1|11|3.4|6.8|8.2||||4.5|5.5|6.5||||||||||1.8|7.9|11.7|||||||||||||||||||||"25942733"|"77518778"
"C"||"C"||||53|||203|||||0|0|0|0|3|4|78|93|100|52|82|100|35|63|87|16|33|50||65.9|||4.3|||14.1|||17.5|||19.6|||10.4|||19.1||||||||5|15|25||||0|0.25|0.5||||1.3|1.4|1.5|||||1.47|||4|9|14|0.08|0.1|0.12|||||16.6|||8.1|||39||0|1.5|2.9|16|26|36|2|10|17|0|0|5|".24"|".24"|0|0|0|0|0|0|0|0|0|0|0|0|1.2|4.3|7.4|0.9|3.2|5.5||||4.5|5.5|6.5||||||||||0|3.8|8.6|||||||||||||||||||||"25942733"|"77518779"
"Ap"||"A"||||0|||20|||||0|1|1|0|5|9|89|94|100|73|85|100|56|76|95|40|57|72||40|||3.6|||5|||6.9|||12.5|||12|||30||||||||18|30|35||||0|1|2||||1.3|1.4|1.5|||||1.47|||4|9|14|0.12|0.15|0.18|||||21.9|||14.9|||39||0|1.5|2.9|27|37|47|12|18|24|0|3|11|".24"|".24"|0|0|0|0|0|0|0|0|0|0|0|0|4.5|9.8|13.2|3.4|7.3|9.9||||4.5|5.5|6.5||||||||||1.8|8.6|13.8|||||||||||||||||||||"25942734"|"77518780"
"Bt"||"B"||||20|||86|||||0|0|0|0|0|0|74|85|100|73|84|100|53|73|90|30|47|58||50|||1.4|||8.1|||13.8|||17.5|||9.2|||18||||||||18|32|35||||0|0.5|1||||1.2|1.3|1.4|||||1.37|||4|9|14|0.11|0.14|0.17|||||21.6|||13.8|||44||0|1.5|2.9|27|36|45|12|18|25|0|2|10|".20"|".20"|0|0|0|0|0|0|0|0|0|0|0|0|4.5|9.1|11|3.4|6.8|8.2||||4.5|5.4|6||||||||||3.6|9.6|13.1|||||||||||||||||||||"25942734"|"77518781"
"Cr"||"C"||||86|||203|||||||||||||||||||||||||||0|||||||||||||||||||||||||||||0|0|0||||||||||||||0|7|14|0|0.1|0.1||||||||||||||||||||||||||||||||||||||||||||||||4.5|5.4|6|||||||||||||||||||||||||||||||"High"||"25942734"|"77518782"
"Ap"||"A"||||0|||18|||||0|1|1|0|5|9|89|94|100|73|85|100|56|76|95|40|57|72||40|||3.6|||5|||6.9|||12.5|||12|||30||||||||18|30|35||||0|1|2||||1.3|1.4|1.5|||||1.47|||4|9|14|0.12|0.15|0.18|||||21.9|||14.9|||39||0|1.5|2.9|27|37|47|12|18|24|0|3|11|".24"|".24"|0|0|0|0|0|0|0|0|0|0|0|0|4.5|9.8|13.2|3.4|7.3|9.9||||4.5|5.5|6.5||||||||||1.8|8.6|13.8|||||||||||||||||||||"25942730"|"77518771"
"Bt"||"B"||||18|||53|||||0|0|0|1|7|10|94|96|100|83|90|100|60|79|90|34|50|58||50|||1.4|||8.1|||13.8|||17.5|||9.2|||18||||||||18|32|35||||0|0.5|1||||1.3|1.4|1.5|||||1.47|||4|9|14|0.11|0.14|0.17|||||22.1|||14.7|||40||0|1.5|2.9|27|36|45|12|18|25|0|7|22|".20"|".20"|0|0|0|0|0|0|0|0|0|0|0|0|4.5|9.1|11|3.4|6.8|8.2||||4.5|5.5|6.5||||||||||1.8|7.9|11.7|||||||||||||||||||||"25942730"|"77518772"
"C"||"C"||||53|||203|||||0|0|0|0|3|4|78|93|100|52|82|100|35|63|87|16|33|50||65.9|||4.3|||14.1|||17.5|||19.6|||10.4|||19.1||||||||5|15|25||||0|0.25|0.5||||1.3|1.4|1.5|||||1.47|||4|9|14|0.08|0.1|0.12|||||16.6|||8.1|||39||0|1.5|2.9|16|26|36|2|10|17|0|0|5|".24"|".24"|0|0|0|0|0|0|0|0|0|0|0|0|1.2|4.3|7.4|0.9|3.2|5.5||||4.5|5.5|6.5||||||||||0|3.8|8.6|||||||||||||||||||||"25942730"|"77518773"
"Ap"||"A"||||0|||20|||||0|1|1|0|5|9|89|94|100|73|85|100|56|76|95|40|57|72||40|||3.6|||5|||6.9|||12.5|||12|||30||||||||18|30|35||||0|1|2||||1.3|1.4|1.5|||||1.47|||4|9|14|0.12|0.15|0.18|||||21.9|||14.9|||39||0|1.5|2.9|27|37|47|12|18|24|0|3|11|".24"|".24"|0|0|0|0|0|0|0|0|0|0|0|0|4.5|9.8|13.2|3.4|7.3|9.9||||4.5|5.5|6.5||||||||||1.8|8.6|13.8|||||||||||||||||||||"25942731"|"77518774"
"Bt"||"B"||||20|||86|||||0|0|0|0|0|0|74|85|100|73|84|100|53|73|90|30|47|58||50|||1.4|||8.1|||13.8|||17.5|||9.2|||18||||||||18|32|35||||0|0.5|1||||1.2|1.3|1.4|||||1.37|||4|9|14|0.11|0.14|0.17|||||21.6|||13.8|||44||0|1.5|2.9|27|36|45|12|18|25|0|2|10|".20"|".20"|0|0|0|0|0|0|0|0|0|0|0|0|4.5|9.1|11|3.4|6.8|8.2||||4.5|5.4|6||||||||||3.6|9.6|13.1|||||||||||||||||||||"25942731"|"77518775"
"Cr"||"C"||||86|||203|||||||||||||||||||||||||||0|||||||||||||||||||||||||||||0|0|0||||||||||||||0|7|14|0|0.1|0.1||||||||||||||||||||||||||||||||||||||||||||||||4.5|5.4|6|||||||||||||||||||||||||||||||"High"||"25942731"|"77518776"
"A"||"A"||||0|||38|||||0|0|0|0|3|4|90|95|100|71|84|100|61|77|98|48|62|80||32.3|||2.9|||4|||5.5|||10|||9.9|||56.2||||||||5|11.5|18||||8|10|14||||1.3|1.4|1.5|||||1.47|||14|28|42|0.13|0.17|0.2|||||29.2|||16.5|||38||0|1.5|2.9|15|26|37|0|2|4|0|0|1|".37"|".37"|0|0|0|0|0|0|0|0|0|0|0|0|6|11|16|||||||4.5|5.5|6.5||||||||||5|13.3|22.4|||||||||||||||||||||"25942738"|"77518789"
"Cg"||"C"||||38|||71|||||0|0|0|0|7|13|82|87|92|50|62|75|36|49|64|17|25|36||65.7|||4.3|||13.3|||16.5|||19.9|||11.7|||22.8||||||||5|11.5|18||||5|8.5|12||||1.3|1.4|1.5|||||1.48|||14|28|42|0.1|0.13|0.15|||||19.4|||13.7|||31||0|1.5|2.9|15|26|37|0|2|4|0|0|1|".10"|".20"|0|0|0|0|0|0|0|0|0|0|0|0|6|11|16|||||||4.5|5.5|6.5||||||||||3.7|12.6|21.6|||||||||||||||||||||"25942738"|"77518790"
"2Cg"|2|"C"||||71|||203|||||0|11|15|9|33|36|29|39|75|8|29|75|6|22|62|3|11|34||66.9|||4.7|||13.6|||16.7|||20.1|||11.8|||23.1||||||||5|10|15||||0|0.25|0.5||||1.4|1.5|1.6|||||1.68|||42|92|141|0.02|0.04|0.05||5|||3.4|||0.9|||16||0|1.5|2.9|0|16|19|0|1|2|0|0|0|".02"|".24"|0|0|0|0|0|0|0|0|0|0|0|0|1|2.8|4.6|||||||4.5|5.5|6.5||||||||||0|5.2|11.2|||||||||||||||||||||"25942738"|"77518791"
"Ap"||"A"||||0|||30|||||0|0|1|0|3|12|95|96|100|84|91|100|66|80|98|45|58|73||43|||4.2|||5.8|||7.6|||13.3|||12.1|||39.5||||||||8|17.5|27||||4|6|8||||1.4|1.5|1.6|||||1.58|||4|9|14|0.15|0.18|0.2|||||29.3|||17.1|||35||0|1.5|2.9|27|40|53|4|11|18|0|5|14|".28"|".28"|0|0|0|0|0|0|0|0|0|0|0|0|11|17.9|24.8|8.2|13.4|18.6||||5.1|5.8|6.5||||||||||5.8|13.6|21.3|||||||||||||||||||||"25942739"|"77518792"
"Bw"||"B"||||30|||76|||||0|0|0|0|7|12|89|94|100|74|89|100|56|79|100|39|58|79||41.4|||3.9|||5.4|||7.3|||12.9|||11.9|||37.1||||||||8|21.5|35||||0|0.5|1||||1.3|1.4|1.5|||||1.47|||4|9|14|0.12|0.16|0.2|||||24.9|||11.3|||40||0|1.5|2.9|18|32|45|4|14|25|0|1|12|".37"|".37"|0|0|0|0|0|0|0|0|0|0|0|0|2|6.5|11|1.5|4.9|8.2||||5.1|5.8|6.5||||||||||0|5.7|11.6|||||||||||||||||||||"25942739"|"77518793"
"2Cg"|2|"C"||||76|||203|||||0|2|3|9|23|29|58|61|89|8|29|89|6|22|70|1|2|9||95.5|||0.7|||13.1|||37|||37.6|||7.1|||1.5||||||||1|3|5||||0|0.25|0.5||||1.4|1.5|1.6|||||1.74|||42|92|141|0.02|0.04|0.05||3.8|||2.5|||0.7|||12||0|1.5|2.9|8|10|12|0|0|0|0|0|0|".02"|".02"|0|0|0|0|0|0|0|0|0|0|0|0|0.2|1.3|2.4|0.2|1|1.8||||5.1|5.8|6.5||||||||||0|3|7.1|||||||||||||||||||"Very high"||"25942739"|"77518794"
"A"||"A"||||0|||31|||||15|18|23|31|35|39|44|57|66|43|56|65|35|49|65|24|36|53||43.2|||4.1|||5.6|||7.6|||13.5|||12.4|||38.8|||15.8|||19.1||10|18|35||||10|15|20||||0.5|0.75|1|||||0.84|||14|28|42|0.08|0.12|0.16|||||11.7|||6.1|||25||0|1.5|2.9|42|60|77|5|11|16|0|0|5|".05"|".20"|0|0|0|0|0|0|0|0|0|0|0|0||||18.8|28.7|40.3|0.7|1.6|4.2|3.4|3.7|5.5||||2|2.4|2.8|1.13|1.33|1.54|30.5|47.9|63.7|5.7|5.8|6|0.3|0.4|0.5|||||||||||||"Very high"||"25942741"|"77518795"
"Bw1"||"B"||1||31|||64|||||3|6|11|36|41|46|14|34|47|12|32|46|11|29|45|5|15|26||63.7|||4.6|||2.9|||14.1|||25.1|||17|||30.6|||15.4|||17.6||5|5.7|15||||0|0.5|1||||1|1.25|1.5|||||1.48|||14|28|42|0.04|0.05|0.06|||||3.3|||1|||13||0|1.5|2.9|16|18|28|2|3|10|0|0|0|".05"|".28"|0|0|0|0|0|0|0|0|0|0|0|0||||0.9|3.9|4.5||0.5||3.4|4.4|5.5|||||2.2|||||4.6|9.1|13.1||3.5|||0.7||||||||||||||"Very high"||"25942741"|"77518796"
"Bw2"||"B"||2||64|||203|||||19|30|42|29|37|44|19|40|73|18|39|72|11|25|54|7|15|36||64.9|||16.7|||15.3|||12|||12.6|||8.3|||29.5|||10|||12||5|5.6|15||||0|0.5|1||||1|1.25|1.5|||||1.27|||14|28|42|0.03|0.04|0.05|||||0.7|||0.2|||||0|1.5|2.9|16|18|28|2|3|10|0|0|0|".02"|".20"|0|0|0|0|0|0|0|0|0|0|0|0||||0.9|3.3|4.5||0.7||3.4|4.9|5.5|||||5|||||4.6|7.8|13.1||0.6|||0.3||||||||||||||"Very high"||"25942741"|"77518797"
"A"||"A"||||0|||20|||||0|0|0|0|5|9|90|95|100|89|95|100|77|84|98|56|61|74||42|||3.9|||5.5|||7.4|||13.1|||12.1|||37.5|||15.3|||19.5||18|20.5|30||||10|15|20||||0.66|1.21|1.3||||0.68|1.27|1.3||14|28|42|0.17|0.2|0.22||||30|34.7|60.2|20|25.3|32.5||44||0|1.5|2.9|49|62|81|11|13|19|5|8|20|".20"|".20"|0|0|0|0|0|0|0|0|0|0|0|0||||20.2|29.2|39.4|1.2|1.6|2.1|3.5|3.6|5.5|3.2|3.5|3.5|2.3|2.3|3.2|1.12|1.12|1.41|31.7|48.5|62.7|8.8|9.3|9.3|0.4|0.4|0.4|||||||||||||||"25942742"|"77518800"
"Bw1"||"B"||1||20|||109|||||0|0|0|0|8|12|86|91|100|86|91|100|72|80|98|50|57|73||44.7|||4.4|||6|||7.9|||13.8|||12.6|||41.1|||17.3|||21.9||10|14.2|25||||0|0.5|1||||1.28|1.44|1.52||||1.28|1.51|1.55||14|28|42|0.18|0.19|0.2||||22|22.3|29.9|8.3|12.3|16.4||39||0|1.5|2.9|20|26|37|6|9|17|0|2|10|".43"|".43"|0|0|0|0|0|0|0|0|0|0|0|0||||1.9|6.4|6.4|0.2|0.3|0.6|3.5|4.6|5.5|4.1|4.2|4.3|2|2.3|3.2|0.76|0.83|1.42|5.5|10.5|14.4|2.8|3.4|5.3|0.4|0.5|0.9|||||||||||||||"25942742"|"77518798"
"Bw2"||"B"||2||109|||203|||||0|0|14|25|28|40|28|62|67|26|61|66|19|47|55|9|24|30||68.4|||5.1|||13.9|||17|||20.4|||12|||23.5|||13.4|||12.6||5|8.1|15||||0|0.5|1||||1.3|1.38|1.45|||||1.52|||14|28|42|0.07|0.08|0.09|||||6.9|||2.5|||21||0|1.5|2.9|16|21|28|2|4|10|0|0|0|".10"|".28"|0|0|0|0|0|0|0|0|0|0|0|0||||0.9|4.1|4.5||0.3||3.5|4.9|5.5|4|4.4|4.5||2.7|||0.62||4.6|8.4|12.9||1.2|||0.3||||||||||||||"High"||"25942742"|"77518799"
"BCg"||"BC"||||81|||203|||||0|0|0|0|0|0|95|96|100|84|91|100|61|78|100|28|43|61||60.2|||4.2|||5.8|||14.4|||22.2|||13.6|||18.3||||||||8|21.5|35||||0|0.5|1||||1.2|1.33|1.45||||1.26|1.39|1.46||1.4|2.7|4|0.12|0.16|0.2||||12.4|20.7|27.3|4.1|12|20.7|39|45|52|0|1.5|2.9|18|32|45|4|14|25|0|2|12|".28"|".28"|0|0|0|0|0|0|0|0|0|0|0|0|4.1|11.4|18.6|||||||4.5|5.9|7.3||||||||||0|4.9|10.8|||||||||||||||||||||"25942633"|"77518529"
"Ap"||"A"||||0|||20|||||0|0|0|0|0|0|94|96|100|87|92|100|68|81|100|47|59|76||43|||4.2|||5.8|||7.6|||13.3|||12.1|||39.5||||||||8|17.5|30||||4|6|10||||1.2|1.33|1.45||||1.26|1.39|1.45||4|9|14|0.15|0.2|0.24||||23.5|29.7|36.9|8.7|16.1|27.7|36|42|49|0|1.5|2.9|27|40|60|4|11|20|0|5|18|".28"|".28"|0|0|0|0|0|0|0|0|0|0|0|0|4.5|9.7|16.7|||||||4.5|5.9|7.3||||||||||1.7|8.1|16.3|||||||||||||||||||||"25942633"|"77518530"
"Btg"||"B"||||20|||81|||||0|0|0|0|0|0|94|96|100|89|92|100|79|86|100|63|69|96||30.3|||2.4|||3|||5.8|||10.5|||8.6|||30.7||||||||35|39|60||||0|0.5|1||||1.2|1.33|1.45||||1.26|1.39|1.45||0.42|0.9|1.4|0.15|0.18|0.2||||30.7|32.9|39.9|18.4|21.4|34.5|40|45|52|0|1.5|2.9|42|47|67|24|27|43|12|17|47|".28"|".28"|0|0|0|0|0|0|0|0|0|0|0|0|17.5|20.5|31.7|||||||4.5|5.9|7.3||||||||||1.8|6.8|13.5|||||||||||||||||||"Moderate"|"Moist"|"25942633"|"77518528"
"Ap"||"A"||||0|||20|||||0|0|0|0|0|0|94|96|100|87|92|100|68|81|100|47|59|76||43|||4.2|||5.8|||7.6|||13.3|||12.1|||39.5||||||||8|17.5|30||||8|10|15||||1.2|1.33|1.45||||1.26|1.39|1.45||4|9|14|0.15|0.2|0.24||||27.4|32.5|39.5|13.5|20.8|33.5|34|40|46|0|1.5|2.9|36|49|70|4|11|20|0|6|20|".28"|".28"|0|0|0|0|0|0|0|0|0|0|0|0|4.5|9.7|16.7|||||||4.5|5.9|7.3||||||||||4.3|10.7|19.5|||||||||||||||||||||"25942634"|"77518531"
"BCg"||"BC"||||81|||203|||||0|0|0|0|0|0|95|96|100|84|91|100|61|78|100|28|43|61||60.2|||4.2|||5.8|||14.4|||22.2|||13.6|||18.3||||||||8|21.5|35||||0|0.5|1||||1.2|1.33|1.45||||1.26|1.39|1.46||1.4|2.7|4|0.12|0.16|0.2||||12.4|20.7|27.3|4.1|12|20.7|39|45|52|0|1.5|2.9|18|32|45|4|14|25|0|2|12|".28"|".28"|0|0|0|0|0|0|0|0|0|0|0|0|4.1|11.4|18.6|||||||4.5|5.9|7.3||||||||||0|4.9|10.8|||||||||||||||||||||"25942634"|"77518533"
"Btg"||"B"||||20|||81|||||0|0|0|0|0|0|94|96|100|89|92|100|79|86|100|63|69|96||30.3|||2.4|||3|||5.8|||10.5|||8.6|||30.7||||||||35|39|60||||0|0.5|1||||1.2|1.33|1.45||||1.26|1.39|1.45||0.42|0.9|1.4|0.15|0.18|0.2||||30.7|32.9|39.9|18.4|21.4|34.5|40|45|52|0|1.5|2.9|42|47|67|24|27|43|12|17|47|".28"|".28"|0|0|0|0|0|0|0|0|0|0|0|0|17.5|20.5|31.7|||||||4.5|5.9|7.3||||||||||1.8|6.8|13.5|||||||||||||||||||"Moderate"|"Moist"|"25942634"|"77518532"
"A"||"A"||||0|||66|||||0|0|0|0|0|0|98|98|100|93|94|100|72|83|98|50|60|74||43.3|||4.2|||5.8|||7.7|||13.4|||12.2|||39.7||||||||7|17|27||||8|12|18||||1.3|1.4|1.5||||1.37|1.47|1.53||4|9|14|0.15|0.18|0.2||||28.4|34.2|39|14.2|24.4|37.6|32|36|41|0|1.5|2.9|35|49|62|3|11|18|0|6|16|".28"|".28"|0|0|0|0|0|0|0|0|0|0|0|0|19.8|26.8|33.8|14.8|20.1|25.3||||5.1|5.5|6.5||||||||||11.8|21.9|29.8|||||||||||||||||||||"25942743"|"77518801"
"Cg"||"C"||||66|||203|||||0|0|0|5|9|12|95|97|100|81|90|100|52|69|89|21|34|51||67.2|||4.1|||14.7|||18.6|||20|||9.8|||15.3||||||||5|17.5|30||||0.5|1.25|2||||1.45|1.55|1.65||||1.53|1.63|1.71||14|78|141|0.05|0.1|0.15|12|17.7|33.9|8.8|16.2|30.7|3.4|12.1|22.5|28|34|41|0|1.5|2.9|20|30|40|0|7.5|15|0|2|14|".15"|".15"|0|0|0|0|0|0|0|0|0|0|0|0|2.4|7.2|12|1.8|5.4|9||||5.1|5.5|6.5||||||||||0.1|7.8|12.5|||||||||||||||||||||"25942743"|"77518802"
"Ap"||"A"||||0|||25|||||0|0|0|0|3|4|95|97|100|72|85|100|61|74|91|43|53|66||44.3|||4.3|||5.9|||7.9|||13.7|||12.5|||40.7||||||||12|15|18||||4|6|8||||1.45|1.55|1.65||||1.53|1.63|1.71||14|28|42|0.1|0.13|0.15||||22.8|28.3|34.4|10.7|16.1|22.7|25|31|39|0|1.5|2.9|31|38|46|7|9|12|0|3|8|".24"|".24"|0|0|0|0|0|0|0|0|0|0|0|0|12|17.2|22.5|9|12.9|16.9||||5.1|6.2|7.3||||||||||2.3|11.2|20.2|||||||||||||||||||||"25942744"|"77518803"
"Bw"||"B"||||25|||79|||||0|0|0|0|3|4|95|97|100|72|85|100|60|75|94|42|54|69||43|||4.2|||5.8|||7.6|||13.3|||12.1|||39.5||||||||12|17.5|23||||0|0.5|1||||1.45|1.55|1.65||||1.53|1.63|1.71||14|28|42|0.1|0.13|0.15||||18.6|24.2|30.2|6|10.3|15.7|28|35|43|0|1.5|2.9|22|29|35|7|11|16|0|3|9|".37"|".37"|0|0|0|0|0|0|0|0|0|0|0|0|3|5.5|8|2.2|4.1|6||||5.1|6.2|7.3||||||||||0|3.2|10.1|||||||||||||||||||||"25942744"|"77518804"
"C"||"C"||||79|||89|||||0|0|0|0|3|4|95|97|100|82|90|100|63|72|84|16|22|28||83|||1.1|||12|||26.2|||31.6|||12.1|||9||||||||4|8|12||||0|0.25|0.5||||1.6|1.68|1.75||||1.68|1.76|1.84||42|92|141|0.06|0.08|0.1|14.9|19.7|24.1|9.8|14.8|19.5|2.6|5.9|9.9|28|32|37|0|1.5|2.9|12|17|23|0|2|4|0|0|0|".17"|".17"|0|0|0|0|0|0|0|0|0|0|0|0|1|2.6|4.1|0.8|1.9|3.1||||5.1|6.2|7.3||||||||||0|1.6|8|||||||||||||||||||||"25942744"|"77518805"
"Cg"||"C"||||89|||203|||||0|0|0|0|3|4|95|97|100|72|85|100|61|74|91|43|53|66||44.3|||4.3|||5.9|||7.9|||13.7|||12.5|||40.7||||||||12|15|18||||0|0.25|0.5||||1.45|1.55|1.65||||1.53|1.63|1.71||14|28|42|0.1|0.13|0.15||||18.6|22.7|27.4|6|8.6|11.9|29|35|43|0|1.5|2.9|22|26|30|7|10|12|0|2|5|".43"|".43"|0|0|0|0|0|0|0|0|0|0|0|0|3|4.3|5.6|2.2|3.2|4.2||||5.1|6.2|7.3||||||||||0|2.5|8.7|||||||||||||||||||||"25942744"|"77518806"
"A"||"A"||||0|||15|||||0|0|5|1|8|16|84|92|99|84|91|99|68|80|93|47|57|68||45.3|||4.5|||6.1|||8.1|||13.9|||12.7|||43.2||||||||5|11.5|18||||2|4|6||||1|1.2|1.4||||1.06|1.26|1.46||14|28|42|0.12|0.15|0.18||||16.1|23.8|29.7|3.8|9.3|15.2|34|46|57|0|1.5|2.9|20|31|42|2|7|12|0|2|7|".28"|".28"|0|0|0|0|0|0|0|0|0|0|0|0||||4.3|8.9|13.5||||3.6|4.8|6||||||||||5.8|15|24.2|||||||||||||||||||||"25942745"|"77518807"
"C"||"C"||||91|||114|||||0|0|8|0|8|21|82|92|99|81|91|99|66|80|93|46|57|68||44.8|||4.4|||6|||8|||13.8|||12.6|||41.2||||||||8|14|20||||0|0.25|0.5||||1.4|1.53|1.65||||1.48|1.61|1.68||4|9|14|0.1|0.13|0.15||||14|22.3|28|3.4|8|12.8|25|36|44|0|1.5|2.9|18|25|32|4|9|13|0|2|6|".49"|".49"|0|0|0|0|0|0|0|0|0|0|0|0||||1.5|3|4.6||||3.6|4.8|6||||||||||0.8|4.6|8.6|||||||||||||||||||||"25942745"|"77518808"
"Bt"||"B"||||15|||91|||||0|0|4|0|6|14|87|93|99|87|93|99|71|84|98|52|64|76||37.9|||3.4|||4.8|||6.6|||11.9|||11.2|||35.6||||||||18|26.5|35||||0|0.5|1||||1.35|1.48|1.6||||1.42|1.55|1.62||4|9|14|0.12|0.15|0.18||||21.4|28.2|33.7|8.6|15|21.8|30|38|46|0|1.5|2.9|27|36|45|12|18|25|3|9|18|".32"|".32"|0|0|0|0|0|0|0|0|0|0|0|0||||3.4|5.8|8.2||||3.6|4.8|6||||||||||3.6|8.9|14.2|||||||||||||||||||||"25942745"|"77518810"
"Cr"||"C"||||114|||203|||||||||||||||||||||||||||0|||||||||||||||||||||||||||||||||||||||||||||1.4|2.7|4|0|0|0.1|||||||||||||||||||||||||||||||||||||||||||||||||||||||||||||||||||||||||||||||||"Very high"|"Moist"|"25942745"|"77518809"
"Bt"||"B"||||13|||53|||||0|0|4|0|6|18|81|93|99|81|93|99|63|81|94|34|47|59||55.8|||1.3|||8.2|||14.8|||20.2|||11.3|||17.7||||||||18|26.5|35||||0|0.5|1||||1.3|1.48|1.65||||1.37|1.55|1.72||4|9|14|0.12|0.15|0.18||||15.5|23|28.3|8.4|15.8|22.8|27|38|48|0|1.5|2.9|27|36|45|12|18|25|0|4|12|".20"|".20"|0|0|0|0|0|0|0|0|0|0|0|0||||3.4|5.8|8.2||||3.6|4.8|6||||||||||3.6|8.9|14.2|||||||||||||||||||||"25942746"|"77518811"
"C/B"||"C/B"||||53|||91|||||4|12|12|11|17|23|80|90|91|80|90|91|73|84|88|31|37|40||68.1|||0|||2.4|||14.7|||34.1|||16.9|||14.4||||||||15|17.5|20||||0|0.25|0.5||||1.35|1.5|1.65||||1.44|1.59|1.68||14|28|42|0.1|0.13|0.15||||12.8|16.1|20.7|6.6|9.1|12.8|23|31|42|0|1.5|2.9|24|28|32|9|11|13|0|0|1|".15"|".28"|0|0|0|0|0|0|0|0|0|0|0|0||||2.8|3.7|4.6||||3.6|4.8|6||||||||||2.7|5.6|8.6|||||||||||||||||||||"25942746"|"77518812"
"A"||"A"||||0|||13|||||0|1|8|0|13|29|74|87|99|74|86|99|63|79|97|27|37|49||67.5|||0.3|||4.7|||15|||29.3|||18.2|||21||||||||5|11.5|18||||2|4|6||||1.35|1.48|1.6||||1.44|1.57|1.66||14|28|42|0.1|0.13|0.15||||9.5|18.5|26.7|3.7|11|19.9|21|32|44|0|1.5|2.9|20|31|42|2|7|12|0|0|2|".15"|".20"|0|0|0|0|0|0|0|0|0|0|0|0||||4.3|8.9|13.5||||3.6|4.8|6||||||||||5.8|15|24.2|||||||||||||||||||||"25942746"|"77518813"
"Cr"||"C"||||91|||203|||||||||||||||||||||||||||0|||||||||||||||||||||||||||||||||||||||||||||1.4|2.7|4|0|0|0.01|||||||||||||||||||||||||||||||||||||||||||||||||||||||||||||||||||||||||||||||||"Very high"|"Moist"|"25942746"|"77518814"
"Oe"||"O"|||0|0|0|1|3|3||3||0|0|0|0|0|0||||||||||||||||||||||||||||||||||||||||||||||48|60|84||||0.1|0.15|0.2|||||||1.8|42|92|141|0.03|0.05|0.08||||50|55|70|12|20|30||||||||||||||||||0|0|0|0|0|0|0|0|0|0|0|0||||10|40|75||||3.8|4.2|4.6|3|3.4|3.8||||||||||||||||||||||||||||||"25942805"|"77519016"
"Cr"||"C"|||102|132|152|203|203|203||71|||||||||||||||||||||||||||||||||||||||||||||||||||||||||||||||||||||0.0001|7|14|0|0|0.01|||||||||||||||||||||||||||||||||||||||||||||||||||||||||||||||||||||||||||||||||||"25942805"|"77519017"
"A"||"A"|||1|3|3|6|13|28||10||0|0|5|13|15|21|77|82|86|76|82|85|66|74|79|28|34|38|35|43|51|0|0|0|0|0|0|24|29|34|7|9|11|4|5|6|33|40|49|||||||8|17|21|0|0|0|2|4|6||||1.32|1.38|1.45||||1.35|1.41|1.48|2.59|42|91|141|0.17|0.19|0.21||||16.2|24|27.4|5|11.8|16.2|30|36|39|0.3|0.6|0.9|23|35|43|4|10|14|0|0|1|".20"|".20"|0|0|0|0|0|0|0|0|0|0|0|0||||1|2.4|4|0.7|1.5|3.6|3.6|4.8|6||||||||||3.1|9.7|16|||||||||||||||||||||"25942805"|"77519018"
"BA"||"BA"|||6|13|28|18|28|37||15||0|0|6|0|4|10|92|96|99|92|95|99|80|86|92|34|39|44|17|33|56|0|0|0|0|0|0|9|17|29|7|13|31|2|3|31|25|52|67|||||||5|15|25|0|0|0|1|2|3||||1.32|1.39|1.46||||1.35|1.42|1.49|2.59|14|28|42|0.15|0.17|0.19||||16.4|25.3|31.3|3.6|10.4|17.6|36|42|46|0.1|0.6|1.2|18|29|40|2|10|17|0|0|3|".37"|".37"|0|0|0|0|0|0|0|0|0|0|0|0||||0.7|2.3|4.8|0.7|1.1|4.8|3.6|4.8|6||||||||||1.1|6.6|12.9|||||||||||||||||||||"25942805"|"77519019"
"BC"||"BC"|||49|81|97|81|99|125||18||0|0|5|12|14|19|78|83|87|78|83|86|67|75|81|29|34|38|28|42|61|0|0|0|0|0|0|7|10|15|21|31|45|1|1|31|21|41|60|||||||5|17|25|0|0|0|0|0.5|1||||1.49|1.52|1.54||||1.52|1.55|1.59|2.64|4|9|14|0.13|0.15|0.17||||12.1|21.7|26|2.2|9|14|28|33|35|0.1|0.6|1.2|16|28|36|2|11|17|0|0|1|".32"|".32"|0|0|0|0|0|0|0|0|0|0|0|0||||0.7|2.4|4.7|0.7|1.3|4.2|3.6|4.8|6||||||||||0|4.8|9.9|||||||||||||||||||||"25942805"|"77519020"
"Bt"||"B"|||18|28|37|49|81|97||53||0|0|5|8|15|20|78|83|91|77|82|91|67|74|86|50|56|66|12|32|53|0|0|0|0|0|0|5|12|20|5|13|22|3|7|12|18|38|61|||||||21|30|34|0|0|0|0|0.5|1||||1.43|1.54|1.64||||1.5|1.61|1.66|2.64|4|9|14|0.14|0.16|0.18||||20.2|26.3|31.2|9.5|16|20.9|25|32|39|0.4|1.2|2|30|39|44|14|20|24|3|8|13|".28"|".28"|0|0|0|0|0|0|0|0|0|0|0|0||||1.9|3.7|6|1.3|1.5|4.2|3.6|4.8|6||||||||||2.6|7.4|12.1|||||||||||||||||||||"25942805"|"77519021"
"C"||"C"|||81|99|125|102|132|152||33||0|0|5|8|15|20|77|82|91|77|82|91|71|79|89|42|48|55|41|51|63|0|0|0|0|0|0|23|29|36|12|15|19|6|7|9|23|36|48|||||||6|13|18|0|0|0|0|0.2|0.5||||1.43|1.48|1.54||||1.45|1.5|1.56|2.65|14|28|42|0.12|0.14|0.16||||12.7|19.2|24.3|2.5|6.4|10.2|28|34|39|0.2|0.4|0.8|17|23|29|3|8|12|0|0|3|".20"|".37"|0|0|0|0|0|0|0|0|0|0|0|0||||0.8|1.9|3.5|0.8|1|3.5|3.6|4.8|6||||||||||0|3.5|7.4|||||||||||||||||||||"25942805"|"77519022"
"Cr"||"C"|||79|81|102|203|203|203||122|||||||||||||||||||||||||||||||||||||||||||||||||||||||||||||||||||||0.0001|7|14|0|0.01|0.01|||||||||||||||||||||||||||||||||||||||||||||||||||||||||||||||||||||||||||||||||||"25942806"|"77519023"
"Oe"||"O"|||0|0|0|2|3|5||3||0|0|0|0|0|0||||||||||||||||||||||||||||||||||||||||||||||48|60|84||||0.1|0.15|0.2|||||||1.8|42|92|141|0.03|0.05|0.08||||50|55|70|12|20|30||||||||||||||||||0|0|0|0|0|0|0|0|0|0|0|0||||10|40|75||||3.8|4.2|4.6|3|3.4|3.8||||||||||||||||||||||||||||||"25942806"|"77519024"
"A"||"A"|||2|3|5|6|10|15||7||0|0|6|0|4|10|92|96|99|92|95|99|80|86|92|34|39|44|65|69|72|0|1|1|4|5|5|14|15|16|29|30|31|18|18|19|16|19|24|||||||8|12|15|0|0|0|2|4|6||||1.43|1.44|1.45||||1.45|1.46|1.47|2.59|14|28|42|0.14|0.16|0.18||||15.3|21.2|25.3|6.9|12.6|17.7|36|40|42|0.2|0.4|0.7|23|31|38|4|7|9|0|0|1|".24"|".24"|0|0|0|0|0|0|0|0|0|0|0|0||||0.9|1.6|2.6|0.7|1.2|2.6|3.6|4.8|6||||||||||3.1|8.5|14|||||||||||||||||||||"25942806"|"77519025"
"BA"||"BA"|||6|10|15|18|25|33||15||0|0|6|0|4|10|92|96|99|92|95|99|80|86|92|34|39|44|34|50|57|0|0|0|0|0|0|11|18|21|19|31|35|1|1|1|29|36|52|||||||10|14|17|0|0|0|1|2|3||||1.37|1.42|1.48||||1.39|1.44|1.5|2.59|14|28|42|0.16|0.18|0.2||||19.7|25.1|28.6|6.1|10.1|13.6|35|41|45|0.3|0.5|0.8|23|28|33|6|8|11|0|0|1|".28"|".28"|0|0|0|0|0|0|0|0|0|0|0|0||||1.2|2|3.4|0.7|0.9|3.4|3.6|4.8|6||||||||||2.1|6.2|10.7|||||||||||||||||||||"25942806"|"77519026"
"BC"||"BC"|||39|56|68|52|69|77||13||0|0|5|12|14|19|78|83|87|78|83|86|67|75|81|29|34|38|33|50|57|0|0|0|0|0|0|11|18|21|19|31|35|1|1|1|29|36|53|||||||10|14|17|0|0|0|0|0.5|1||||1.37|1.48|1.58||||1.4|1.51|1.61|2.64|4|9|14|0.13|0.15|0.17||||15.5|20.3|22.9|4.3|7.3|9.7|28|34|39|0.3|0.5|0.8|20|25|29|6|9|11|0|0|0|".32"|".32"|0|0|0|0|0|0|0|0|0|0|0|0||||1.2|2|3.4|1.2|1.2|3.3|3.6|4.8|6||||||||||0.7|4.1|7.9|||||||||||||||||||||"25942806"|"77519027"
"C"||"C"|||52|69|77|79|81|102||12||0|0|5|8|15|20|77|82|91|77|82|91|71|79|89|42|48|55|41|51|63|0|0|0|0|0|0|23|29|36|12|15|19|6|7|9|23|36|48|||||||6|13|18|0|0|0|0|0.2|0.5||||1.43|1.48|1.54||||1.45|1.5|1.56|2.65|14|28|42|0.12|0.14|0.16||||12.7|19.2|24.3|2.5|6.4|10.2|28|34|39|0.2|0.4|0.8|17|23|29|3|8|12|0|0|3|".20"|".37"|0|0|0|0|0|0|0|0|0|0|0|0||||0.8|1.9|3.5|0.8|1|3.5|3.6|4.8|6||||||||||0|3.5|7.4|||||||||||||||||||||"25942806"|"77519028"
"Bt"||"B"|||18|25|33|39|56|68||31||0|0|5|0|4|14|86|96|99|86|96|99|70|84|90|40|49|55|43|52|59|0|0|0|3|4|5|24|29|33|12|14|16|4|5|6|15|21|31|||||||20|27|31|0|0|0|0|0.5|1||||1.47|1.56|1.65||||1.52|1.61|1.7|2.64|4|9|14|0.15|0.17|0.19||||17.6|24.6|27.7|10.4|17.5|21.5|28|37|42|0.4|1|1.5|29|36|41|13|18|21|1|5|8|".20"|".20"|0|0|0|0|0|0|0|0|0|0|0|0||||1.8|3|4.8|1.2|1.3|4|3.6|4.8|6||||||||||2.4|6.4|10.7|||||||||||||||||||||"25942806"|"77519029"
"Oe"||"O"|||0|0|0|1|3|3||3||0|0|0|0|0|0||||||||||||||||||||||||||||||||||||||||||||||48|60|84||||0.1|0.15|0.2|||||||1.8|42|92|141|0.03|0.05|0.08||||50|55|70|12|20|30||||||||||||||||||0|0|0|0|0|0|0|0|0|0|0|0||||10|40|75||||3.8|4.2|4.6|3|3.4|3.8||||||||||||||||||||||||||||||"25942801"|"77518988"
"Cr"||"C"|||102|132|152|203|203|203||71|||||||||||||||||||||||||||||||||||||||||||||||||||||||||||||||||||||0.0001|7|14|0|0|0.01|||||||||||||||||||||||||||||||||||||||||||||||||||||||||||||||||||||||||||||||||||"25942801"|"77518989"
"A"||"A"|||1|3|3|6|13|28||10||0|0|5|13|15|21|77|82|86|76|82|85|66|74|79|28|34|38|35|43|51|0|0|0|0|0|0|24|29|34|7|9|11|4|5|6|33|40|49|||||||8|17|21|0|0|0|2|4|6||||1.32|1.38|1.45||||1.35|1.41|1.48|2.59|42|91|141|0.17|0.19|0.21||||16.2|24|27.4|5|11.8|16.2|30|36|39|0.3|0.6|0.9|23|31|38|4|7|9|0|0|0|".20"|".20"|0|0|0|0|0|0|0|0|0|0|0|0||||1|2.4|4|0.7|1.5|3.6|3.6|4.8|6||||||||||3.1|9.7|16|||||||||||||||||||||"25942801"|"77518990"
"BA"||"BA"|||6|13|28|18|28|37||15||0|0|6|0|4|10|92|96|99|92|95|99|80|86|92|34|39|44|17|33|56|0|0|0|0|0|0|9|17|29|7|13|31|2|3|31|25|52|67|||||||5|15|25|0|0|0|1|2|3||||1.32|1.39|1.46||||1.35|1.42|1.49|2.59|14|28|42|0.15|0.17|0.19||||16.4|25.3|31.3|3.6|10.4|17.6|36|42|46|0.1|0.6|1.2|23|31|38|4|7|9|0|0|1|".37"|".37"|0|0|0|0|0|0|0|0|0|0|0|0||||0.7|2.3|4.8|0.7|1.1|4.8|3.6|4.8|6||||||||||1.1|6.6|12.9|||||||||||||||||||||"25942801"|"77518991"
"BC"||"BC"|||49|81|97|81|99|125||18||0|0|5|12|14|19|78|83|87|78|83|86|67|75|81|29|34|38|28|42|61|0|0|0|0|0|0|7|10|15|21|31|45|1|1|31|21|41|60|||||||5|17|25|0|0|0|0|0.5|1||||1.49|1.52|1.54||||1.52|1.55|1.59|2.64|4|9|14|0.13|0.15|0.17||||12.1|21.7|26|2.2|9|14|28|33|35|0.1|0.6|1.2|19|23|27|4|6|9|0|0|0|".32"|".32"|0|0|0|0|0|0|0|0|0|0|0|0||||0.7|2.4|4.7|0.7|1.3|4.2|3.6|4.8|6||||||||||0|4.8|9.9|||||||||||||||||||||"25942801"|"77518992"
"Bt"||"B"|||18|28|37|49|81|97||53||0|0|5|8|15|20|78|83|91|77|82|91|67|74|86|50|56|66|12|32|53|0|0|0|0|0|0|5|12|20|5|13|22|3|7|12|18|38|61|||||||21|30|34|0|0|0|0|0.5|1||||1.43|1.54|1.64||||1.5|1.61|1.66|2.64|4|9|14|0.14|0.16|0.18||||20.2|26.3|31.2|9.5|16|20.9|25|32|39|0.4|1.2|2|32|37|42|16|19|22|4|7|12|".28"|".28"|0|0|0|0|0|0|0|0|0|0|0|0||||1.9|3.7|6|1.3|1.5|4.2|3.6|4.8|6||||||||||2.6|7.4|12.1|||||||||||||||||||||"25942801"|"77518993"
"C"||"C"|||81|99|125|102|132|152||33||0|0|5|8|15|20|77|82|91|77|82|91|71|79|89|42|48|55|41|51|63|0|0|0|0|0|0|23|29|36|12|15|19|6|7|9|23|36|48|||||||6|13|18|0|0|0|0|0.2|0.5||||1.43|1.48|1.54||||1.45|1.5|1.56|2.65|14|28|42|0.12|0.14|0.16||||12.7|19.2|24.3|2.5|6.4|10.2|28|34|39|0.2|0.4|0.8|20|24|27|6|8|10|0|0|2|".20"|".37"|0|0|0|0|0|0|0|0|0|0|0|0||||0.8|1.9|3.5|0.8|1|3.5|3.6|4.8|6||||||||||0|3.5|7.4|||||||||||||||||||||"25942801"|"77518994"
"Cr"||"C"|||79|81|102|203|203|203||122|||||||||||||||||||||||||||||||||||||||||||||||||||||||||||||||||||||0.0001|7|14|0|0.01|0.01|||||||||||||||||||||||||||||||||||||||||||||||||||||||||||||||||||||||||||||||||||"25942802"|"77518995"
"Oe"||"O"|||0|0|0|2|3|5||3||0|0|0|0|0|0||||||||||||||||||||||||||||||||||||||||||||||48|60|84||||0.1|0.15|0.2|||||||1.8|42|92|141|0.03|0.05|0.08||||50|55|70|12|20|30||||||||||||||||||0|0|0|0|0|0|0|0|0|0|0|0||||10|40|75||||3.8|4.2|4.6|3|3.4|3.8||||||||||||||||||||||||||||||"25942802"|"77518996"
"A"||"A"|||2|3|5|6|10|15||7||0|0|6|0|4|10|92|96|99|92|95|99|80|86|92|34|39|44|65|69|72|0|1|1|4|5|5|14|15|16|29|30|31|18|18|19|16|19|24|||||||8|12|15|0|0|0|2|4|6||||1.43|1.44|1.45||||1.45|1.46|1.47|2.59|14|28|42|0.14|0.16|0.18||||15.3|21.2|25.3|6.9|12.6|17.7|36|40|42|0.2|0.4|0.7|23|31|38|4|7|9|0|0|1|".24"|".24"|0|0|0|0|0|0|0|0|0|0|0|0||||0.9|1.6|2.6|0.7|1.2|2.6|3.6|4.8|6||||||||||3.1|8.5|14|||||||||||||||||||||"25942802"|"77518997"
"BC"||"BC"|||39|56|68|52|69|77||13||0|0|5|12|14|19|78|83|87|78|83|86|67|75|81|29|34|38|33|50|57|0|0|0|0|0|0|11|18|21|19|31|35|1|1|1|29|36|53|||||||10|14|17|0|0|0|0|0.5|1||||1.37|1.48|1.58||||1.4|1.51|1.61|2.64|4|9|14|0.13|0.15|0.17||||15.5|20.3|22.9|4.3|7.3|9.7|28|34|39|0.3|0.5|0.8|19|23|27|4|6|9|0|0|0|".32"|".32"|0|0|0|0|0|0|0|0|0|0|0|0||||1.2|2|3.4|1.2|1.2|3.3|3.6|4.8|6||||||||||0.7|4.1|7.9|||||||||||||||||||||"25942802"|"77518998"
"C"||"C"|||52|69|77|79|81|102||12||0|0|5|8|15|20|77|82|91|77|82|91|71|79|89|42|48|55|41|51|63|0|0|0|0|0|0|23|29|36|12|15|19|6|7|9|23|36|48|||||||6|13|18|0|0|0|0|0.2|0.5||||1.43|1.48|1.54||||1.45|1.5|1.56|2.65|14|28|42|0.12|0.14|0.16||||12.7|19.2|24.3|2.5|6.4|10.2|28|34|39|0.2|0.4|0.8|20|24|27|6|8|10|0|0|2|".20"|".37"|0|0|0|0|0|0|0|0|0|0|0|0||||0.8|1.9|3.5|0.8|1|3.5|3.6|4.8|6||||||||||0|3.5|7.4|||||||||||||||||||||"25942802"|"77518999"
"BA"||"BA"|||6|10|15|18|25|33||15||0|0|6|0|4|10|92|96|99|92|95|99|80|86|92|34|39|44|34|50|57|0|0|0|0|0|0|11|18|21|19|31|35|1|1|1|29|36|52|||||||10|14|17|0|0|0|1|2|3||||1.37|1.42|1.48||||1.39|1.44|1.5|2.59|14|28|42|0.16|0.18|0.2||||19.7|25.1|28.6|6.1|10.1|13.6|35|41|45|0.3|0.5|0.8|23|31|38|4|7|9|0|0|1|".28"|".28"|0|0|0|0|0|0|0|0|0|0|0|0||||1.2|2|3.4|0.7|0.9|3.4|3.6|4.8|6||||||||||2.1|6.2|10.7|||||||||||||||||||||"25942802"|"77519000"
"Bt"||"B"|||18|25|33|39|56|68||31||0|0|5|0|4|14|86|96|99|86|96|99|70|84|90|40|49|55|43|52|59|0|0|0|3|4|5|24|29|33|12|14|16|4|5|6|15|21|31|||||||20|27|31|0|0|0|0|0.5|1||||1.47|1.56|1.65||||1.52|1.61|1.7|2.64|4|9|14|0.15|0.17|0.19||||17.6|24.6|27.7|10.4|17.5|21.5|28|37|42|0.4|1|1.5|29|36|41|13|18|21|2|5|8|".20"|".20"|0|0|0|0|0|0|0|0|0|0|0|0||||1.8|3|4.8|1.2|1.3|4|3.6|4.8|6||||||||||2.4|6.4|10.7|||||||||||||||||||||"25942802"|"77519001"
"C"||"C"|||81|99|125|102|132|152||33||0|0|5|8|15|20|77|82|91|77|82|91|71|79|89|42|48|55|41|51|63|0|0|0|0|0|0|23|29|36|12|15|19|6|7|9|23|36|48|||||||6|13|18|0|0|0|0|0.2|0.5||||1.43|1.48|1.54||||1.45|1.5|1.56|2.65|14|28|42|0.12|0.14|0.16||||12.7|19.2|24.3|2.5|6.4|10.2|28|34|39|0.2|0.4|0.8|20|24|27|6|8|10|0|0|2|".20"|".37"|0|0|0|0|0|0|0|0|0|0|0|0||||0.8|1.9|3.5|0.8|1|3.5|3.6|4.8|6||||||||||0|3.5|7.4|||||||||||||||||||||"25942803"|"77519002"
"Oe"||"O"|||0|0|0|1|3|3||3||0|0|0|0|0|0||||||||||||||||||||||||||||||||||||||||||||||48|60|84||||0.1|0.15|0.2|||||||1.8|42|92|141|0.03|0.05|0.08||||50|55|70|12|20|30||||||||||||||||||0|0|0|0|0|0|0|0|0|0|0|0||||10|40|75||||3.8|4.2|4.6|3|3.4|3.8||||||||||||||||||||||||||||||"25942803"|"77519003"
"A"||"A"|||1|3|3|6|13|28||10||0|0|5|13|15|21|77|82|86|76|82|85|66|74|79|28|34|38|35|43|51|0|0|0|0|0|0|24|29|34|7|9|11|4|5|6|33|40|49|||||||8|17|21|0|0|0|2|4|6||||1.32|1.38|1.45||||1.35|1.41|1.48|2.59|42|91|141|0.17|0.19|0.21||||16.2|24|27.4|5|11.8|16.2|30|36|39|0.3|0.6|0.9|23|31|38|4|7|9|0|0|0|".20"|".20"|0|0|0|0|0|0|0|0|0|0|0|0||||1|2.4|4|0.7|1.5|3.6|3.6|4.8|6||||||||||3.1|9.7|16|||||||||||||||||||||"25942803"|"77519004"
"Cr"||"C"|||102|132|152|203|203|203||71|||||||||||||||||||||||||||||||||||||||||||||||||||||||||||||||||||||0.0001|7|14|0|0|0.01|||||||||||||||||||||||||||||||||||||||||||||||||||||||||||||||||||||||||||||||||||"25942803"|"77519005"
"Bt"||"B"|||18|28|37|49|81|97||53||0|0|5|8|15|20|78|83|91|77|82|91|67|74|86|50|56|66|12|32|53|0|0|0|0|0|0|5|12|20|5|13|22|3|7|12|18|38|61|||||||21|30|34|0|0|0|0|0.5|1||||1.43|1.54|1.64||||1.5|1.61|1.66|2.64|4|9|14|0.14|0.16|0.18||||20.2|26.3|31.2|9.5|16|20.9|25|32|39|0.4|1.2|2|32|37|42|16|19|22|4|7|12|".28"|".28"|0|0|0|0|0|0|0|0|0|0|0|0||||1.9|3.7|6|1.3|1.5|4.2|3.6|4.8|6||||||||||2.6|7.4|12.1|||||||||||||||||||||"25942803"|"77519006"
"BC"||"BC"|||49|81|97|81|99|125||18||0|0|5|12|14|19|78|83|87|78|83|86|67|75|81|29|34|38|28|42|61|0|0|0|0|0|0|7|10|15|21|31|45|1|1|31|21|41|60|||||||5|17|25|0|0|0|0|0.5|1||||1.49|1.52|1.54||||1.52|1.55|1.59|2.64|4|9|14|0.13|0.15|0.17||||12.1|21.7|26|2.2|9|14|28|33|35|0.1|0.6|1.2|19|23|27|4|6|9|0|0|0|".32"|".32"|0|0|0|0|0|0|0|0|0|0|0|0||||0.7|2.4|4.7|0.7|1.3|4.2|3.6|4.8|6||||||||||0|4.8|9.9|||||||||||||||||||||"25942803"|"77519007"
"BA"||"BA"|||6|13|28|18|28|37||15||0|0|6|0|4|10|92|96|99|92|95|99|80|86|92|34|39|44|17|33|56|0|0|0|0|0|0|9|17|29|7|13|31|2|3|31|25|52|67|||||||5|15|25|0|0|0|1|2|3||||1.32|1.39|1.46||||1.35|1.42|1.49|2.59|14|28|42|0.15|0.17|0.19||||16.4|25.3|31.3|3.6|10.4|17.6|36|42|46|0.1|0.6|1.2|23|31|38|4|7|9|0|0|1|".37"|".37"|0|0|0|0|0|0|0|0|0|0|0|0||||0.7|2.3|4.8|0.7|1.1|4.8|3.6|4.8|6||||||||||1.1|6.6|12.9|||||||||||||||||||||"25942803"|"77519008"
"A"||"A"|||2|3|5|6|10|15||7||0|0|6|0|4|10|92|96|99|92|95|99|80|86|92|34|39|44|65|69|72|0|1|1|4|5|5|14|15|16|29|30|31|18|18|19|16|19|24|||||||8|12|15|0|0|0|2|4|6||||1.43|1.44|1.45||||1.45|1.46|1.47|2.59|14|28|42|0.14|0.16|0.18||||15.3|21.2|25.3|6.9|12.6|17.7|36|40|42|0.2|0.4|0.7|23|31|38|4|7|9|0|0|1|".24"|".24"|0|0|0|0|0|0|0|0|0|0|0|0||||0.9|1.6|2.6|0.7|1.2|2.6|3.6|4.8|6||||||||||3.1|8.5|14|||||||||||||||||||||"25942804"|"77519009"
"Cr"||"C"|||79|81|102|203|203|203||122|||||||||||||||||||||||||||||||||||||||||||||||||||||||||||||||||||||0.0001|7|14|0|0.01|0.01|||||||||||||||||||||||||||||||||||||||||||||||||||||||||||||||||||||||||||||||||||"25942804"|"77519010"
"Oe"||"O"|||0|0|0|2|3|5||3||0|0|0|0|0|0||||||||||||||||||||||||||||||||||||||||||||||48|60|84||||0.1|0.15|0.2|||||||1.8|42|92|141|0.03|0.05|0.08||||50|55|70|12|20|30||||||||||||||||||0|0|0|0|0|0|0|0|0|0|0|0||||10|40|75||||3.8|4.2|4.6|3|3.4|3.8||||||||||||||||||||||||||||||"25942804"|"77519011"
"BA"||"BA"|||6|10|15|18|25|33||15||0|0|6|0|4|10|92|96|99|92|95|99|80|86|92|34|39|44|34|50|57|0|0|0|0|0|0|11|18|21|19|31|35|1|1|1|29|36|52|||||||10|14|17|0|0|0|1|2|3||||1.37|1.42|1.48||||1.39|1.44|1.5|2.59|14|28|42|0.16|0.18|0.2||||19.7|25.1|28.6|6.1|10.1|13.6|35|41|45|0.3|0.5|0.8|23|31|38|4|7|9|0|0|1|".28"|".28"|0|0|0|0|0|0|0|0|0|0|0|0||||1.2|2|3.4|0.7|0.9|3.4|3.6|4.8|6||||||||||2.1|6.2|10.7|||||||||||||||||||||"25942804"|"77519012"
"BC"||"BC"|||39|56|68|52|69|77||13||0|0|5|12|14|19|78|83|87|78|83|86|67|75|81|29|34|38|33|50|57|0|0|0|0|0|0|11|18|21|19|31|35|1|1|1|29|36|53|||||||10|14|17|0|0|0|0|0.5|1||||1.37|1.48|1.58||||1.4|1.51|1.61|2.64|4|9|14|0.13|0.15|0.17||||15.5|20.3|22.9|4.3|7.3|9.7|28|34|39|0.3|0.5|0.8|19|23|27|4|6|9|0|0|0|".32"|".32"|0|0|0|0|0|0|0|0|0|0|0|0||||1.2|2|3.4|1.2|1.2|3.3|3.6|4.8|6||||||||||0.7|4.1|7.9|||||||||||||||||||||"25942804"|"77519013"
"C"||"C"|||52|69|77|79|81|102||12||0|0|5|8|15|20|77|82|91|77|82|91|71|79|89|42|48|55|41|51|63|0|0|0|0|0|0|23|29|36|12|15|19|6|7|9|23|36|48|||||||6|13|18|0|0|0|0|0.2|0.5||||1.43|1.48|1.54||||1.45|1.5|1.56|2.65|14|28|42|0.12|0.14|0.16||||12.7|19.2|24.3|2.5|6.4|10.2|28|34|39|0.2|0.4|0.8|20|24|27|6|8|10|0|0|2|".20"|".37"|0|0|0|0|0|0|0|0|0|0|0|0||||0.8|1.9|3.5|0.8|1|3.5|3.6|4.8|6||||||||||0|3.5|7.4|||||||||||||||||||||"25942804"|"77519014"
"Bt"||"B"|||18|25|33|39|56|68||31||0|0|5|0|4|14|86|96|99|86|96|99|70|84|90|40|49|55|43|52|59|0|0|0|3|4|5|24|29|33|12|14|16|4|5|6|15|21|31|||||||20|27|31|0|0|0|0|0.5|1||||1.47|1.56|1.65||||1.52|1.61|1.7|2.64|4|9|14|0.15|0.17|0.19||||17.6|24.6|27.7|10.4|17.5|21.5|28|37|42|0.4|1|1.5|31|36|41|15|18|21|2|5|8|".24"|".24"|0|0|0|0|0|0|0|0|0|0|0|0||||1.8|3|4.8|1.2|1.3|4|3.6|4.8|6||||||||||2.4|6.4|10.7|||||||||||||||||||||"25942804"|"77519015"
"Ap"||"A"||||0|||30|||||0|0|0|0|1|1|95|96|100|84|91|100|67|80|96|47|58|71||43|||4.2|||5.8|||7.6|||13.3|||12.1|||39.5||||||||10|17.5|25||||4|6|8||||1.2|1.35|1.5|||||1.42|||4|9|14|0.15|0.18|0.2|||||29.4|||16.1|||42||0|1.5|2.9|29|40|52|5|11|17|0|0|8|".28"|".28"|0|0|0|0|0|0|0|0|0|0|0|0|11.5|17.9|24.2|8.6|13.4|18.2||||5.1|5.6|6||||||||||9.6|16.3|23.2|||||||||||||||||||||"25942747"|"77518815"
"Bt"||"B"||||30|||147|||||0|0|0|0|1|1|95|96|100|81|89|100|64|82|100|54|71|92||23.3|||3.2|||3.7|||4.3|||6.5|||5.6|||29.2||||||||35|47.5|60||||0|0.5|1||||1.35|1.4|1.45|||||1.61|||1.4|2.7|4|0.12|0.14|0.16|||||35.9|||24.5|||42||3|4.5|5.9|43|56|68|25|34|44|4|9|18|".20"|".20"|0|0|0|0|0|0|0|0|0|0|0|0||||6.6|9.8|12.9||||4.5|5|5.5||||||||||9|14.6|20.1|||||||||||||||||||||"25942747"|"77518816"
"Cg"||"C"||||147|||231|||||0|0|0|0|7|18|56|69|77|33|61|73|26|53|70|14|31|43||55.4|||1.3|||8.1|||14.7|||20.1|||11.2|||17.6||||||||18|27|35||||0|0.25|0.5||||1.4|1.5|1.6|||||1.6|||1.4|2.7|4|0.14|0.16|0.18|||||17.4|||12|||28||0|1.5|2.9|27|36|44|12|18|25|0|1|5|".10"|".24"|0|0|0|0|0|0|0|0|0|0|0|0||||3.4|5.5|7.4||||4|4.8|5.5||||||||||4.2|8.3|12.3|||||||||||||||||||||"25942747"|"77518817"
"Cg"||"C"||||163|||231|||||0|0|0|0|7|12|56|76|92|41|68|88|34|63|88|27|51|75||30|||2.8|||3.1|||5.7|||10.1|||8.3|||30||||||||30|40|50||||0|0.25|0.5||||1.4|1.5|1.6|||||1.59|||1.4|2.7|4|0.14|0.16|0.18|||||23|||16.7|||31||0|1.5|2.9|37|47|57|21|28|36|1|6|12|".15"|".24"|0|0|0|0|0|0|0|0|0|0|0|0||||5.6|7.9|10.2||||4|4.8|5.5||||||||||7.5|11.9|16.5|||||||||||||||||||||"25942748"|"77518818"
"Ap"||"A"||||0|||38|||||0|1|1|0|1|1|89|94|100|78|88|100|74|87|100|66|78|92||18.1|||0.2|||0.4|||1.2|||5.2|||11.1|||50.9||||||||27|31|35||||4|6|8||||1.2|1.3|1.4|||||1.36|||4|9|14|0.13|0.16|0.18|||||31.7|||21.1|||42||0|1.5|2.9|43|52|60|18|21|24|0|9|23|".24"|".24"|0|0|0|0|0|0|0|0|0|0|0|0|15.8|21.2|26.8|11.8|15.9|20.1||||4.5|5.9|7.3||||||||||10.5|18.5|26.6|||||||||||||||||||||"25942748"|"77518819"
"Btg"||"B"||||38|||163|||||0|0|0|0|1|1|95|96|100|81|89|100|64|82|100|54|71|92||23.3|||3.2|||3.7|||4.3|||6.5|||5.6|||29.2||||||||35|47.5|60||||0|0.5|1||||1.35|1.4|1.45|||||1.61|||1.4|2.7|4|0.12|0.14|0.16|||||35.9|||24.5|||42||3|4.5|5.9|43|56|68|25|34|44|4|9|18|".20"|".20"|0|0|0|0|0|0|0|0|0|0|0|0||||6.6|9.8|12.9||||4.5|5|5.5||||||||||9|14.6|20.1|||||||||||||||||||||"25942748"|"77518820"
"Ap"||"A"||||0|||20|||||0|0|0|0|0|0|94|96|100|87|92|100|68|81|98|47|59|73||43|||4.2|||5.8|||7.6|||13.3|||12.1|||39.5||||||||8|17.5|27||||8|10|12||||1.2|1.33|1.45|||||1.39|||4|9|14|0.15|0.2|0.24|||||32.5|||20.8|||41||0|1.5|2.9|36|49|62|4|11|18|0|5|18|".28"|".28"|0|0|0|0|0|0|0|0|0|0|0|0|20.8|28.6|36.5|15.6|21.5|27.3||||4.5|5.9|7.3||||||||||7.6|14.6|21.6|||||||||||||||||||||"25942749"|"77518821"
"Btg"||"B"||||20|||81|||||0|0|0|0|0|0|94|96|100|89|92|100|79|86|100|63|69|96||30.3|||2.4|||3|||5.8|||10.5|||8.6|||30.7||||||||35|39|60||||0|0.5|1||||1.2|1.33|1.45|||||1.39|||0.42|0.9|1.4|0.15|0.18|0.2|||||34.5|||24.6|||45||0|1.5|2.9|42|54|67|24|34|43|5|16|33|".28"|".28"|0|0|0|0|0|0|0|0|0|0|0|0|12.2|14.8|23.2|9.2|11.1|17.4||||4.5|5.9|7.3||||||||||0.7|5.6|11.8|||||||||||||||||||||"25942749"|"77518822"
"BCg"||"BC"||||81|||203|||||0|0|0|0|0|0|95|96|100|84|91|100|61|78|100|28|43|61||60.2|||4.2|||5.8|||14.4|||22.2|||13.6|||18.3||||||||8|21.5|35||||0|0.5|1||||1.2|1.33|1.45|||||1.39|||1.4|2.7|4|0.12|0.16|0.2|||||20.8|||12|||45||0|1.5|2.9|18|32|45|4|14|25|0|4|18|".28"|".28"|0|0|0|0|0|0|0|0|0|0|0|0|2.8|8.7|14.5|2.1|6.5|10.9||||4.5|5.9|7.3||||||||||0|4.4|10|||||||||||||||||||||"25942749"|"77518823"
"Ap"||"A"||||0|||30|||||0|0|0|0|1|1|95|96|100|84|91|100|67|80|96|47|58|71||43|||4.2|||5.8|||7.6|||13.3|||12.1|||39.5||||||||10|17.5|25||||4|6|8||||1.2|1.35|1.5|||||1.42|||4|9|14|0.15|0.18|0.2|||||29.4|||16.1|||42||0|1.5|2.9|29|40|52|5|11|17|0|0|8|".28"|".28"|0|0|0|0|0|0|0|0|0|0|0|0|11.5|17.9|24.2|8.6|13.4|18.2||||5.1|5.6|6||||||||||9.6|16.3|23.2|||||||||||||||||||||"25942750"|"77518824"
"Bt"||"B"||||30|||147|||||0|0|0|0|1|1|95|96|100|81|89|100|64|82|100|54|71|92||23.3|||3.2|||3.7|||4.3|||6.5|||5.6|||29.2||||||||35|47.5|60||||0|0.5|1||||1.35|1.4|1.45|||||1.61|||1.4|2.7|4|0.12|0.14|0.16|||||35.9|||24.5|||42||3|4.5|5.9|43|56|68|25|34|44|4|9|18|".20"|".20"|0|0|0|0|0|0|0|0|0|0|0|0||||6.6|9.8|12.9||||4.5|5|5.5||||||||||9|14.6|20.1|||||||||||||||||||||"25942750"|"77518825"
"Cg"||"C"||||147|||231|||||0|0|0|0|7|18|56|69|77|33|61|73|26|53|70|14|31|43||55.4|||1.3|||8.1|||14.7|||20.1|||11.2|||17.6||||||||18|27|35||||0|0.25|0.5||||1.4|1.5|1.6|||||1.6|||1.4|2.7|4|0.14|0.16|0.18|||||17.4|||12|||28||0|1.5|2.9|27|36|44|12|18|25|0|1|5|".10"|".24"|0|0|0|0|0|0|0|0|0|0|0|0||||3.4|5.5|7.4||||4|4.8|5.5||||||||||4.2|8.3|12.3|||||||||||||||||||||"25942750"|"77518826"
"Ap"||"A"||||0|||38|||||0|1|1|0|1|1|89|94|100|78|88|100|74|87|100|66|78|92||18.1|||0.2|||0.4|||1.2|||5.2|||11.1|||50.9||||||||27|31|35||||4|6|8||||1.2|1.3|1.4|||||1.36|||4|9|14|0.13|0.16|0.18|||||31.7|||21.1|||42||0|1.5|2.9|43|52|60|18|21|24|0|9|23|".24"|".24"|0|0|0|0|0|0|0|0|0|0|0|0|15.8|21.2|26.8|11.8|15.9|20.1||||4.5|5.9|7.3||||||||||10.5|18.5|26.6|||||||||||||||||||||"25942751"|"77518827"
"Btg"||"B"||||38|||163|||||0|0|0|0|1|1|95|96|100|81|89|100|64|82|100|54|71|92||23.3|||3.2|||3.7|||4.3|||6.5|||5.6|||29.2||||||||35|47.5|60||||0|0.5|1||||1.35|1.4|1.45|||||1.61|||1.4|2.7|4|0.12|0.14|0.16|||||35.9|||24.5|||42||3|4.5|5.9|43|56|68|25|34|44|4|9|18|".20"|".20"|0|0|0|0|0|0|0|0|0|0|0|0||||6.6|9.8|12.9||||4.5|5|5.5||||||||||9|14.6|20.1|||||||||||||||||||||"25942751"|"77518828"
"Cg"||"C"||||163|||231|||||0|0|0|0|7|12|56|76|92|41|68|88|34|63|88|27|51|75||30|||2.8|||3.1|||5.7|||10.1|||8.3|||30||||||||30|40|50||||0|0.25|0.5||||1.4|1.5|1.6|||||1.59|||1.4|2.7|4|0.14|0.16|0.18|||||23|||16.7|||31||0|1.5|2.9|37|47|57|21|28|36|1|6|12|".15"|".24"|0|0|0|0|0|0|0|0|0|0|0|0||||5.6|7.9|10.2||||4|4.8|5.5||||||||||7.5|11.9|16.5|||||||||||||||||||||"25942751"|"77518829"
"Bw"||"B"||||23|||89|||||0|0|0|0|3|4|87|93|100|70|83|100|59|77|100|22|32|46||70.9|||0.1|||3.3|||16.1|||34|||17.4|||16.6||||||||5|12.5|20||||0|0.5|1||||1.35|1.5|1.65|||||1.58|||14|28|42|0.1|0.15|0.19||||9.4|16.6|23.5|2.6|8|14.9|28|36|46|0|1.5|2.9|16|24|33|2|8|13|0|0|6|".28"|".28"|0|0|0|0|0|0|0|0|0|0|0|0|4.1|10.6|16.6|||||||5.1|6.2|7.3||||||||||0|5.7|14.4|||||||||||||||||||||"25942857"|"77519218"
"Ap1"||"A"||1||0|||8|||||0|0|1|0|2|5|83|96|100|63|91|100|54|85|100|20|36|46||70.9|||0.1|||3.3|||16.1|||34|||17.4|||16.6||||||||5|12.5|20||||1|4.5|8||||1|1.2|1.4|||||1.26|||14|28|42|0.12|0.14|0.15||||9.7|20.1|26.6|3|11.2|19.5|32|47|57|0|1.5|2.9|15|22.5|30|0|3.5|7|0|0|1|".17"|".17"|0|0|0|0|0|0|0|0|0|0|0|0|3.5|13.2|23|2.6|9.9|17.2||||4.5|5|5.5||||||||||7.2|18.1|29.1|||||||||||||||||||||"25942857"|"77519219"
"Ap2"||"A"||2||8|||23|||||0|0|0|0|3|4|87|93|100|70|83|100|59|77|100|22|32|46||70.9|||0.1|||3.3|||16.1|||34|||17.4|||16.6||||||||5|12.5|20||||0|0.25|0.5||||1.35|1.48|1.6|||||1.56|||14|28|42|0.13|0.17|0.2||||9.4|16.2|22.8|2.6|7.6|14|29|37|46|0|1.5|2.9|16|24|32|2|8|13|0|0|6|".24"|".24"|0|0|0|0|0|0|0|0|0|0|0|0|4.1|10.3|16.2|||||||4.5|5.9|7.3||||||||||0|7|17|||||||||||||||||||||"25942857"|"77519220"
"C"||"C"||||89|||117|||||0|0|1|0|0|7|73|94|100|41|87|100|35|81|100|13|34|46||70.9|||0.1|||3.3|||16.1|||34|||17.4|||16.6||||||||5|12.5|20||||0|0.25|0.5||||1.4|1.6|1.8|||||1.68|||14|28|42|0.08|0.12|0.16||||6.2|17.5|23.7|1.8|8.6|15.1|15|34|45|0|1.5|2.9|16|24|32|2|8|13|0|0|2|".28"|".28"|0|0|0|0|0|0|0|0|0|0|0|0|4.1|10.3|16.2|||||||5.1|6.2|7.3||||||||||0|5.4|14|||||||||||||||||||||"25942857"|"77519221"
"Cr"||"C"||||117|||203|||||||||||||||||||||||||||0|||||||||||||||||||||||||||||0|0|0||||||||||||||0|7|14|0|0|0.01|||||||||||||||||||||||||||||||||||||||||||||||||||||||||||||||||||||||||||||||||"High"||"25942857"|"77519217"
"Ap2"||"A"||2||5|||23|||||0|0|0|0|3|4|87|93|100|70|83|100|59|77|100|22|32|46||70.9|||0.1|||3.3|||16.1|||34|||17.4|||16.6||||||||5|12.5|20||||0|0.25|0.5||||1.35|1.48|1.6|||||1.56|||14|28|42|0.13|0.17|0.2||||9.4|16.2|22.8|2.6|7.6|14|29|37|46|0|1.5|2.9|16|24|32|2|8|13|0|0|6|".24"|".24"|0|0|0|0|0|0|0|0|0|0|0|0|4.1|10.3|16.2|||||||4.5|5.9|7.3||||||||||0|7|17|||||||||||||||||||||"25942858"|"77519222"
"Ap1"||"A"||1||0|||5|||||0|0|1|0|2|5|83|96|100|63|91|100|54|85|100|20|36|46||70.9|||0.1|||3.3|||16.1|||34|||17.4|||16.6||||||||5|12.5|20||||1|4.5|8||||1|1.2|1.4|||||1.26|||14|28|42|0.12|0.14|0.15||||9.7|20.1|26.6|3|11.2|19.5|32|47|57|0|1.5|2.9|15|22.5|30|0|3.5|7|0|0|1|".17"|".17"|0|0|0|0|0|0|0|0|0|0|0|0|3.5|13.2|23|2.6|9.9|17.2||||4.5|5|5.5||||||||||7.2|18.1|29.1|||||||||||||||||||||"25942858"|"77519223"
"BC"||"BC"||||53|||68|||||0|0|1|0|4|7|73|85|100|41|67|100|35|62|100|13|26|46||70.9|||0.1|||3.3|||16.1|||34|||17.4|||16.6||||||||5|12.5|20||||0|0.5|1||||1.4|1.6|1.8|||||1.7|||14|28|42|0.08|0.1|0.12||||6.2|14.5|24.2|1.8|7.3|15.9|15|28|44|0|1.5|2.9|16|24|33|2|8|13|0|0|2|".15"|".28"|0|0|0|0|0|0|0|0|0|0|0|0|4.1|10.6|16.6|||||||5.1|6.2|7.3||||||||||0|5.7|14.4|||||||||||||||||||||"25942858"|"77519225"
"Bw"||"B"||||23|||53|||||0|0|0|0|3|4|87|93|100|70|83|100|56|73|95|38|51|69||45.7|||4.5|||6.1|||8.1|||14.1|||12.9|||41.8||||||||5|12.5|20||||0|0.5|1||||1.35|1.48|1.6|||||1.56|||14|28|42|0.1|0.13|0.16||||13.2|21.1|28.4|2.3|7.1|13.2|29|37|46|0|1.5|2.9|16|24|33|2|8|13|0|1|7|".43"|".43"|0|0|0|0|0|0|0|0|0|0|0|0|4.1|10.6|16.6|||||||5.1|6.2|7.3||||||||||0|5.7|14.4|||||||||||||||||||||"25942858"|"77519226"
"Cr"||"C"||||68|||203|||||||||||||||||||||||||||0|||||||||||||||||||||||||||||0|0|0||||||||||||||0|7|14|0|0|0.01|||||||||||||||||||||||||||||||||||||||||||||||||||||||||||||||||||||||||||||||||"High"||"25942858"|"77519224"
"Bw"||"B"||||23|||89|||||0|0|0|0|3|4|87|93|100|70|83|100|59|77|100|22|32|46||70.9|||0.1|||3.3|||16.1|||34|||17.4|||16.6||||||||5|12.5|20||||0|0.5|1||||1.35|1.5|1.65|||||1.58|||14|28|42|0.1|0.15|0.19||||9.4|16.6|23.5|2.6|8|14.9|28|36|46|0|1.5|2.9|16|24|33|2|8|13|0|0|6|".28"|".28"|0|0|0|0|0|0|0|0|0|0|0|0|4.1|10.6|16.6|||||||5.1|6.2|7.3||||||||||0|5.7|14.4|||||||||||||||||||||"25942859"|"77519228"
"Ap1"||"A"||1||0|||5|||||0|0|1|0|2|5|83|96|100|63|91|100|54|85|100|20|36|46||70.9|||0.1|||3.3|||16.1|||34|||17.4|||16.6||||||||5|12.5|20||||1|4.5|8||||1|1.2|1.4|||||1.26|||14|28|42|0.12|0.14|0.15||||9.7|20.1|26.6|3|11.2|19.5|32|47|57|0|1.5|2.9|15|22.5|30|0|3.5|7|0|0|1|".17"|".17"|0|0|0|0|0|0|0|0|0|0|0|0|3.5|13.2|23|2.6|9.9|17.2||||4.5|5|5.5||||||||||7.2|18.1|29.1|||||||||||||||||||||"25942859"|"77519229"
"Ap2"||"A"||2||5|||23|||||0|0|0|0|3|4|87|93|100|70|83|100|59|77|100|22|32|46||70.9|||0.1|||3.3|||16.1|||34|||17.4|||16.6||||||||5|12.5|20||||0|0.25|0.5||||1.35|1.48|1.6|||||1.56|||14|28|42|0.13|0.17|0.2||||9.4|16.2|22.8|2.6|7.6|14|29|37|46|0|1.5|2.9|16|24|32|2|8|13|0|0|6|".24"|".24"|0|0|0|0|0|0|0|0|0|0|0|0|4.1|10.3|16.2|||||||4.5|5.9|7.3||||||||||0|7|17|||||||||||||||||||||"25942859"|"77519230"
"C"||"C"||||89|||117|||||0|0|1|0|0|7|73|94|100|41|87|100|35|81|100|13|34|46||70.9|||0.1|||3.3|||16.1|||34|||17.4|||16.6||||||||5|12.5|20||||0|0.25|0.5||||1.4|1.6|1.8|||||1.68|||14|28|42|0.08|0.12|0.16||||6.2|17.5|23.7|1.8|8.6|15.1|15|34|45|0|1.5|2.9|16|24|32|2|8|13|0|0|2|".28"|".28"|0|0|0|0|0|0|0|0|0|0|0|0|4.1|10.3|16.2|||||||5.1|6.2|7.3||||||||||0|5.4|14|||||||||||||||||||||"25942859"|"77519231"
"Cr"||"C"||||117|||203|||||||||||||||||||||||||||0|||||||||||||||||||||||||||||0|0|0||||||||||||||0|7|14|0|0|0.01|||||||||||||||||||||||||||||||||||||||||||||||||||||||||||||||||||||||||||||||||"High"||"25942859"|"77519227"
"BC"||"BC"||||53|||68|||||0|0|1|0|4|7|73|85|100|41|67|100|35|62|100|13|26|46||70.9|||0.1|||3.3|||16.1|||34|||17.4|||16.6||||||||5|12.5|20||||0|0.5|1||||1.4|1.6|1.8|||||1.7|||14|28|42|0.08|0.1|0.12||||6.2|14.5|24.2|1.8|7.3|15.9|15|28|44|0|1.5|2.9|16|24|33|2|8|13|0|0|2|".15"|".28"|0|0|0|0|0|0|0|0|0|0|0|0|4.1|10.6|16.6|||||||5.1|6.2|7.3||||||||||0|5.7|14.4|||||||||||||||||||||"25942860"|"77519233"
"Bw"||"B"||||23|||53|||||0|0|0|0|3|4|87|93|100|70|83|100|56|73|95|38|51|69||45.7|||4.5|||6.1|||8.1|||14.1|||12.9|||41.8||||||||5|12.5|20||||0|0.5|1||||1.35|1.48|1.6|||||1.56|||14|28|42|0.1|0.13|0.16||||13.2|21.1|28.4|2.3|7.1|13.2|29|37|46|0|1.5|2.9|16|24|33|2|8|13|0|1|7|".43"|".43"|0|0|0|0|0|0|0|0|0|0|0|0|4.1|10.6|16.6|||||||5.1|6.2|7.3||||||||||0|5.7|14.4|||||||||||||||||||||"25942860"|"77519234"
"Ap2"||"A"||2||8|||23|||||0|0|0|0|3|4|87|93|100|70|83|100|59|77|100|22|32|46||70.9|||0.1|||3.3|||16.1|||34|||17.4|||16.6||||||||5|12.5|20||||0|0.25|0.5||||1.35|1.48|1.6|||||1.56|||14|28|42|0.13|0.17|0.2||||9.4|16.2|22.8|2.6|7.6|14|29|37|46|0|1.5|2.9|16|24|32|2|8|13|0|0|6|".24"|".24"|0|0|0|0|0|0|0|0|0|0|0|0|4.1|10.3|16.2|||||||4.5|5.9|7.3||||||||||0|7|17|||||||||||||||||||||"25942860"|"77519235"
"Ap1"||"A"||1||0|||8|||||0|0|1|0|2|5|83|96|100|63|91|100|54|85|100|20|36|46||70.9|||0.1|||3.3|||16.1|||34|||17.4|||16.6||||||||5|12.5|20||||1|4.5|8||||1|1.2|1.4|||||1.26|||14|28|42|0.12|0.14|0.15||||9.7|20.1|26.6|3|11.2|19.5|32|47|57|0|1.5|2.9|15|22.5|30|0|3.5|7|0|0|1|".17"|".17"|0|0|0|0|0|0|0|0|0|0|0|0|3.5|13.2|23|2.6|9.9|17.2||||4.5|5|5.5||||||||||7.2|18.1|29.1|||||||||||||||||||||"25942860"|"77519236"
"Cr"||"C"||||68|||203|||||||||||||||||||||||||||0|||||||||||||||||||||||||||||0|0|0||||||||||||||0|7|14|0|0|0.01|||||||||||||||||||||||||||||||||||||||||||||||||||||||||||||||||||||||||||||||||"High"||"25942860"|"77519232"
"C"||"C"||||89|||117|||||0|0|1|0|0|7|73|94|100|41|87|100|35|81|100|13|34|46||70.9|||0.1|||3.3|||16.1|||34|||17.4|||16.6||||||||5|12.5|20||||0|0.25|0.5||||1.4|1.6|1.8|||||1.68|||14|28|42|0.08|0.12|0.16||||6.2|17.5|23.7|1.8|8.6|15.1|15|34|45|0|1.5|2.9|16|24|32|2|8|13|0|0|2|".28"|".28"|0|0|0|0|0|0|0|0|0|0|0|0|4.1|10.3|16.2|||||||5.1|6.2|7.3||||||||||0|5.4|14|||||||||||||||||||||"25942861"|"77519237"
"Bw"||"B"||||23|||89|||||0|0|0|0|3|4|87|93|100|70|83|100|59|77|100|22|32|46||70.9|||0.1|||3.3|||16.1|||34|||17.4|||16.6||||||||5|12.5|20||||0|0.5|1||||1.35|1.5|1.65|||||1.58|||14|28|42|0.1|0.15|0.19||||9.4|16.6|23.5|2.6|8|14.9|28|36|46|0|1.5|2.9|16|24|33|2|8|13|0|0|6|".28"|".28"|0|0|0|0|0|0|0|0|0|0|0|0|4.1|10.6|16.6|||||||5.1|6.2|7.3||||||||||0|5.7|14.4|||||||||||||||||||||"25942861"|"77519239"
"Ap1"||"A"||1||0|||8|||||0|0|1|0|2|5|83|96|100|63|91|100|54|85|100|20|36|46||70.9|||0.1|||3.3|||16.1|||34|||17.4|||16.6||||||||5|12.5|20||||1|4.5|8||||1|1.2|1.4|||||1.26|||14|28|42|0.12|0.14|0.15||||9.7|20.1|26.6|3|11.2|19.5|32|47|57|0|1.5|2.9|15|22.5|30|0|3.5|7|0|0|1|".17"|".17"|0|0|0|0|0|0|0|0|0|0|0|0|3.5|13.2|23|2.6|9.9|17.2||||4.5|5|5.5||||||||||7.2|18.1|29.1|||||||||||||||||||||"25942861"|"77519240"
"Ap2"||"A"||2||8|||23|||||0|0|0|0|3|4|87|93|100|70|83|100|59|77|100|22|32|46||70.9|||0.1|||3.3|||16.1|||34|||17.4|||16.6||||||||5|12.5|20||||0|0.25|0.5||||1.35|1.48|1.6|||||1.56|||14|28|42|0.13|0.17|0.2||||9.4|16.2|22.8|2.6|7.6|14|29|37|46|0|1.5|2.9|16|24|32|2|8|13|0|0|6|".24"|".24"|0|0|0|0|0|0|0|0|0|0|0|0|4.1|10.3|16.2|||||||4.5|5.9|7.3||||||||||0|7|17|||||||||||||||||||||"25942861"|"77519241"
"Cr"||"C"||||117|||203|||||||||||||||||||||||||||0|||||||||||||||||||||||||||||0|0|0||||||||||||||0|7|14|0|0|0.01|||||||||||||||||||||||||||||||||||||||||||||||||||||||||||||||||||||||||||||||||"High"||"25942861"|"77519238"
"BC"||"BC"||||53|||68|||||0|0|1|0|4|7|73|85|100|41|67|100|35|62|100|13|26|46||70.9|||0.1|||3.3|||16.1|||34|||17.4|||16.6||||||||5|12.5|20||||0|0.5|1||||1.4|1.6|1.8|||||1.7|||14|28|42|0.08|0.1|0.12||||6.2|14.5|24.2|1.8|7.3|15.9|15|28|44|0|1.5|2.9|16|24|33|2|8|13|0|0|2|".15"|".28"|0|0|0|0|0|0|0|0|0|0|0|0|4.1|10.6|16.6|||||||5.1|6.2|7.3||||||||||0|5.7|14.4|||||||||||||||||||||"25942862"|"77519243"
"Bw"||"B"||||23|||53|||||0|0|0|0|3|4|87|93|100|70|83|100|56|73|95|38|51|69||45.7|||4.5|||6.1|||8.1|||14.1|||12.9|||41.8||||||||5|12.5|20||||0|0.5|1||||1.35|1.48|1.6|||||1.56|||14|28|42|0.1|0.13|0.16||||13.2|21.1|28.4|2.3|7.1|13.2|29|37|46|0|1.5|2.9|16|24|33|2|8|13|0|1|7|".43"|".43"|0|0|0|0|0|0|0|0|0|0|0|0|4.1|10.6|16.6|||||||5.1|6.2|7.3||||||||||0|5.7|14.4|||||||||||||||||||||"25942862"|"77519244"
"Ap2"||"A"||2||5|||23|||||0|0|0|0|3|4|87|93|100|70|83|100|59|77|100|22|32|46||70.9|||0.1|||3.3|||16.1|||34|||17.4|||16.6||||||||5|12.5|20||||0|0.25|0.5||||1.35|1.48|1.6|||||1.56|||14|28|42|0.13|0.17|0.2||||9.4|16.2|22.8|2.6|7.6|14|29|37|46|0|1.5|2.9|16|24|32|2|8|13|0|0|6|".24"|".24"|0|0|0|0|0|0|0|0|0|0|0|0|4.1|10.3|16.2|||||||4.5|5.9|7.3||||||||||0|7|17|||||||||||||||||||||"25942862"|"77519245"
"Ap1"||"A"||1||0|||5|||||0|0|1|0|2|5|83|96|100|63|91|100|54|85|100|20|36|46||70.9|||0.1|||3.3|||16.1|||34|||17.4|||16.6||||||||5|12.5|20||||1|4.5|8||||1|1.2|1.4|||||1.26|||14|28|42|0.12|0.14|0.15||||9.7|20.1|26.6|3|11.2|19.5|32|47|57|0|1.5|2.9|15|22.5|30|0|3.5|7|0|0|1|".17"|".17"|0|0|0|0|0|0|0|0|0|0|0|0|3.5|13.2|23|2.6|9.9|17.2||||4.5|5|5.5||||||||||7.2|18.1|29.1|||||||||||||||||||||"25942862"|"77519246"
"Cr"||"C"||||68|||203|||||||||||||||||||||||||||0|||||||||||||||||||||||||||||0|0|0||||||||||||||0|7|14|0|0|0.01|||||||||||||||||||||||||||||||||||||||||||||||||||||||||||||||||||||||||||||||||"High"||"25942862"|"77519242"
"A"||"A"||||0|||8|||||0|0|4|0|5|10|83|85|100|43|63|100|23|39|69|12|22|43||68.3|||17.1|||17.5|||13.7|||12.9|||7.1|||19.2||||||||5|12.5|20||||2|4|6||||1|1.2|1.4|||||1.27|||14|28|42|0.1|0.13|0.16|||||15.9|||8.7|||39||0|1.5|2.9|20|32|43|2|8|13|0|0|1|".05"|".10"|0|0|0|0|0|0|0|0|0|0|0|0||||4.3|9.1|13.9||||3.5|4.8|5.5||||||||||9.7|17.3|26.1|||||||||||||||||||||"25942646"|"77518555"
"Bw"||"B"||||8|||94|||||0|0|4|0|4|9|84|86|100|47|66|100|27|42|72|15|25|46||66.6|||17.2|||15.9|||12.8|||13|||7.7|||21.9||||||||5|11.5|20||||0|0.5|1||||1.2|1.4|1.6|||||1.48|||14|28|42|0.1|0.12|0.14|||||13.6|||6.1|||34||0|1.5|2.9|16|23|33|2|7|13|0|0|1|".15"|".24"|0|0|0|0|0|0|0|0|0|0|0|0||||0.9|3|5.4||||3.5|4.8|5.5||||||||||4.6|8.4|13.6|||||||||||||||||||||"25942646"|"77518556"
"BC"||"BC"||||94|||130|||||0|1|1|0|6|10|79|88|100|44|68|100|31|53|85|14|27|48||66.9|||4.7|||13.6|||16.7|||20.1|||11.8|||23.1||||||||2|10|18||||0|0.5|1||||1.2|1.5|1.8|||||1.59|||14|28|42|0.1|0.12|0.14|||||12.7|||5.3|||31||0|1.5|2.9|0|22|31|0|6|12|0|0|0|".17"|".28"|0|0|0|0|0|0|0|0|0|0|0|0||||0.4|2.7|5.1||||3.5|4.8|5.5||||||||||4.2|8.1|13.3|||||||||||||||||||||"25942646"|"77518557"
"Cr"||"C"||||130|||203|||||||||||||||||||||||||||0|||||||||||||||||||||||||||||0|0|0||||||||||||||0|7|14|0|0|0.01|||||||||||||||||||||||||||||||||||||||||||||||||||||||||||||||||||||||||||||||||"High"||"25942646"|"77518554"
"A"||"A"||||0|||13|||||0|0|1|0|3|5|83|94|100|63|82|100|54|76|100|20|32|46||70.9|||0.1|||3.3|||16.1|||34|||17.4|||16.6||||||||5|12.5|20||||2|4|6||||1|1.2|1.4|||||1.26|||14|28|42|0.12|0.14|0.15|||||18.5|||10|||45||0|1.5|2.9|20|32|43|2|8|13|0|0|1|".17"|".17"|0|0|0|0|0|0|0|0|0|0|0|0||||4.3|9.1|13.9||||4.5|5|5.5||||||||||9.7|16.9|24.1|||||||||||||||||||||"25942647"|"77518558"
"Bw"||"B"||||13|||69|||||0|0|4|0|0|9|78|90|98|48|78|98|38|68|95|26|49|71||43.8|||4.3|||5.9|||7.8|||13.5|||12.3|||40.2||||||||7|16|25||||0|0.5|1||||1.2|1.4|1.6|||||1.47|||14|28|42|0.1|0.12|0.14|||||22.1|||8.4|||39||0|1.5|2.9|18|27|37|3|10|17|0|0|1|".37"|".37"|0|0|0|0|0|0|0|0|0|0|0|0||||1.3|3.8|6.4||||4.5|5|5.5||||||||||5|8.7|12.4|||||||||||||||||||||"25942647"|"77518559"
"Cr"||"C"||||69|||203|||||||||||||||||||||||||||0|||||||||||||||||||||||||||||0|0|0||||||||||||||0|7|14|0|0|0.01|||||||||||||||||||||||||||||||||||||||||||||||||||||||||||||||||||||||||||||||||"High"||"25942647"|"77518560"
"A"||"A"||||0|||8|||||0|0|4|0|5|10|83|85|100|43|63|100|23|39|69|12|22|43||68.3|||17.1|||17.5|||13.7|||12.9|||7.1|||19.2||||||||5|12.5|20||||2|4|6||||1|1.2|1.4|||||1.27|||14|28|42|0.1|0.13|0.16|||||15.9|||8.7|||39||0|1.5|2.9|20|32|43|2|8|13|0|0|1|".05"|".10"|0|0|0|0|0|0|0|0|0|0|0|0||||4.3|9.1|13.9||||3.5|4.8|5.5||||||||||9.7|17.3|26.1|||||||||||||||||||||"25942648"|"77518561"
"Bw"||"B"||||8|||94|||||0|0|4|0|4|9|84|86|100|47|66|100|27|42|72|15|25|46||66.6|||17.2|||15.9|||12.8|||13|||7.7|||21.9||||||||5|11.5|20||||0|0.5|1||||1.2|1.4|1.6|||||1.48|||14|28|42|0.1|0.12|0.14|||||13.6|||6.1|||34||0|1.5|2.9|16|23|33|2|7|13|0|0|1|".15"|".24"|0|0|0|0|0|0|0|0|0|0|0|0||||0.9|3|5.4||||3.5|4.8|5.5||||||||||4.6|8.4|13.6|||||||||||||||||||||"25942648"|"77518562"
"BC"||"BC"||||94|||130|||||0|1|1|0|6|10|79|88|100|44|68|100|31|53|85|14|27|48||66.9|||4.7|||13.6|||16.7|||20.1|||11.8|||23.1||||||||2|10|18||||0|0.5|1||||1.2|1.5|1.8|||||1.59|||14|28|42|0.1|0.12|0.14|||||12.7|||5.3|||31||0|1.5|2.9|0|22|31|0|6|12|0|0|0|".17"|".28"|0|0|0|0|0|0|0|0|0|0|0|0||||0.4|2.7|5.1||||3.5|4.8|5.5||||||||||4.2|8.1|13.3|||||||||||||||||||||"25942648"|"77518563"
"Cr"||"C"||||130|||203|||||||||||||||||||||||||||0|||||||||||||||||||||||||||||0|0|0||||||||||||||0|7|14|0|0|0.01|||||||||||||||||||||||||||||||||||||||||||||||||||||||||||||||||||||||||||||||||"High"||"25942648"|"77518564"
"A"||"A"||||0|||13|||||0|0|1|0|3|5|83|94|100|63|82|100|54|76|100|20|32|46||70.9|||0.1|||3.3|||16.1|||34|||17.4|||16.6||||||||5|12.5|20||||2|4|6||||1|1.2|1.4|||||1.26|||14|28|42|0.12|0.14|0.15|||||18.5|||10|||45||0|1.5|2.9|20|32|43|2|8|13|0|0|1|".17"|".17"|0|0|0|0|0|0|0|0|0|0|0|0||||4.3|9.1|13.9||||4.5|5|5.5||||||||||9.7|16.9|24.1|||||||||||||||||||||"25942649"|"77518565"
"Bw"||"B"||||13|||69|||||0|0|4|0|0|9|78|90|98|48|78|98|38|68|95|26|49|71||43.8|||4.3|||5.9|||7.8|||13.5|||12.3|||40.2||||||||7|16|25||||0|0.5|1||||1.2|1.4|1.6|||||1.47|||14|28|42|0.1|0.12|0.14|||||22.1|||8.4|||39||0|1.5|2.9|18|27|37|3|10|17|0|0|1|".37"|".37"|0|0|0|0|0|0|0|0|0|0|0|0||||1.3|3.8|6.4||||4.5|5|5.5||||||||||5|8.7|12.4|||||||||||||||||||||"25942649"|"77518566"
"Cr"||"C"||||69|||203|||||||||||||||||||||||||||0|||||||||||||||||||||||||||||0|0|0||||||||||||||0|7|14|0|0|0.01|||||||||||||||||||||||||||||||||||||||||||||||||||||||||||||||||||||||||||||||||"High"||"25942649"|"77518567"
"A"||"A"||||0|||8|||||0|0|4|0|5|10|83|85|100|43|63|100|23|39|69|12|22|43||68.3|||17.1|||17.5|||13.7|||12.9|||7.1|||19.2||||||||5|12.5|20||||2|4|6||||1|1.2|1.4|||||1.27|||14|28|42|0.1|0.13|0.16|||||15.9|||8.7|||39||0|1.5|2.9|20|32|43|2|8|13|0|0|1|".05"|".10"|0|0|0|0|0|0|0|0|0|0|0|0||||4.3|9.1|13.9||||3.5|4.8|5.5||||||||||9.7|17.3|26.1|||||||||||||||||||||"25942650"|"77518568"
"Bw"||"B"||||8|||94|||||0|0|4|0|4|9|84|86|100|47|66|100|27|42|72|15|25|46||66.6|||17.2|||15.9|||12.8|||13|||7.7|||21.9||||||||5|11.5|20||||0|0.5|1||||1.2|1.4|1.6|||||1.48|||14|28|42|0.1|0.12|0.14|||||13.6|||6.1|||34||0|1.5|2.9|16|23|33|2|7|13|0|0|1|".15"|".24"|0|0|0|0|0|0|0|0|0|0|0|0||||0.9|3|5.4||||3.5|4.8|5.5||||||||||4.6|8.4|13.6|||||||||||||||||||||"25942650"|"77518569"
"BC"||"BC"||||94|||130|||||0|1|1|0|6|10|79|88|100|44|68|100|31|53|85|14|27|48||66.9|||4.7|||13.6|||16.7|||20.1|||11.8|||23.1||||||||2|10|18||||0|0.5|1||||1.2|1.5|1.8|||||1.59|||14|28|42|0.1|0.12|0.14|||||12.7|||5.3|||31||0|1.5|2.9|0|22|31|0|6|12|0|0|0|".17"|".28"|0|0|0|0|0|0|0|0|0|0|0|0||||0.4|2.7|5.1||||3.5|4.8|5.5||||||||||4.2|8.1|13.3|||||||||||||||||||||"25942650"|"77518570"
"Cr"||"C"||||130|||203|||||||||||||||||||||||||||0|||||||||||||||||||||||||||||0|0|0||||||||||||||0|7|14|0|0|0.01|||||||||||||||||||||||||||||||||||||||||||||||||||||||||||||||||||||||||||||||||"High"||"25942650"|"77518571"
"A"||"A"||||0|||13|||||0|0|1|0|3|5|83|94|100|63|82|100|54|76|100|20|32|46||70.9|||0.1|||3.3|||16.1|||34|||17.4|||16.6||||||||5|12.5|20||||2|4|6||||1|1.2|1.4|||||1.26|||14|28|42|0.12|0.14|0.15|||||18.5|||10|||45||0|1.5|2.9|20|32|43|2|8|13|0|0|1|".17"|".17"|0|0|0|0|0|0|0|0|0|0|0|0||||4.3|9.1|13.9||||4.5|5|5.5||||||||||9.7|16.9|24.1|||||||||||||||||||||"25942651"|"77518572"
"Bw"||"B"||||13|||69|||||0|0|4|0|0|9|78|90|98|48|78|98|38|68|95|26|49|71||43.8|||4.3|||5.9|||7.8|||13.5|||12.3|||40.2||||||||7|16|25||||0|0.5|1||||1.2|1.4|1.6|||||1.47|||14|28|42|0.1|0.12|0.14|||||22.1|||8.4|||39||0|1.5|2.9|18|27|37|3|10|17|0|0|1|".37"|".37"|0|0|0|0|0|0|0|0|0|0|0|0||||1.3|3.8|6.4||||4.5|5|5.5||||||||||5|8.7|12.4|||||||||||||||||||||"25942651"|"77518573"
"Cr"||"C"||||69|||203|||||||||||||||||||||||||||0|||||||||||||||||||||||||||||0|0|0||||||||||||||0|7|14|0|0|0.01|||||||||||||||||||||||||||||||||||||||||||||||||||||||||||||||||||||||||||||||||"High"||"25942651"|"77518574"
"A"||"A"||||0|||66|||||0|0|0|0|3|4|90|95|100|71|84|100|60|76|98|26|36|49||67.5|||0.3|||4.7|||15|||29.3|||18.2|||21||||||||5|11.5|18||||8|10|12||||1.3|1.4|1.5||||1.37|1.47|1.54||14|28|42|0.13|0.17|0.2||||18.4|24.2|30.6|11.3|18.3|26.8|28|34|42|0|1.5|2.9|34|44|55|2|7|11|0|0|4|".15"|".15"|0|0|0|0|0|0|0|0|0|0|0|0|19.2|25.4|31.5|14.4|19|23.6||||4.5|5.5|6.5||||||||||11.5|20.4|29.2|||||||||||||||||||||"25942635"|"77518534"
"Cg"||"C"||||66|||203|||||0|2|3|11|22|36|50|56|89|7|19|89|3|9|43|1|2|13||90.6|||17.8|||30|||22|||15.3|||5.5|||6.4||||||||1|3|5||||0|0.25|0.5||||1.4|1.5|1.6||||1.53|1.85|1.85||42|92|141|0.02|0.04|0.05|0.7|2.9|12.5|0.3|1.9|9.1|0|0.5|3.3|3|9|39|0|1.5|2.9|8|10|12|0|0|0|0|0|0|".02"|".02"|0|0|0|0|0|0|0|0|0|0|0|0|0.2|1.3|2.4|0.2|1|1.8||||4.5|5.5|6.5||||||||||0|4.5|10.1|||||||||||||||||||"Very high"||"25942635"|"77518535"
"A"||"A"||||0|||66|||||0|0|0|0|3|4|90|95|100|71|84|100|60|76|98|26|36|49||67.5|||0.3|||4.7|||15|||29.3|||18.2|||21||||||||5|11.5|18||||8|10|12||||1.3|1.4|1.5||||1.37|1.47|1.54||14|28|42|0.13|0.17|0.2||||18.4|24.2|30.6|11.3|18.3|26.8|28|34|42|0|1.5|2.9|34|44|55|2|7|11|0|0|4|".15"|".15"|0|0|0|0|0|0|0|0|0|0|0|0|19.2|25.4|31.5|14.4|19|23.6||||4.5|5.5|6.5||||||||||11.5|20.4|29.2|||||||||||||||||||||"25942636"|"77518536"
"Cg"||"C"||||66|||203|||||0|2|3|11|22|36|50|56|89|7|19|89|3|9|43|1|2|13||90.6|||17.8|||30|||22|||15.3|||5.5|||6.4||||||||1|3|5||||0|0.25|0.5||||1.4|1.5|1.6||||1.53|1.85|1.85||42|92|141|0.02|0.04|0.05|0.7|2.9|12.5|0.3|1.9|9.1|0|0.5|3.3|3|9|39|0|1.5|2.9|8|10|12|0|0|0|0|0|0|".02"|".02"|0|0|0|0|0|0|0|0|0|0|0|0|0.2|1.3|2.4|0.2|1|1.8||||4.5|5.5|6.5||||||||||0|4.5|10.1|||||||||||||||||||"Very high"||"25942636"|"77518537"
"Bw"||"B"||||18|||203|||||3|13|38|24|34|41|50|57|72|48|56|71|36|46|63|18|25|36||65.7|||6.6|||8.9|||11.7|||20.2|||18.3|||22.8||||||||5|11.5|18||||0|1|2||||1.4|1.5|1.6||||1.56|1.66|1.83||14|28|42|0.06|0.09|0.11||||2|8.1|15.4|0.6|3.9|9.8|6|17|29|0|1.5|2.9|16|25|33|2|7|12|0|0|0|".05"|".32"|0|0|0|0|0|0|0|0|0|0|0|0||||0.9|3.8|6.8||||3.6|4.8|6||||||||||3.6|8.9|14.7|||||||||||||||||||"High"|"Moist"|"25942891"|"77519336"
"A"||"A"||||0|||18|||||0|0|19|25|28|36|48|62|67|47|62|67|38|54|62|26|38|46||45.3|||4.5|||6.1|||8.1|||13.9|||12.7|||43.2||||||||5|11.5|18||||2|4|6||||1.3|1.4|1.5||||1.41|1.51|1.61||14|28|42|0.06|0.09|0.11||||7.1|16.5|20.8|1.9|7.1|11.7|13|25|30|0|1.5|2.9|20|31|42|2|7|12|0|0|2|".10"|".24"|0|0|0|0|0|0|0|0|0|0|0|0||||4.3|8.9|13.5||||3.6|4.8|6||||||||||8.6|17.1|25.6|||||||||||||||||||"High"|"Moist"|"25942891"|"77519337"
"A"||"A"||||0|||13|||||0|0|5|0|8|19|82|91|99|82|91|99|64|80|97|43|57|72||44.3|||4.3|||5.9|||7.9|||13.7|||12.5|||40.7||||||||5|15|25||||2|4|6||||1.35|1.48|1.6||||1.43|1.56|1.63||14|28|42|0.12|0.14|0.15||||16|26.5|34.3|4.4|13|22.7|26|35|44|0|1.5|2.9|20|34|47|2|9|17|0|3|12|".24"|".24"|0|0|0|0|0|0|0|0|0|0|0|0|1.9|5.6|9.3|||||||4.5|5.5|6.5||||||||||0.5|8.1|15.8|||||||||||||||||||||"25942892"|"77519338"
"Bw2"||"B"||2||86|||119|||||0|8|13|1|17|24|80|85|99|80|85|99|54|66|87|31|41|58||56.7|||5.5|||13.6|||13.3|||14.9|||9.4|||26.3||||||||7|17|27||||0|1|2||||1.4|1.48|1.55||||1.49|1.57|1.66||14|28|42|0.13|0.16|0.18||||8.7|16.1|26.2|2.8|9.1|19.2|25|31|44|0|1.5|2.9|18|29|41|3|11|19|0|1|8|".15"|".24"|0|0|0|0|0|0|0|0|0|0|0|0||||1.3|4.9|8.4||||4.5|5|5.5||||||||||4.9|9.4|14.3|||||||||||||||||||||"25942892"|"77519339"
"Bw1"||"B"||1||13|||86|||||0|3|5|0|13|17|83|87|99|83|87|99|65|77|97|45|55|73||43.3|||4.2|||5.8|||7.7|||13.4|||12.2|||39.7||||||||7|17|27||||0|1|2||||1.4|1.48|1.55||||1.48|1.56|1.64||14|28|42|0.13|0.16|0.18||||14.5|22.4|31.9|3.2|9.5|18.5|30|34|44|0|1.5|2.9|18|29|41|3|11|19|0|3|13|".24"|".37"|0|0|0|0|0|0|0|0|0|0|0|0||||1.3|4.9|8.4||||4.5|5|5.5||||||||||4.9|9.4|14.3|||||||||||||||||||||"25942892"|"77519341"
"Bw3"||"B"||3||119|||208|||||4|19|23|7|25|29|74|82|95|74|82|95|57|72|93|39|51|69||45|||4.4|||6|||8|||13.9|||12.7|||38||||||||7|17|27||||0|1|2||||1.4|1.48|1.55||||1.51|1.59|1.7||14|28|42|0.13|0.16|0.18||||9.4|16.3|29.1|2.1|6.9|16.9|19|25|40|0|1.5|2.9|18|29|41|3|11|19|0|2|11|".15"|".37"|0|0|0|0|0|0|0|0|0|0|0|0||||1.3|4.9|8.4||||4.5|5|5.5||||||||||4.9|9.4|14.3|||||||||||||||||||"High"|"Moist"|"25942892"|"77519340"
"Bg"||"B"||||41|||71|||||0|0|20|19|23|31|17|43|68|13|41|67|11|35|64|5|16|33||71.4|||3.5|||8.3|||13.3|||26.4|||19.9|||20.5||||||||5|8.1|18||||0|0.39|2||||1|1.66|1.7||||1.18|1.84|2.02||42|92|141|0.08|0.1|0.12||||1.2|6.9|16.1|0.4|2.8|10.8|3|15|39|0|1.5|2.9|16|20|33|2|4|12|0|0|0|".05"|".32"|0|0|0|0|0|0|0|0|0|0|0|0||||0.6|2.2|7.1||||3.6|5.3|5.5||||||||||4.5|6.6|15.8|||||||||||||||||||"High"|"Moist"|"25942893"|"77519342"
"Cg"||"C"||||71|||203|||||5|21|31|43|43|62|21|40|53|18|38|51|15|31|48|7|15|27||72.8|||4.5|||10.2|||15.2|||21.8|||21.1|||21.7||||||||5|5.5|18||||0|0.32|1||||1|1.6|1.65||||1.37|1.67|1.97||42|92|141|0.02|0.04|0.05||||0.3|2.8|8.7|0.1|0.9|5.4|1|8|22|0|1.5|2.9|16|18|31|2|2|12|0|0|0|".05"|".32"|0|0|0|0|0|0|0|0|0|0|0|0||||0.6|1.6|5.4||||3.6|5.3|5.5||||||||||4.5|6|13.3|||||||||||||||||||"High"|"Moist"|"25942893"|"77519343"
"A"||"A"||||0|||41|||||2|17|25|14|21|26|48|63|68|46|62|66|38|56|65|19|30|36||63.4|||1.8|||4.3|||11.8|||25.8|||19.7|||24.9||||||||5|11.7|18||||5|10|15||||1|1.08|1.2||||1.06|1.14|1.2||14|28|42|0.22|0.23|0.24||||7.3|14.6|21.8|3.2|9.6|17.8|19|30|40|0|1.5|2.9|27|45|61|2|7|11|0|0|0|".05"|".20"|0|0|0|0|0|0|0|0|0|0|0|0||||9|18.4|27.8||||3.6|5|5.5||||||||||17|31.5|47.7|||||||||||||||||||"High"|"Moist"|"25942893"|"77519344"
"A"||"A"||||0|||8|||||4|6|6|22|34|41|58|76|98|24|58|98|19|51|92|13|36|67||45.3|||4.5|||6.1|||8.1|||13.9|||12.7|||43.2||||||||5|11.5|18||||2|4|6||||1.3|1.4|1.5|||||1.54|||14|28|42|0.06|0.09|0.11|||||10.1|||5.7|||20||0|1.5|2.9|20|31|42|2|7|12|0|0|2|".05"|".24"|0|0|0|0|0|0|0|0|0|0|0|0|5.8|11.9|18|4.3|8.9|13.5||||3.5|4.8|6||||||||||8.6|17.1|25.8|||||||||||||||||||"Very high"||"25942652"|"77518575"
"Bw"||"B"||||8|||152|||||10|15|20|24|35|41|54|77|100|15|60|100|11|47|85|5|24|47||65.7|||4.3|||13.3|||16.5|||19.9|||11.7|||22.8||||||||5|11.5|18||||0|0.5|1||||1.4|1.5|1.6|||||1.69|||14|28|42|0.06|0.09|0.11|||||6.6|||3|||15||0|1.5|2.9|16|23|31|2|7|12|0|0|2|".05"|".28"|0|0|0|0|0|0|0|0|0|0|0|0|1.2|4|6.8|0.9|3|5.1||||3.5|4.8|6||||||||||3.6|8.4|13.3|||||||||||||||||||"Very high"||"25942652"|"77518576"
"C"||"C"||||152|||203|||||16|16|29|20|24|47|58|75|100|15|54|100|10|41|86|5|21|48||67.3|||4.8|||13.7|||16.8|||20.2|||11.8|||23.2||||||||1|9.5|18||||0|0.25|0.5||||1.4|1.5|1.6|||||1.68|||14|28|42|0.03|0.04|0.05|||||6.3|||2.5|||16||0|1.5|2.9|0|21|30|0|5|12|0|0|2|".05"|".28"|0|0|0|0|0|0|0|0|0|0|0|0|0.2|2.9|5.6|0.2|2.2|4.2||||3.5|4.8|6||||||||||3|7.4|12.1|||||||||||||||||||"Very high"||"25942652"|"77518577"
"A"||"A"||||0|||13|||||0|0|0|0|0|4|84|92|95|71|88|95|55|77|93|37|55|69||44.3|||4.3|||5.9|||7.9|||13.7|||12.5|||40.7||||||||5|15|25||||2|4|6||||1.35|1.48|1.6|||||1.55|||14|28|42|0.12|0.14|0.15|||||27.3|||13.4|||37||0|1.5|2.9|20|34|47|2|9|17|0|3|11|".24"|".24"|0|0|0|0|0|0|0|0|0|0|0|0|5.8|12.8|19.8|4.3|9.6|14.8||||4.5|5.5|6.5||||||||||2.4|11.7|21|||||||||||||||||||||"25942653"|"77518578"
"Bw"||"B"||||13|||203|||||0|0|0|9|17|20|75|84|93|53|72|93|42|63|91|29|45|68||43.3|||4.2|||5.8|||7.7|||13.4|||12.2|||39.7||||||||7|17|27||||0|0.5|1||||1.4|1.48|1.55|||||1.58|||14|28|42|0.13|0.16|0.18|||||18.9|||7.7|||30||0|1.5|2.9|18|28|39|3|11|19|0|1|11|".20"|".37"|0|0|0|0|0|0|0|0|0|0|0|0|1.8|5.4|9|1.3|4|6.8||||4.5|5|5.5||||||||||5|8.8|12.7|||||||||||||||||||||"25942653"|"77518579"
"A"||"A"||||0|||30|||||3|9|10|5|21|31|55|76|98|54|76|98|45|69|96|34|54|77||34.4|||3.1|||4.3|||5.9|||10.8|||10.3|||37.6||||||||20|28|35||||10|15|20||||1|1.15|1.3|||||1.23|||14|28|42|0.13|0.16|0.18|||||24.6|||17|||34||0|1.5|2.9|42|61|81|5|11|19|0|0|19|".10"|".15"|0|0|0|0|0|0|0|0|0|0|0|0|27|41.2|53.8|20.2|30.9|40.3||||3.5|4.5|5.5||||||||||31.8|48|63.5|||||||||||||||||||||"25942619"|"77518490"
"C"||"C"||||112|||203|||||2|9|11|2|9|14|88|95|100|88|95|100|74|87|98|32|41|49||67.5|||0.3|||4.7|||15|||29.3|||18.2|||21||||||||5|11.5|18||||0|0.25|0.5||||1.35|1.47|1.6|||||1.55|||14|28|42|0.11|0.14|0.17|||||15.1|||6.8|||36||0|1.5|2.9|16|23|30|2|7|12|0|1|6|".32"|".32"|0|0|0|0|0|0|0|0|0|0|0|0|1.2|2.6|5.6|0.9|1.9|4.2||||3.5|4.8|6||||||||||3.6|7.5|12.1|||||||||||||||||||||"25942619"|"77518489"
"Bw"||"B"||||30|||112|||||3|8|10|4|19|30|59|79|98|58|79|98|47|69|92|32|49|67||45.3|||4.5|||6.1|||8.1|||13.9|||12.7|||43.2||||||||5|11.5|18||||0|0.5|1||||1.2|1.35|1.5|||||1.44|||14|28|42|0.11|0.14|0.17|||||15.8|||4.8|||33||0|1.5|2.9|16|23|31|2|7|12|0|0|5|".20"|".43"|0|0|0|0|0|0|0|0|0|0|0|0|3.8|6.2|8.5|2.8|4.7|6.4||||3.5|4.5|6||||||||||4.4|9.7|13.9|||||||||||||||||||||"25942619"|"77518488"
"A"||"A"||||0|||23|||||0|0|0|0|11|19|77|88|100|76|88|100|61|80|96|46|63|77||33.5|||3|||4.2|||5.8|||10.5|||10|||36.5|||14|||25.7||18|30|35||||10|15|20|||||1.06||||||1.11|||4|9|14|0.19|0.2|0.21|||||33.1||22.9|24.5|35.6||47||0|1.5|2.9|49|70|85|11|19|23|3|15|27|".17"|".17"|0|0|0|0|0|0|0|0|0|0|0|0||||20.6|30.6|40.3|1.3|1.9|2.4|3.3|3.3|3.4|3|3.1|3.3|2.9|3.5|4.1|0.83|1.07|1.3|36.2|50.5|63.9|8.6|9.2|9.8|0.2|0.3|0.3|||||||||||||||"25942620"|"77518494"
"C"||"C"||||48|||79|||||0|0|0|15|19|24|69|77|83|69|76|82|60|69|82|26|31|42||69.9|||0.3|||4.8|||15.5|||30.4|||18.9|||22|||11.4|||12.3||5|8.1|18||||0|0.25|0.5|||||1.54||||||1.64|||14|28|42|0.07|0.09|0.1|||||11.4|||4.4|||29||0|1.5|2.9|16|20|30|2|4|12|0|0|1|".20"|".37"|0|0|0|0|0|0|0|0|0|0|0|0||||0.9|2.6|4.2||0.6||4.5|4.8|5.5|||||1.7|||0.31||4.6|7.5|10||1.8|||0.3||||||||||||||||"25942620"|"77518492"
"Bw"||"B"||||23|||48|||||0|0|0|8|16|22|72|81|91|71|81|90|59|72|84|42|52|63||42|||3.9|||5.5|||7.4|||13.1|||12.1|||37.6|||13.4|||27.4||15|20.4|25||||0|0.5|1||||1.33|1.38|1.42||||1.46|1.48|1.5||14|28|42|0.17|0.18|0.19||||27.8|29|30.2|11.8|13.1|14.5||36||0|1.5|2.9|24|31|37|9|14|17|0|4|9|".20"|".32"|0|0|0|0|0|0|0|0|0|0|0|0||||0.9|3|5.1|0.5|0.6|0.6|4.1|4.3|4.5|3.9|4|4.1|3.6|4.2|4.8|1.24|1.39|1.54|7.5|10.1|12.7|4.9|5.7|6.4|0.6|0.6|0.6|||||||||||||||"25942620"|"77518491"
"Cr"||"C"||||79|||203|||||||||||||||||||||||||||0|||||||||||||||||||||||||||||0|0|0||||||||||||||1.4|2.7|4|0|0|0.01|||||||||||||||||||||||||||||||||||||||||||||||||||||||||||||||||||||||||||||||||"High"||"25942620"|"77518493"
"C"||"C"||||71|||137|||||0|0|0|0|8|12|87|91|100|86|91|100|76|83|98|33|37|48||70.3|||0.3|||4.9|||15.6|||30.5|||19|||22|||11|||13.5||5|7.7|15||||0|0.25|0.5||||1.4|1.45|1.51||||1.41|1.46|1.52||14|28|42|0.07|0.09|0.1|18.4||20.7|17.3|18|18.7|4.7|4.9|5.4||39||0|1.5|2.9|16|20|27|2|4|10|0|0|4|".32"|".32"|0|0|0|0|0|0|0|0|0|0|0|0||||0.9|1.9|3.7|0.5|0.5|0.5|4.9|5|5|4.3|4.3|4.3|0.9|1|1.1|0.07|0.09|0.11|5.7|6.8|8.7|0.8|0.8|0.8|0.1|0.1|0.1|||||||||||||||"25942621"|"77518495"
"Bw"||"B"||||28|||71|||||0|0|0|0|8|11|87|92|100|87|91|100|73|85|100|28|37|53||68.7|||0.1|||3.2|||15.6|||32.9|||16.9|||16.1|||12.1|||19.9||7|15.2|27||||0|0.5|1||||1.5|1.53|1.55||||1.52|1.54|1.56||14|28|42|0.17|0.18|0.19||||19.1|20|21.2|6|10|10.6||36||0|1.5|2.9|18|27|39|3|10|19|0|2|11|".24"|".24"|0|0|0|0|0|0|0|0|0|0|0|0||||1.3|3.7|6.8|0.4|0.5|0.5|4.3|4.6|4.8|4|4.2|4.3|1.2|2.2|3.1|0.19|0.58|0.96|6.4|9.4|13.1|1.1|3|4.9|0.2|0.4|0.5|||||||||||||||"25942621"|"77518498"
"A"||"A"||||0|||28|||||0|0|0|0|7|19|77|92|100|77|92|100|56|84|98|41|66|78||34.4|||3.1|||4.3|||5.9|||10.8|||10.3|||37.6||||||||10|28|35||||10|15|20||||0.54|0.77|0.99||||0.62|0.81|1.07||4|9|14|0.19|0.2|0.21||||48.5|69.9|91.4|22.1|28.9|35.8||61||0|1.5|2.9|23|34|38|9|14|15|1|7|13|".17"|".17"|0|0|0|0|0|0|0|0|0|0|0|0||||18.8|30.6|40.3|1.1|1.6|2|3.5|3.7|3.8|3.3|3.5|3.6|3.6|3.85|4.1|1.55|1.7|1.85|34|49.5|63.5|9.7|10.05|10.4|0.4|0.6|0.7|||||||||||||||"25942621"|"77518497"
"Cr"||"C"||||137|||203|||||||||||||||||||||||||||0|||||||||||||||||||||||||||||0|0|0||||||||||||||14|28|42|0|0|0|||||||||||||||||||||||||||||||||||||||||||||||||||||||||||||||||||||||||||||||||"High"||"25942621"|"77518496"
"C"||"C"||||112|||203|||||2|9|11|2|9|14|88|95|100|88|95|100|74|87|98|32|41|49||67.5|||0.3|||4.7|||15|||29.3|||18.2|||21||||||||5|11.5|18||||0|0.25|0.5||||1.35|1.47|1.6|||||1.55|||14|28|42|0.11|0.14|0.17|||||15.1|||6.8|||36||0|1.5|2.9|16|23|30|2|7|12|0|1|6|".32"|".32"|0|0|0|0|0|0|0|0|0|0|0|0|1.2|2.6|5.6|0.9|1.9|4.2||||3.5|4.8|6||||||||||3.6|7.5|12.1|||||||||||||||||||||"25942616"|"77518479"
"Bw"||"B"||||30|||112|||||3|8|10|4|19|30|59|79|98|58|79|98|47|69|92|32|49|67||45.3|||4.5|||6.1|||8.1|||13.9|||12.7|||43.2||||||||5|11.5|18||||0|0.5|1||||1.2|1.35|1.5|||||1.44|||14|28|42|0.11|0.14|0.17|||||15.8|||4.8|||33||0|1.5|2.9|16|23|31|2|7|12|0|0|5|".20"|".43"|0|0|0|0|0|0|0|0|0|0|0|0|3.8|6.2|8.5|2.8|4.7|6.4||||3.5|4.5|6||||||||||4.4|9.7|13.9|||||||||||||||||||||"25942616"|"77518478"
"A"||"A"||||0|||30|||||3|9|10|5|21|31|55|76|98|54|76|98|45|69|96|34|54|77||34.4|||3.1|||4.3|||5.9|||10.8|||10.3|||37.6||||||||20|28|35||||10|15|20||||1|1.15|1.3|||||1.23|||14|28|42|0.13|0.16|0.18|||||24.6|||17|||34||0|1.5|2.9|42|61|81|5|11|19|0|0|19|".10"|".15"|0|0|0|0|0|0|0|0|0|0|0|0|27|41.2|53.8|20.2|30.9|40.3||||3.5|4.5|5.5||||||||||31.8|48|63.5|||||||||||||||||||||"25942616"|"77518477"
"C"||"C"||||48|||79|||||0|0|0|15|19|24|69|77|83|69|76|82|60|69|82|26|31|42||69.9|||0.3|||4.8|||15.5|||30.4|||18.9|||22|||11.4|||12.3||5|8.1|18||||0|0.25|0.5|||||1.54||||||1.64|||14|28|42|0.07|0.09|0.1|||||11.4|||4.4|||29||0|1.5|2.9|16|20|30|2|4|12|0|0|1|".20"|".37"|0|0|0|0|0|0|0|0|0|0|0|0||||0.9|2.6|4.2||0.6||4.5|4.8|5.5|||||1.7|||0.31||4.6|7.5|10||1.8|||0.3||||||||||||||||"25942617"|"77518482"
"Bw"||"B"||||23|||48|||||0|0|0|8|16|22|72|81|91|71|81|90|59|72|84|42|52|63||42|||3.9|||5.5|||7.4|||13.1|||12.1|||37.6|||13.4|||27.4||15|20.4|25||||0|0.5|1||||1.33|1.38|1.42||||1.46|1.48|1.5||14|28|42|0.17|0.18|0.19||||27.8|29|30.2|11.8|13.1|14.5||36||0|1.5|2.9|24|31|37|9|14|17|0|4|9|".20"|".32"|0|0|0|0|0|0|0|0|0|0|0|0||||0.9|3|5.1|0.5|0.6|0.6|4.1|4.3|4.5|3.9|4|4.1|3.6|4.2|4.8|1.24|1.39|1.54|7.5|10.1|12.7|4.9|5.7|6.4|0.6|0.6|0.6|||||||||||||||"25942617"|"77518481"
"A"||"A"||||0|||23|||||0|0|0|0|11|19|77|88|100|76|88|100|61|80|96|46|63|77||33.5|||3|||4.2|||5.8|||10.5|||10|||36.5|||14|||25.7||18|30|35||||10|15|20|||||1.06||||||1.11|||4|9|14|0.19|0.2|0.21|||||33.1||22.9|24.5|35.6||47||0|1.5|2.9|49|70|85|11|19|23|3|15|27|".17"|".17"|0|0|0|0|0|0|0|0|0|0|0|0||||20.6|30.6|40.3|1.3|1.9|2.4|3.3|3.3|3.4|3|3.1|3.3|2.9|3.5|4.1|0.83|1.07|1.3|36.2|50.5|63.9|8.6|9.2|9.8|0.2|0.3|0.3|||||||||||||||"25942617"|"77518480"
"Cr"||"C"||||79|||203|||||||||||||||||||||||||||0|||||||||||||||||||||||||||||0|0|0||||||||||||||1.4|2.7|4|0|0|0.01|||||||||||||||||||||||||||||||||||||||||||||||||||||||||||||||||||||||||||||||||"High"||"25942617"|"77518483"
"C"||"C"||||71|||137|||||0|0|0|0|8|12|87|91|100|86|91|100|76|83|98|33|37|48||70.3|||0.3|||4.9|||15.6|||30.5|||19|||22|||11|||13.5||5|7.7|15||||0|0.25|0.5||||1.4|1.45|1.51||||1.41|1.46|1.52||14|28|42|0.07|0.09|0.1|18.4||20.7|17.3|18|18.7|4.7|4.9|5.4||39||0|1.5|2.9|16|20|27|2|4|10|0|0|4|".32"|".32"|0|0|0|0|0|0|0|0|0|0|0|0||||0.9|1.9|3.7|0.5|0.5|0.5|4.9|5|5|4.3|4.3|4.3|0.9|1|1.1|0.07|0.09|0.11|5.7|6.8|8.7|0.8|0.8|0.8|0.1|0.1|0.1|||||||||||||||"25942618"|"77518487"
"Bw"||"B"||||28|||71|||||0|0|0|0|8|11|87|92|100|87|91|100|73|85|100|28|37|53||68.7|||0.1|||3.2|||15.6|||32.9|||16.9|||16.1|||12.1|||19.9||7|15.2|27||||0|0.5|1||||1.5|1.53|1.55||||1.52|1.54|1.56||14|28|42|0.17|0.18|0.19||||19.1|20|21.2|6|10|10.6||36||0|1.5|2.9|18|27|39|3|10|19|0|2|11|".24"|".24"|0|0|0|0|0|0|0|0|0|0|0|0||||1.3|3.7|6.8|0.4|0.5|0.5|4.3|4.6|4.8|4|4.2|4.3|1.2|2.2|3.1|0.19|0.58|0.96|6.4|9.4|13.1|1.1|3|4.9|0.2|0.4|0.5|||||||||||||||"25942618"|"77518486"
"A"||"A"||||0|||28|||||0|0|0|0|7|19|77|92|100|77|92|100|56|84|98|41|66|78||34.4|||3.1|||4.3|||5.9|||10.8|||10.3|||37.6||||||||10|28|35||||10|15|20||||0.54|0.77|0.99||||0.62|0.81|1.07||4|9|14|0.19|0.2|0.21||||48.5|69.9|91.4|22.1|28.9|35.8||61||0|1.5|2.9|23|34|38|9|14|15|1|7|13|".17"|".17"|0|0|0|0|0|0|0|0|0|0|0|0||||18.8|30.6|40.3|1.1|1.6|2|3.5|3.7|3.8|3.3|3.5|3.6|3.6|3.85|4.1|1.55|1.7|1.85|34|49.5|63.5|9.7|10.05|10.4|0.4|0.6|0.7|||||||||||||||"25942618"|"77518485"
"Cr"||"C"||||137|||203|||||||||||||||||||||||||||0|||||||||||||||||||||||||||||0|0|0||||||||||||||14|28|42|0|0|0|||||||||||||||||||||||||||||||||||||||||||||||||||||||||||||||||||||||||||||||||"High"||"25942618"|"77518484"
"C"||"C"||||112|||203|||||2|9|11|2|9|14|88|95|100|88|95|100|74|87|98|32|41|49||67.5|||0.3|||4.7|||15|||29.3|||18.2|||21||||||||5|11.5|18||||0|0.25|0.5||||1.35|1.47|1.6|||||1.55|||14|28|42|0.11|0.14|0.17|||||15.1|||6.8|||36||0|1.5|2.9|16|23|30|2|7|12|0|1|6|".32"|".32"|0|0|0|0|0|0|0|0|0|0|0|0|1.2|2.6|5.6|0.9|1.9|4.2||||3.5|4.8|6||||||||||3.6|7.5|12.1|||||||||||||||||||||"25942613"|"77518468"
"Bw"||"B"||||30|||112|||||3|8|10|4|19|30|59|79|98|58|79|98|47|69|92|32|49|67||45.3|||4.5|||6.1|||8.1|||13.9|||12.7|||43.2||||||||5|11.5|18||||0|0.5|1||||1.2|1.35|1.5|||||1.44|||14|28|42|0.11|0.14|0.17|||||15.8|||4.8|||33||0|1.5|2.9|16|23|31|2|7|12|0|0|5|".20"|".43"|0|0|0|0|0|0|0|0|0|0|0|0|3.8|6.2|8.5|2.8|4.7|6.4||||3.5|4.5|6||||||||||4.4|9.7|13.9|||||||||||||||||||||"25942613"|"77518467"
"A"||"A"||||0|||30|||||3|9|10|5|21|31|55|76|98|54|76|98|45|69|96|34|54|77||34.4|||3.1|||4.3|||5.9|||10.8|||10.3|||37.6||||||||20|28|35||||10|15|20||||1|1.15|1.3|||||1.23|||14|28|42|0.13|0.16|0.18|||||24.6|||17|||34||0|1.5|2.9|42|61|81|5|11|19|0|0|19|".10"|".15"|0|0|0|0|0|0|0|0|0|0|0|0|27|41.2|53.8|20.2|30.9|40.3||||3.5|4.5|5.5||||||||||31.8|48|63.5|||||||||||||||||||||"25942613"|"77518466"
"C"||"C"||||71|||137|||||0|0|0|0|8|12|87|91|100|86|91|100|76|83|98|33|37|48||70.3|||0.3|||4.9|||15.6|||30.5|||19|||22|||11|||13.5||5|7.7|15||||0|0.25|0.5||||1.4|1.45|1.51||||1.41|1.46|1.52||14|28|42|0.07|0.09|0.1|18.4||20.7|17.3|18|18.7|4.7|4.9|5.4||39||0|1.5|2.9|16|20|27|2|4|10|0|0|4|".32"|".32"|0|0|0|0|0|0|0|0|0|0|0|0||||0.9|1.9|3.7|0.5|0.5|0.5|4.9|5|5|4.3|4.3|4.3|0.9|1|1.1|0.07|0.09|0.11|5.7|6.8|8.7|0.8|0.8|0.8|0.1|0.1|0.1|||||||||||||||"25942614"|"77518472"
"Bw"||"B"||||28|||71|||||0|0|0|0|8|11|87|92|100|87|91|100|73|85|100|28|37|53||68.7|||0.1|||3.2|||15.6|||32.9|||16.9|||16.1|||12.1|||19.9||7|15.2|27||||0|0.5|1||||1.5|1.53|1.55||||1.52|1.54|1.56||14|28|42|0.17|0.18|0.19||||19.1|20|21.2|6|10|10.6||36||0|1.5|2.9|18|27|39|3|10|19|0|2|11|".24"|".24"|0|0|0|0|0|0|0|0|0|0|0|0||||1.3|3.7|6.8|0.4|0.5|0.5|4.3|4.6|4.8|4|4.2|4.3|1.2|2.2|3.1|0.19|0.58|0.96|6.4|9.4|13.1|1.1|3|4.9|0.2|0.4|0.5|||||||||||||||"25942614"|"77518471"
"A"||"A"||||0|||28|||||0|0|0|0|7|19|77|92|100|77|92|100|56|84|98|41|66|78||34.4|||3.1|||4.3|||5.9|||10.8|||10.3|||37.6||||||||10|28|35||||10|15|20||||0.54|0.77|0.99||||0.62|0.81|1.07||4|9|14|0.19|0.2|0.21||||48.5|69.9|91.4|22.1|28.9|35.8||61||0|1.5|2.9|23|34|38|9|14|15|1|7|13|".17"|".17"|0|0|0|0|0|0|0|0|0|0|0|0||||18.8|30.6|40.3|1.1|1.6|2|3.5|3.7|3.8|3.3|3.5|3.6|3.6|3.85|4.1|1.55|1.7|1.85|34|49.5|63.5|9.7|10.05|10.4|0.4|0.6|0.7|||||||||||||||"25942614"|"77518470"
"Cr"||"C"||||137|||203|||||||||||||||||||||||||||0|||||||||||||||||||||||||||||0|0|0||||||||||||||14|28|42|0|0|0|||||||||||||||||||||||||||||||||||||||||||||||||||||||||||||||||||||||||||||||||"High"||"25942614"|"77518469"
"C"||"C"||||48|||79|||||0|0|0|15|19|24|69|77|83|69|76|82|60|69|82|26|31|42||69.9|||0.3|||4.8|||15.5|||30.4|||18.9|||22|||11.4|||12.3||5|8.1|18||||0|0.25|0.5|||||1.54||||||1.64|||14|28|42|0.07|0.09|0.1|||||11.4|||4.4|||29||0|1.5|2.9|16|20|30|2|4|12|0|0|1|".20"|".37"|0|0|0|0|0|0|0|0|0|0|0|0||||0.9|2.6|4.2||0.6||4.5|4.8|5.5|||||1.7|||0.31||4.6|7.5|10||1.8|||0.3||||||||||||||||"25942615"|"77518476"
"Bw"||"B"||||23|||48|||||0|0|0|8|16|22|72|81|91|71|81|90|59|72|84|42|52|63||42|||3.9|||5.5|||7.4|||13.1|||12.1|||37.6|||13.4|||27.4||15|20.4|25||||0|0.5|1||||1.33|1.38|1.42||||1.46|1.48|1.5||14|28|42|0.17|0.18|0.19||||27.8|29|30.2|11.8|13.1|14.5||36||0|1.5|2.9|24|31|37|9|14|17|0|4|9|".20"|".32"|0|0|0|0|0|0|0|0|0|0|0|0||||0.9|3|5.1|0.5|0.6|0.6|4.1|4.3|4.5|3.9|4|4.1|3.6|4.2|4.8|1.24|1.39|1.54|7.5|10.1|12.7|4.9|5.7|6.4|0.6|0.6|0.6|||||||||||||||"25942615"|"77518475"
"A"||"A"||||0|||23|||||0|0|0|0|11|19|77|88|100|76|88|100|61|80|96|46|63|77||33.5|||3|||4.2|||5.8|||10.5|||10|||36.5|||14|||25.7||18|30|35||||10|15|20|||||1.06||||||1.11|||4|9|14|0.19|0.2|0.21|||||33.1||22.9|24.5|35.6||47||0|1.5|2.9|49|70|85|11|19|23|3|15|27|".17"|".17"|0|0|0|0|0|0|0|0|0|0|0|0||||20.6|30.6|40.3|1.3|1.9|2.4|3.3|3.3|3.4|3|3.1|3.3|2.9|3.5|4.1|0.83|1.07|1.3|36.2|50.5|63.9|8.6|9.2|9.8|0.2|0.3|0.3|||||||||||||||"25942615"|"77518474"
"Cr"||"C"||||79|||203|||||||||||||||||||||||||||0|||||||||||||||||||||||||||||0|0|0||||||||||||||1.4|2.7|4|0|0|0.01|||||||||||||||||||||||||||||||||||||||||||||||||||||||||||||||||||||||||||||||||"High"||"25942615"|"77518473"
"A"||"A"||||0|||30|||||3|9|10|5|21|31|55|76|98|54|76|98|45|69|96|34|54|77||34.4|||3.1|||4.3|||5.9|||10.8|||10.3|||37.6||||||||20|28|35||||10|15|20||||1|1.15|1.3|||||1.23|||14|28|42|0.13|0.16|0.18|||||24.6|||17|||34||0|1.5|2.9|42|61|81|5|11|19|0|0|19|".10"|".15"|0|0|0|0|0|0|0|0|0|0|0|0|27|41.2|53.8|20.2|30.9|40.3||||3.5|4.5|5.5||||||||||31.8|48|63.5|||||||||||||||||||||"25942775"|"77518902"
"Bw"||"B"||||30|||112|||||3|8|10|4|19|30|59|79|98|58|79|98|47|69|92|32|49|67||45.3|||4.5|||6.1|||8.1|||13.9|||12.7|||43.2||||||||5|11.5|18||||0|0.5|1||||1.2|1.35|1.5|||||1.44|||14|28|42|0.11|0.14|0.17|||||15.8|||4.8|||33||0|1.5|2.9|16|23|31|2|7|12|0|0|5|".20"|".43"|0|0|0|0|0|0|0|0|0|0|0|0|3.8|6.2|8.5|2.8|4.7|6.4||||3.5|4.5|6||||||||||4.4|9.7|13.9|||||||||||||||||||||"25942775"|"77518903"
"C"||"C"||||112|||203|||||2|9|11|2|9|14|88|95|100|88|95|100|74|87|98|32|41|49||67.5|||0.3|||4.7|||15|||29.3|||18.2|||21||||||||5|11.5|18||||0|0.25|0.5||||1.35|1.47|1.6|||||1.55|||14|28|42|0.11|0.14|0.17|||||15.1|||6.8|||36||0|1.5|2.9|16|23|30|2|7|12|0|1|6|".32"|".32"|0|0|0|0|0|0|0|0|0|0|0|0|1.2|2.6|5.6|0.9|1.9|4.2||||3.5|4.8|6||||||||||3.6|7.5|12.1|||||||||||||||||||||"25942775"|"77518904"
"A"||"A"||||0|||28|||||0|0|0|0|7|19|77|92|100|77|92|100|56|84|98|41|66|78||34.4|||3.1|||4.3|||5.9|||10.8|||10.3|||37.6||||||||10|28|35||||10|15|20||||0.54|0.77|0.99||||0.62|0.81|1.07||4|9|14|0.19|0.2|0.21||||48.5|69.9|91.4|22.1|28.9|35.8||61||0|1.5|2.9|23|34|38|9|14|15|1|7|13|".17"|".17"|0|0|0|0|0|0|0|0|0|0|0|0||||18.8|30.6|40.3|1.1|1.6|2|3.5|3.7|3.8|3.3|3.5|3.6|3.6|3.85|4.1|1.55|1.7|1.85|34|49.5|63.5|9.7|10.05|10.4|0.4|0.6|0.7|||||||||||||||"25942776"|"77518906"
"Bw"||"B"||||28|||71|||||0|0|0|0|8|11|87|92|100|87|91|100|73|85|100|28|37|53||68.7|||0.1|||3.2|||15.6|||32.9|||16.9|||16.1|||12.1|||19.9||7|15.2|27||||0|0.5|1||||1.5|1.53|1.55||||1.52|1.54|1.56||14|28|42|0.17|0.18|0.19||||19.1|20|21.2|6|10|10.6||36||0|1.5|2.9|18|27|39|3|10|19|0|2|11|".24"|".24"|0|0|0|0|0|0|0|0|0|0|0|0||||1.3|3.7|6.8|0.4|0.5|0.5|4.3|4.6|4.8|4|4.2|4.3|1.2|2.2|3.1|0.19|0.58|0.96|6.4|9.4|13.1|1.1|3|4.9|0.2|0.4|0.5|||||||||||||||"25942776"|"77518907"
"C"||"C"||||71|||137|||||0|0|0|0|8|12|87|91|100|86|91|100|76|83|98|33|37|48||70.3|||0.3|||4.9|||15.6|||30.5|||19|||22|||11|||13.5||5|7.7|15||||0|0.25|0.5||||1.4|1.45|1.51||||1.41|1.46|1.52||14|28|42|0.07|0.09|0.1|18.4||20.7|17.3|18|18.7|4.7|4.9|5.4||39||0|1.5|2.9|16|20|27|2|4|10|0|0|4|".32"|".32"|0|0|0|0|0|0|0|0|0|0|0|0||||0.9|1.9|3.7|0.5|0.5|0.5|4.9|5|5|4.3|4.3|4.3|0.9|1|1.1|0.07|0.09|0.11|5.7|6.8|8.7|0.8|0.8|0.8|0.1|0.1|0.1|||||||||||||||"25942776"|"77518908"
"Cr"||"C"||||137|||203|||||||||||||||||||||||||||0|||||||||||||||||||||||||||||0|0|0||||||||||||||14|28|42|0|0|0|||||||||||||||||||||||||||||||||||||||||||||||||||||||||||||||||||||||||||||||||"High"||"25942776"|"77518905"
"A"||"A"||||0|||23|||||0|0|0|0|11|19|77|88|100|76|88|100|61|80|96|46|63|77||33.5|||3|||4.2|||5.8|||10.5|||10|||36.5|||14|||25.7||18|30|35||||10|15|20|||||1.06||||||1.11|||4|9|14|0.19|0.2|0.21|||||33.1||22.9|24.5|35.6||47||0|1.5|2.9|49|70|85|11|19|23|3|15|27|".17"|".17"|0|0|0|0|0|0|0|0|0|0|0|0||||20.6|30.6|40.3|1.3|1.9|2.4|3.3|3.3|3.4|3|3.1|3.3|2.9|3.5|4.1|0.83|1.07|1.3|36.2|50.5|63.9|8.6|9.2|9.8|0.2|0.3|0.3|||||||||||||||"25942777"|"77518910"
"Bw"||"B"||||23|||48|||||0|0|0|8|16|22|72|81|91|71|81|90|59|72|84|42|52|63||42|||3.9|||5.5|||7.4|||13.1|||12.1|||37.6|||13.4|||27.4||15|20.4|25||||0|0.5|1||||1.33|1.38|1.42||||1.46|1.48|1.5||14|28|42|0.17|0.18|0.19||||27.8|29|30.2|11.8|13.1|14.5||36||0|1.5|2.9|24|31|37|9|14|17|0|4|9|".20"|".32"|0|0|0|0|0|0|0|0|0|0|0|0||||0.9|3|5.1|0.5|0.6|0.6|4.1|4.3|4.5|3.9|4|4.1|3.6|4.2|4.8|1.24|1.39|1.54|7.5|10.1|12.7|4.9|5.7|6.4|0.6|0.6|0.6|||||||||||||||"25942777"|"77518911"
"C"||"C"||||48|||79|||||0|0|0|15|19|24|69|77|83|69|76|82|60|69|82|26|31|42||69.9|||0.3|||4.8|||15.5|||30.4|||18.9|||22|||11.4|||12.3||5|8.1|18||||0|0.25|0.5|||||1.54||||||1.64|||14|28|42|0.07|0.09|0.1|||||11.4|||4.4|||29||0|1.5|2.9|16|20|30|2|4|12|0|0|1|".20"|".37"|0|0|0|0|0|0|0|0|0|0|0|0||||0.9|2.6|4.2||0.6||4.5|4.8|5.5|||||1.7|||0.31||4.6|7.5|10||1.8|||0.3||||||||||||||||"25942777"|"77518912"
"Cr"||"C"||||79|||203|||||||||||||||||||||||||||0|||||||||||||||||||||||||||||0|0|0||||||||||||||1.4|2.7|4|0|0|0.01|||||||||||||||||||||||||||||||||||||||||||||||||||||||||||||||||||||||||||||||||"High"||"25942777"|"77518909"
"C1"||"C"||1||0|||15||||||||||||||||||||||||97.9|||0.7|||13.4|||37.9|||38.6|||7.3|||1.6||||||||0|0.5|1||||0|0.25|0.5||||||||||||||42|92|141|0.01|0.02|0.02|||||||||||||0|1.5|2.9|8|10|12|0|0|0|0|0|0|".02"|".02"|0|0|0|0|0|0|0|0|0|0|0|0|||||||||||||||||||||||||||||||||||||||||||"Very high"||"25942829"|"77519129"
"C2"||"C"||2||15|||203||||||||||||||||||||||||97.9|||0.7|||13.4|||37.9|||38.6|||7.3|||1.6||||||||0|0.5|1||||0|0.25|0.5||||||||||||||42|92|141|0.01|0.02|0.02|||||||||||||0|1.5|2.9|8|10|12|0|0|0|0|0|0|".02"|".02"|0|0|0|0|0|0|0|0|0|0|0|0|||||||||||||||||||||||||||||||||||||||||||"Very high"||"25942829"|"77519130"
"R"||"R"||||0|||203||||||||||||||||||||||||||||||||||||||||||||||||||||||||||||||||||||||||0|0.035|0.07|0|0|0.01|||||||||||||||||||||||||||||||||||||||||||||||||||||||||||||||||||||||||||||||||"Extremely high"|"Moist"|"25942645"|"77518553"
"A"||"A"||||0|||23|||||0|0|0|0|0|4|85|92|100|67|81|100|55|71|94|39|51|69||43.8|||4.3|||5.9|||7.8|||13.5|||12.3|||40.2||||||||10|16|22||||6|10|14||||1.4|1.5|1.6|||||1.58|||14|28|42|0.16|0.18|0.2||||21.9|29.4|36.1|11.3|21|32.4|23|31|38|0|1.5|2.9|33|48|62|5|10|14|0|4|12|".20"|".20"|0|0|0|0|0|0|0|0|0|0|0|0|16|26.5|37|12|19.9|27.8||||4.5|5.5|6.5||||||||||9.1|20.9|32.8|||||||||||||||||||||"25942883"|"77519311"
"Bw"||"B"||||23|||137|||||0|0|3|0|4|13|79|88|100|46|70|100|36|62|97|25|44|72||43.8|||4.3|||5.9|||7.8|||13.5|||12.3|||40.2||||||||7|16|25||||0|0.5|1||||1.4|1.5|1.6|||||1.59|||14|28|42|0.1|0.15|0.2||||10.1|20.6|30.7|2.2|8.1|16.4|20|32|44|0|1.5|2.9|18|27|37|3|10|17|0|1|10|".24"|".37"|0|0|0|0|0|0|0|0|0|0|0|0|1.8|5.1|8.5|1.3|3.8|6.4||||4.5|5.5|6.5||||||||||0|6.5|13.4|||||||||||||||||||||"25942883"|"77519312"
"R"||"R"||||137|||203||||||||||||||||||||||||||||||||||||||||||||||||||||||||||||||||||||||||0|0.035|0.07|0|0|0.01|||||||||||||||||||||||||||||||||||||||||||||||||||||||||||||||||||||||||||||||||"Extremely high"|"Dry"|"25942883"|"77519310"
"A"||"A"||||0|||23|||||0|0|0|0|0|4|91|95|98|71|84|98|58|74|92|40|53|68||43.8|||4.3|||5.9|||7.8|||13.5|||12.3|||40.2||||||||10|16|22||||6|10|14||||1.35|1.43|1.5|||||1.5|||14|28|42|0.14|0.16|0.18||||23.2|31.3|38|11.2|20.5|30.5|27|34|40|0|1.5|2.9|33|48|62|5|10|14|0|4|12|".20"|".20"|0|0|0|0|0|0|0|0|0|0|0|0|16|26.5|37|12|19.9|27.8||||4.5|5|5.5||||||||||20.4|32.4|44.4|||||||||||||||||||||"25942884"|"77519315"
"Bw"||"B"||||23|||69|||||0|0|0|0|5|14|86|91|96|61|78|96|48|69|93|33|50|69||43.8|||4.3|||5.9|||7.8|||13.5|||12.3|||40.2||||||||7|16|25||||0|0.5|1||||1.35|1.43|1.5|||||1.51|||14|28|42|0.14|0.16|0.18||||12.7|21.8|29.6|2.7|8.3|15.3|28|37|45|0|1.5|2.9|18|27|37|3|10|17|0|2|10|".28"|".43"|0|0|0|0|0|0|0|0|0|0|0|0|1.8|5.1|8.5|1.3|3.8|6.4||||4.5|5|5.5||||||||||5|8.7|12.4|||||||||||||||||||||"25942884"|"77519316"
"R"||"R"||||79|||203||||||||||||||||||||||||||||||||||||||||||||||||||||||||||||||||||||||||0|0.035|0.07|0|0|0.01|||||||||||||||||||||||||||||||||||||||||||||||||||||||||||||||||||||||||||||||||"Extremely high"|"Dry"|"25942884"|"77519314"
"Cr"||"C"||||69|||79||||||||||||||||||||||||||||||||||||||||||||||||||||||||||||||||||||||||0|7|14|0|0.01|0.01|||||||||||||||||||||||||||||||||||||||||||||||||||||||||||||||||||||||||||||||||"High"|"Dry"|"25942884"|"77519313"
"A"||"A"||||0|||23|||||0|0|0|0|0|4|85|92|100|67|81|100|55|71|94|39|51|69||43.8|||4.3|||5.9|||7.8|||13.5|||12.3|||40.2||||||||10|16|22||||6|10|14||||1.4|1.5|1.6|||||1.58|||14|28|42|0.16|0.18|0.2||||21.9|29.4|36.1|11.3|21|32.4|23|31|38|0|1.5|2.9|33|48|62|5|10|14|0|4|12|".20"|".20"|0|0|0|0|0|0|0|0|0|0|0|0|16|26.5|37|12|19.9|27.8||||4.5|5.5|6.5||||||||||9.1|20.9|32.8|||||||||||||||||||||"25942885"|"77519318"
"Bw"||"B"||||23|||137|||||0|0|3|0|4|13|79|88|100|46|70|100|36|62|97|25|44|72||43.8|||4.3|||5.9|||7.8|||13.5|||12.3|||40.2||||||||7|16|25||||0|0.5|1||||1.4|1.5|1.6|||||1.59|||14|28|42|0.1|0.15|0.2||||10.1|20.6|30.7|2.2|8.1|16.4|20|32|44|0|1.5|2.9|18|27|37|3|10|17|0|1|10|".24"|".37"|0|0|0|0|0|0|0|0|0|0|0|0|1.8|5.1|8.5|1.3|3.8|6.4||||4.5|5.5|6.5||||||||||0|6.5|13.4|||||||||||||||||||||"25942885"|"77519319"
"R"||"R"||||137|||203||||||||||||||||||||||||||||||||||||||||||||||||||||||||||||||||||||||||0|0.035|0.07|0|0|0.01|||||||||||||||||||||||||||||||||||||||||||||||||||||||||||||||||||||||||||||||||"Extremely high"|"Dry"|"25942885"|"77519317"
"A"||"A"||||0|||23|||||0|0|0|0|0|4|91|95|98|71|84|98|58|74|92|40|53|68||43.8|||4.3|||5.9|||7.8|||13.5|||12.3|||40.2||||||||10|16|22||||6|10|14||||1.35|1.43|1.5|||||1.5|||14|28|42|0.14|0.16|0.18||||23.2|31.3|38|11.2|20.5|30.5|27|34|40|0|1.5|2.9|33|48|62|5|10|14|0|4|12|".20"|".20"|0|0|0|0|0|0|0|0|0|0|0|0|16|26.5|37|12|19.9|27.8||||4.5|5|5.5||||||||||20.4|32.4|44.4|||||||||||||||||||||"25942886"|"77519322"
"Bw"||"B"||||23|||69|||||0|0|0|0|5|14|86|91|96|61|78|96|48|69|93|33|50|69||43.8|||4.3|||5.9|||7.8|||13.5|||12.3|||40.2||||||||7|16|25||||0|0.5|1||||1.35|1.43|1.5|||||1.51|||14|28|42|0.14|0.16|0.18||||12.7|21.8|29.6|2.7|8.3|15.3|28|37|45|0|1.5|2.9|18|27|37|3|10|17|0|2|10|".28"|".43"|0|0|0|0|0|0|0|0|0|0|0|0|1.8|5.1|8.5|1.3|3.8|6.4||||4.5|5|5.5||||||||||5|8.7|12.4|||||||||||||||||||||"25942886"|"77519323"
"R"||"R"||||79|||203||||||||||||||||||||||||||||||||||||||||||||||||||||||||||||||||||||||||0|0.035|0.07|0|0|0.01|||||||||||||||||||||||||||||||||||||||||||||||||||||||||||||||||||||||||||||||||"Extremely high"|"Dry"|"25942886"|"77519321"
"Cr"||"C"||||69|||79||||||||||||||||||||||||||||||||||||||||||||||||||||||||||||||||||||||||0|7|14|0|0.01|0.01|||||||||||||||||||||||||||||||||||||||||||||||||||||||||||||||||||||||||||||||||"High"|"Dry"|"25942886"|"77519320"
"A"||"A"||||0|||23|||||0|0|0|0|0|4|86|92|100|69|82|100|56|72|94|39|52|69||43.8|||4.3|||5.9|||7.8|||13.5|||12.3|||40.2||||||||10|16|22||||6|10|14||||1.4|1.5|1.6||||1.48|1.58|1.65||14|28|42|0.16|0.18|0.2||||21.9|29.4|36.1|11.3|21|32.4|23|31|38|0|1.5|2.9|33|48|62|5|10|14|0|4|12|".20"|".20"|0|0|0|0|0|0|0|0|0|0|0|0|14.6|25.9|38.9|||||||4.5|5.5|6.5||||||||||8.4|20.6|33.7|||||||||||||||||||||"25942887"|"77519324"
"Bw"||"B"||||23|||137|||||0|0|3|0|4|12|80|89|100|47|71|100|37|63|97|25|45|72||43.8|||4.3|||5.9|||7.8|||13.5|||12.3|||40.2||||||||7|16|25||||0|0.5|1||||1.4|1.5|1.6||||1.49|1.59|1.67||14|28|42|0.1|0.15|0.2||||10.1|20.6|30.7|2.2|8.1|16.4|20|32|44|0|1.5|2.9|18|27|37|3|10|17|0|1|10|".24"|".37"|0|0|0|0|0|0|0|0|0|0|0|0|2.4|9|15.9|||||||4.5|5.5|6.5||||||||||0|8.4|17|||||||||||||||||||||"25942887"|"77519325"
"R"||"R"||||137|||203|||||||||||||||||||||||||||0|||||||||||||||||||||||||||||||||||||||||||||0|0.035|0.07|0|0|0.01|||||||||||||||||||||||0||||||||||||||||||||||||||||||||||||||||||||||||||||||||||"Extremely high"||"25942887"|"77519326"
"A"||"A"||||0|||23|||||0|0|0|0|0|4|92|95|98|72|85|98|59|74|92|41|53|68||43.8|||4.3|||5.9|||7.8|||13.5|||12.3|||40.2||||||||10|16|22||||6|10|14||||1.35|1.43|1.5||||1.42|1.5|1.57||14|28|42|0.14|0.16|0.18||||23.2|31.3|38|11.2|20.5|30.5|27|34|40|0|1.5|2.9|33|48|62|5|10|14|0|4|12|".20"|".20"|0|0|0|0|0|0|0|0|0|0|0|0|16|26.5|37|12|19.9|27.8||||4.5|5|5.5||||||||||20.4|32.4|44.4|||||||||||||||||||||"25942888"|"77519327"
"Bw"||"B"||||23|||69|||||0|0|0|0|4|14|86|91|96|63|79|96|49|70|93|34|50|70||43.8|||4.3|||5.9|||7.8|||13.5|||12.3|||40.2||||||||7|16|25||||0|0.5|1||||1.35|1.43|1.5||||1.43|1.51|1.58||14|28|42|0.14|0.16|0.18||||12.7|21.8|29.6|2.7|8.3|15.3|28|37|45|0|1.5|2.9|18|27|37|3|10|17|0|2|10|".28"|".43"|0|0|0|0|0|0|0|0|0|0|0|0|1.8|5.1|8.5|1.3|3.8|6.4||||4.5|5|5.5||||||||||5|8.7|12.4|||||||||||||||||||||"25942888"|"77519328"
"Cr"||"C"||||69|||79||||||||||||||||||||||||||||||||||||||||||||||||||||||||0|0.25|0.5||||||||||||||0|7|14|0|0.01|0.01|||||||||||||||||||||||||||||||||||||||||||||||||||||||||||||||||||||||||||||||||"High"||"25942888"|"77519329"
"R"||"R"||||79|||203||||||||||||||||||||||||||||||||||||||||||||||||||||||||||||||||||||||||0|0.035|0.07|0|0|0.01|||||||||||||||||||||||0||||||||||||||||||||||||||||||||||||||||||||||||||||||||||"Extremely high"||"25942888"|"77519330"
"A"||"A"||||0|||23|||||0|0|0|0|0|4|85|92|100|67|81|100|55|71|94|39|51|69||43.8|||4.3|||5.9|||7.8|||13.5|||12.3|||40.2||||||||10|16|22||||6|10|14||||1.4|1.5|1.6|||||1.58|||14|28|42|0.16|0.18|0.2||||21.9|29.4|36.1|11.3|21|32.4|23|31|38|0|1.5|2.9|33|48|62|5|10|14|0|4|12|".20"|".20"|0|0|0|0|0|0|0|0|0|0|0|0|16|26.5|37|12|19.9|27.8||||4.5|5.5|6.5||||||||||9.1|20.9|32.8|||||||||||||||||||||"25942881"|"77519303"
"Bw"||"B"||||23|||137|||||0|0|3|0|4|13|79|88|100|46|70|100|36|62|97|25|44|72||43.8|||4.3|||5.9|||7.8|||13.5|||12.3|||40.2||||||||7|16|25||||0|0.5|1||||1.4|1.5|1.6|||||1.59|||14|28|42|0.1|0.15|0.2||||10.1|20.6|30.7|2.2|8.1|16.4|20|32|44|0|1.5|2.9|18|27|37|3|10|17|0|1|10|".24"|".37"|0|0|0|0|0|0|0|0|0|0|0|0|1.8|5.1|8.5|1.3|3.8|6.4||||4.5|5.5|6.5||||||||||0|6.5|13.4|||||||||||||||||||||"25942881"|"77519304"
"R"||"R"||||137|||203||||||||||||||||||||||||||||||||||||||||||||||||||||||||||||||||||||||||0|0.035|0.07|0|0|0.01|||||||||||||||||||||||||||||||||||||||||||||||||||||||||||||||||||||||||||||||||"Extremely high"|"Dry"|"25942881"|"77519305"
"A"||"A"||||0|||23|||||0|0|0|0|0|4|91|95|98|71|84|98|58|74|92|40|53|68||43.8|||4.3|||5.9|||7.8|||13.5|||12.3|||40.2||||||||10|16|22||||6|10|14||||1.35|1.43|1.5|||||1.5|||14|28|42|0.14|0.16|0.18||||23.2|31.3|38|11.2|20.5|30.5|27|34|40|0|1.5|2.9|33|48|62|5|10|14|0|4|12|".20"|".20"|0|0|0|0|0|0|0|0|0|0|0|0|16|26.5|37|12|19.9|27.8||||4.5|5|5.5||||||||||20.4|32.4|44.4|||||||||||||||||||||"25942882"|"77519306"
"Bw"||"B"||||23|||69|||||0|0|0|0|5|14|86|91|96|61|78|96|48|69|93|33|50|69||43.8|||4.3|||5.9|||7.8|||13.5|||12.3|||40.2||||||||7|16|25||||0|0.5|1||||1.35|1.43|1.5|||||1.51|||14|28|42|0.14|0.16|0.18||||12.7|21.8|29.6|2.7|8.3|15.3|28|37|45|0|1.5|2.9|18|27|37|3|10|17|0|2|10|".28"|".43"|0|0|0|0|0|0|0|0|0|0|0|0|1.8|5.1|8.5|1.3|3.8|6.4||||4.5|5|5.5||||||||||5|8.7|12.4|||||||||||||||||||||"25942882"|"77519307"
"R"||"R"||||79|||203||||||||||||||||||||||||||||||||||||||||||||||||||||||||||||||||||||||||0|0.035|0.07|0|0|0.01|||||||||||||||||||||||||||||||||||||||||||||||||||||||||||||||||||||||||||||||||"Extremely high"|"Dry"|"25942882"|"77519309"
"Cr"||"C"||||69|||79||||||||||||||||||||||||||||||||||||||||||||||||||||||||||||||||||||||||0|7|14|0|0.01|0.01|||||||||||||||||||||||||||||||||||||||||||||||||||||||||||||||||||||||||||||||||"High"|"Dry"|"25942882"|"77519308"
"A"||"A"||||0|||38|||||0|0|0|0|3|5|90|95|98|73|84|96|59|73|90|40|52|66||45.3|||4.5|||6.1|||8.1|||13.9|||12.7|||43.2||||||||5|11.5|18||||8|10|15||||1.3|1.4|1.5||||1.37|1.47|1.54||14|28|42|0.13|0.17|0.2||||23.4|29.3|37|11.2|17.7|28.9|28|34|42|0|1.5|2.9|34|44|61|2|7|11|0|2|9|".32"|".32"|0|0|0|0|0|0|0|0|0|0|0|0|19.2|25|38.2|||||||4.5|5.5|6.5||||||||||11.5|20.2|33.8|||||||||||||||||||||"25942752"|"77518830"
"Cg"||"C"||||38|||71|||||0|0|0|0|7|14|83|87|92|53|62|75|38|49|64|18|25|36||65.7|||4.3|||13.3|||16.5|||19.9|||11.7|||22.8||||||||5|11.5|18||||5|8.5|12||||1.3|1.4|1.5||||1.39|1.49|1.58||14|28|42|0.1|0.13|0.15||||11.9|18.5|25.8|6|13|22.2|22|28|37|0|1.5|2.9|27|41|55|2|7|11|0|0|0|".10"|".20"|0|0|0|0|0|0|0|0|0|0|0|0|12.5|22|31.5|||||||4.5|5.5|6.5||||||||||7|18.1|29.2|||||||||||||||||||||"25942752"|"77518831"
"2Cg"|2|"C"||||71|||203|||||0|10|15|20|32|36|42|44|76|7|16|60|5|12|49|3|6|27||66.9|||4.7|||13.6|||16.7|||20.1|||11.8|||23.1||||||||5|10|15||||0|0.25|0.5||||1.4|1.5|1.6||||1.56|1.89|1.99||42|92|141|0.02|0.04|0.05||||0.7|2.5|12.2|0.2|1|6.3|2|6|28|0|1.5|2.9|16|22|27|2|6|10|0|0|0|".02"|".24"|0|0|0|0|0|0|0|0|0|0|0|0|1.2|3.1|4.9|||||||4.5|5.5|6.5||||||||||0|5.4|11.4|||||||||||||||||||"High"|"Moist"|"25942752"|"77518832"
"Ap"||"A"||||0|||36|||||0|0|0|0|0|4|90|95|100|66|89|98|53|77|92|31|48|60||55.3|||4.5|||6.1|||10.1|||17.9|||16.7|||33.2||||||||5|11.5|18||||4|6|10||||1.3|1.4|1.5||||1.37|1.47|1.53||14|28|42|0.1|0.14|0.18||||13.9|22|28.6|6.5|13.9|23.3|28|38|44|0|1.5|2.9|25|36|50|2|7|11|0|1|6|".20"|".20"|0|0|0|0|0|0|0|0|0|0|0|0|14.8|20.9|27|||||||4.5|5.9|7.3||||||||||3.7|14.5|26.2|||||||||||||||||||||"25942753"|"77518833"
"Bw"||"B"||||36|||66|||||0|0|1|0|3|11|78|93|98|47|83|96|40|76|94|17|35|48||67.5|||0.3|||4.7|||15|||29.3|||18.2|||21||||||||5|11.5|18||||0.5|0.75|1||||1.35|1.45|1.55||||1.43|1.53|1.6||14|28|42|0.08|0.12|0.15||||7.3|16.1|21.7|2.2|7.5|12.8|22|38|45|0|1.5|2.9|17|24|31|2|7|12|0|0|2|".28"|".28"|0|0|0|0|0|0|0|0|0|0|0|0|4.6|10|15.1|||||||4.5|5.9|7.3||||||||||0|7|16.6|||||||||||||||||||||"25942753"|"77518834"
"2C"|2|"C"||||66|||203|||||0|2|13|13|21|29|47|67|76|7|43|60|6|33|47|0|4|6||95.5|||0.7|||13.1|||37|||37.6|||7.1|||1.5||||||||1|3|5||||0|0.25|0.5||||1.4|1.5|1.6||||1.55|1.65|1.8||42|92|141|0.02|0.04|0.05|0.6|5.9|9.6|0.3|4|7.1|0|1.1|2.7|3|19|29|0|1.5|2.9|0|16|19|0|1|2|0|0|0|".02"|".02"|0|0|0|0|0|0|0|0|0|0|0|0|0.2|1.3|2.4|||||||4.5|5.9|7.3||||||||||0|2.5|10.1|||||||||||||||||||"High"|"Moist"|"25942753"|"77518835"
"R"||"R"||||0|||203|||||||||||||||||||||||||||0|||||||||||||||||||||||||||||||||||||||||||||0|0.035|0.07|0|0|0.01|||||||||||||||||||||||||||||||||||||||||||||||||||||||||||||||||||||||||||||||||"Extremely high"|"Very dry"|"25942827"|"77519125"
"A"||"A"||||0|||13|||||0|3|3|0|1|4|81|91|100|63|82|100|44|63|84|20|32|46||67.4|||4.4|||14.4|||17.9|||20|||10.7|||19.6||||||||6|13|20||||2|4|6||||1.2|1.35|1.5|||||1.42|||14|28|42|0.08|0.1|0.12||||11.4|18.9|26.1|4.4|10.9|18.8|28|38|50|0|1.5|2.9|21|32|43|3|8|13|0|0|3|".24"|".24"|0|0|0|0|0|0|0|0|0|0|0|0|6|12.2|18.5|4.5|9.2|13.9||||4.5|5.3|6||||||||||8.8|16.3|24.1|||||||||||||||||||||"25942828"|"77519127"
"Bw"||"B"||||13|||36|||||0|0|0|0|0|4|82|91|100|63|82|100|44|63|84|20|32|46||67.4|||4.4|||14.4|||17.9|||20|||10.7|||19.6||||||||6|13|20||||0|0.5|1||||1.2|1.35|1.5|||||1.42|||14|28|42|0.08|0.1|0.12||||9|16|21.8|2.6|7.2|12.6|31|42|52|0|1.5|2.9|17|25|33|3|8|13|0|0|2|".32"|".32"|0|0|0|0|0|0|0|0|0|0|0|0|1.5|4.4|7.2|1.1|3.3|5.4||||4.5|5.3|6||||||||||3.8|7.6|11.6|||||||||||||||||||||"25942828"|"77519128"
"R"||"R"||||36|||203|||||||||||||||||||||||||||0|||||||||||||||||||||||||||||||||||||||||||||0|0.03|0.07|0|0|0.01|||||||||||||||||||||||0||||||||||||||||||||||||||||||||||||||||||||||||||||||||||"Extremely high"||"25942828"|"77519126"
"R"||"R"||||0|||203|||||||||||||||||||||||||||0|||||||||||||||||||||||||||||||||||||||||||||0|0.035|0.07|0|0|0.01|||||||||||||||||||||||||||||||||||||||||||||||||||||||||||||||||||||||||||||||||"Extremely high"|"Very dry"|"25942825"|"77519120"
"Ap"||"A"||||0|||5|||||0|0|1|0|2|5|83|96|100|63|91|100|54|85|100|20|36|46||70.9|||0.1|||3.3|||16.1|||34|||17.4|||16.6||||||||5|12.5|20||||1|4.5|8||||1|1.2|1.4|||||1.26|||14|28|42|0.12|0.14|0.15||||9.7|20.1|26.6|3|11.2|19.5|32|47|57|0|1.5|2.9|15|22.5|30|0|3.5|7|0|0|1|".20"|".20"|0|0|0|0|0|0|0|0|0|0|0|0|3.5|13.2|23|2.6|9.9|17.2||||4.5|5|5.5||||||||||7.2|18.1|29.1|||||||||||||||||||||"25942826"|"77519123"
"Bw"||"B"||||5|||28|||||0|0|0|0|3|4|87|93|100|70|83|100|59|77|100|22|32|46||70.9|||0.1|||3.3|||16.1|||34|||17.4|||16.6||||||||5|12.5|20||||0|0.5|1||||1.35|1.48|1.6|||||1.56|||14|28|42|0.1|0.13|0.16||||9.4|16.5|23.3|2.6|7.9|14.7|29|37|46|0|1.5|2.9|16|24|33|2|8|13|0|0|2|".28"|".28"|0|0|0|0|0|0|0|0|0|0|0|0|4.1|10.6|16.6|||||||5.1|6.2|7.3||||||||||0|5.7|14.4|||||||||||||||||||||"25942826"|"77519124"
"C"||"C"||||28|||38|||||0|0|1|0|3|7|72|76|97|36|46|97|25|35|81|11|18|44||67.9|||4.5|||14.5|||18|||20.2|||10.7|||19.6||||||||5|12.5|20||||0|0.25|0.5||||1.4|1.6|1.8|||||1.73|||14|28|42|0.07|0.1|0.12||||5.4|10.6|22.5|1.5|5|13.9|14|21|44|0|1.5|2.9|16|24|32|2|8|13|0|0|2|".10"|".28"|0|0|0|0|0|0|0|0|0|0|0|0|4.1|10.3|16.2|||||||5.1|6.2|7.3||||||||||0|5.4|14|||||||||||||||||||||"25942826"|"77519121"
"Cr"||"C"||||38|||203|||||||||||||||||||||||||||0|||||||||||||||||||||||||||||0|0|0||||||||||||||0|7|14|0|0|0.01|||||||||||||||||||||||||||||||||||||||||||||||||||||||||||||||||||||||||||||||||"High"||"25942826"|"77519122"
"A"||"A"||||0|||51|||||0|0|0|0|0|0|98|98|100|93|94|100|72|86|98|53|67|78||35|||3.3|||4.6|||6.2|||10.9|||10|||45||||||||7|20|27||||8|12|18||||1.3|1.4|1.5||||1.37|1.47|1.53||4|9|14|0.15|0.18|0.2||||28.5|34.2|39|14.2|25.8|37.6|32|36|41|0|1.5|2.9|35|55|74|3|13|17|0|10|20|".28"|".28"|0|0|0|0|0|0|0|0|0|0|0|0|19.8|31.2|47.2|||||||5.1|5.8|6.5||||||||||11.8|22.6|36.5|||||||||||||||||||||"25942783"|"77518928"
"Cg1"||"C"||1||51|||107|||||0|0|0|0|0|3|95|97|98|81|90|95|67|86|93|58|75|82||25|||0.6|||3.6|||2.8|||2.9|||15.1|||51||||||||12|24|27||||4|8|12||||1.45|1.55|1.65||||1.53|1.63|1.7||14|78|141|0.05|0.1|0.15||||23|30.4|35.2|11.5|24.5|32.3|26|32|37|0|1.5|2.9|31|50|62|7|16|18|2|13|19|".28"|".28"|0|0|0|0|0|0|0|0|0|0|0|0|12|24|33.8|||||||5.1|5.8|6.5||||||||||6.3|17.4|27.4|||||||||||||||||||||"25942783"|"77518929"
"Cg3"||"C"||3||127|||203|||||0|0|0|5|9|12|95|97|100|81|90|100|53|69|80|22|35|42||67|||4.4|||14.3|||17.8|||19.9|||10.6|||16||||||||5|17|20||||0.5|1.25|2||||1.45|1.55|1.65||||1.53|1.63|1.71||14|78|141|0.05|0.1|0.15||||10.5|19.5|23.4|3.2|11.4|15.4|28|34|41|0|1.5|2.9|17|30|35|2|11|13|0|0|0|".17"|".17"|0|0|0|0|0|0|0|0|0|0|0|0|2.4|7.1|9.5|||||||5.1|5.8|6.5||||||||||0.1|6.3|11.3|||||||||||||||||||||"25942783"|"77518930"
"Cg2"||"C"||2||107|||127|||||0|0|0|0|0|3|95|97|100|81|90|100|75|87|100|68|80|94||16|||0.5|||1.9|||2.6|||2.9|||8.1|||55||||||||25|29|34||||0.5|1.25|2||||1.45|1.55|1.65||||1.53|1.63|1.7||14|78|141|0.05|0.1|0.15||||26.4|30.7|35|14|18.5|23.8|30|36|42|0|1.5|2.9|34|40|47|17|20|24|9|15|24|".32"|".32"|0|0|0|0|0|0|0|0|0|0|0|0|7.4|10.1|13|||||||5.1|5.8|6.5||||||||||2.6|7.8|13|||||||||||||||||||||"25942783"|"77518931"
"Bw"||"B"||||25|||150|||||0|0|0|0|0|0|95|96|100|84|91|98|71|83|96|30|39|49||67.7|||0.3|||4.7|||15|||29.4|||18.3|||21.3||||||||4|11|18||||0|1|2||||1.25|1.38|1.5||||1.32|1.45|1.51||14|28|42|0.1|0.14|0.18||||9.5|17|22.4|2.3|7.7|13.6|37|43|49|0|1.5|2.9|15|24|33|1|7|12|0|0|2|".28"|".28"|0|0|0|0|0|0|0|0|0|0|0|0|2.1|5.6|9|||||||5.1|5.8|6.5||||||||||0|5.4|11|||||||||||||||||||||"25942784"|"77518932"
"C"||"C"||||150|||203|||||0|0|0|0|0|0|95|96|100|84|91|98|71|83|96|30|39|49||67.7|||0.3|||4.7|||15|||29.4|||18.3|||21.3||||||||4|11|18||||0|0.5|1||||1.25|1.38|1.5||||1.32|1.45|1.51||14|28|42|0.1|0.14|0.18||||9.5|16.4|21.4|2.3|7.1|12.3|37|43|49|0|1.5|2.9|15|23|31|1|7|12|0|0|2|".32"|".32"|0|0|0|0|0|0|0|0|0|0|0|0|1|5.6|6.8|||||||5.1|5.8|6.5||||||||||0|5.2|9.5|||||||||||||||||||||"25942784"|"77518933"
"Ap"||"A"||||0|||25|||||0|0|0|0|0|0|95|96|100|84|91|98|80|89|98|50|56|69||60|||0|||0|||8|||24|||28|||30||||||||8|10|18||||4|6|8||||1.25|1.33|1.4||||1.31|1.39|1.46||14|28|42|0.12|0.15|0.18||||17.8|21.5|26.9|9.1|13|20.3|37|42|46|0|1.5|2.9|27|34|46|4|6|12|0|1|8|".28"|".28"|0|0|0|0|0|0|0|0|0|0|0|0|11|16|22.5|||||||5.1|5.8|6.5||||||||||5.8|12.6|20.2|||||||||||||||||||||"25942784"|"77518934"
"Oe"||"O"|||0|0|0|2|3|4||3||0|0|0|0|0|0||||||||||||||||||||||||||||||||||||||||||||||48|60|84||||0.1|0.15|0.2|||||||1.8|42|92|141|0.03|0.05|0.08||||50|55|70|12|20|30||||||||||||||||||0|0|0|0|0|0|0|0|0|0|0|0||||10|40|75||||3.8|4.2|4.6|3|3.4|3.8||||||||||||||||||||||||||||||"25942811"|"77519058"
"Cr"||"C"|||52|86|102|203|203|203||117|||||||||||||||||||||||||||||||||||||||||||||||||||||||||||||||||||||0.0001|7|14|0|0|0.01|||||||||||||||||||||||||||||||||||||||||||||||||||||||||||||||||||||||||||||||||||"25942811"|"77519059"
"BC"||"BC"|||51|66|93|52|86|102||20||0|4|7|1|14|20|79|87|99|79|86|99|70|80|95|27|33|42|48|63|67|0|0|0|0|0|0|24|31|33|23|30|32|2|2|2|18|23|37|||||||10|14|18|0|0|0|0|0.2|0.5||||1.42|1.51|1.6||||1.46|1.55|1.64|2.66|14|28|42|0.08|0.1|0.12||||11.6|15.7|21.8|4.8|7.9|12.8|27|33|44|0.4|0.7|1.3|20|24|29|6|9|12|0|0|1|".15"|".24"|0|0|0|0|0|0|0|0|0|0|0|0||||2.9|4.7|8.4|1.4|1.8|7.6|3.6|4.5|5.5||||||||||5.9|9.4|13.7|||||||||||||||||||||"25942811"|"77519060"
"Bw2"||"B"||2|38|43|57|51|66|93||23||1|4|7|1|15|21|78|86|99|78|86|99|69|79|95|27|33|42|48|63|67|0|0|0|0|0|0|24|31|33|23|30|32|2|2|2|18|23|38|||||||10|14|18|0|0|0|0|0.5|1||||1.45|1.49|1.53||||1.48|1.52|1.56|2.66|14|28|42|0.08|0.1|0.12||||11.4|15.8|22|4.7|8.1|13.2|28|34|42|0.4|0.6|1.3|20|25|30|6|9|12|0|0|1|".15"|".20"|0|0|0|0|0|0|0|0|0|0|0|0||||2.7|4.3|8.4|1.3|1.3|7.5|3.6|4.5|5.5||||||||||5.8|9.8|14.6|||||||||||||||||||||"25942811"|"77519061"
"Bw1"||"B"||1|8|15|24|38|43|57||28||1|2|7|1|11|21|78|90|99|78|90|99|69|83|95|27|34|42|48|63|67|0|0|0|0|0|0|24|31|33|23|30|32|2|2|2|18|23|36|||||||10|14|18|0|0|0|0|0.5|1||||1.41|1.47|1.53||||1.45|1.51|1.54|2.66|14|28|42|0.09|0.11|0.13||||11.4|17|21.9|4.6|8.6|13|28|37|44|0.4|0.7|1.3|20|25|30|6|9|12|0|0|1|".20"|".20"|0|0|0|0|0|0|0|0|0|0|0|0||||2.7|4.3|8.4|1.3|1.3|7.5|3.6|4.5|5.5||||||||||5.8|9.8|14.6|||||||||||||||||||||"25942811"|"77519062"
"BA"||"BA"|||5|8|20|8|15|24||7||2|2|8|3|11|23|74|90|98|74|89|98|65|82|94|25|34|41|48|63|67|0|0|0|0|0|0|24|31|33|23|30|32|2|2|2|18|23|37|||||||10|14|18|0|0|0|2|4|6||||1.34|1.41|1.48||||1.37|1.44|1.51|2.6|14|28|42|0.13|0.15|0.17||||12.4|19.9|25.3|6|12.3|18.5|27|38|44|0.3|0.6|1|25|33|41|6|8|11|0|0|1|".10"|".10"|0|0|0|0|0|0|0|0|0|0|0|0||||2.2|3.4|4.9|0.4|0.6|3.6|3.6|4.5|5.5||||||||||9.1|15.6|21.9|||||||||||||||||||||"25942811"|"77519063"
"A"||"A"|||2|3|4|5|8|20||5||2|3|6|5|8|10|92|94|96|92|94|96|80|87|92|31|37|40|55|61|67|0|0|0|0|0|0|28|31|34|27|30|34|0|0|0|18|24|32|||||||10|15|18|0|0|0|2|4|6||||1.28|1.38|1.49||||1.31|1.41|1.52|2.6|14|28|42|0.13|0.15|0.17||||16.1|21|24.6|7.7|13.1|17.7|35|40|45|0.4|0.7|0.9|25|34|41|6|9|11|0|0|1|".05"|".05"|0|0|0|0|0|0|0|0|0|0|0|0||||2.2|3.6|4.9|0.9|1.9|4.4|3.6|4.5|5.5||||||||||9.1|15.7|21.9|||||||||||||||||||||"25942811"|"77519064"
"Cr"||"C"|||102|122|152|203|203|203||81|||||||||||||||||||||||||||||||||||||||||||||||||||||||||||||||||||||0.0001|7|14|0|0|0.01|||||||||||||||||||||||||||||||||||||||||||||||||||||||||||||||||||||||||||||||||||"25942812"|"77519065"
"BC"||"BC"|||68|86|102|102|122|152||36||1|2|7|3|9|22|74|92|98|74|92|98|63|82|91|32|43|50|48|56|62|0|0|0|3|3|3|27|31|34|15|17|31|4|5|6|24|30|39|||||||10|14|18|0|0|0|0|0.2|0.5||||1.36|1.46|1.57||||1.39|1.49|1.6|2.66|14|28|42|0.09|0.11|0.13||||10.5|16.6|20.4|4.1|7.9|11.3|26|38|45|0.4|0.7|1.2|20|24|29|6|9|12|0|0|2|".28"|".28"|0|0|0|0|0|0|0|0|0|0|0|0||||2.9|4.7|8.4|1.4|1.8|7.6|3.6|4.5|5.5||||||||||5.9|9.4|13.7|||||||||||||||||||||"25942812"|"77519066"
"Bw1"||"B"||1|10|15|23|33|61|74||46||0|1|7|2|8|16|83|93|98|83|93|98|70|85|94|35|45|53|44|54|65|0|0|0|1|1|1|25|31|37|14|17|31|4|5|6|21|32|43|||||||8|14|19|0|0|0|0|0.5|1||||1.46|1.48|1.51||||1.49|1.51|1.54|2.66|14|28|42|0.1|0.12|0.14||||10.9|17.3|21.7|3.8|8.5|12.9|31|38|42|0.3|0.7|1.3|19|25|31|4|8|12|0|0|3|".28"|".28"|0|0|0|0|0|0|0|0|0|0|0|0||||2.1|4.3|8.9|1.3|1.3|7.9|3.6|4.5|5.5||||||||||5.4|9.8|14.8|||||||||||||||||||||"25942812"|"77519067"
"BA"||"BA"|||5|8|20|10|15|23||7||1|2|4|6|8|9|91|93|94|91|93|94|81|86|91|32|36|41|55|61|67|0|0|0|0|0|0|28|31|34|27|30|34|0|0|0|18|25|32|||||||10|14|18|0|0|0|2|4|6||||1.39|1.42|1.46||||1.42|1.45|1.46|2.6|14|28|42|0.13|0.15|0.17||||16.5|20.9|24.5|8|12.9|17.9|37|39|41|0.4|0.7|0.9|25|33|41|6|8|11|0|0|1|".10"|".10"|0|0|0|0|0|0|0|0|0|0|0|0||||2.2|3.4|4.9|0.4|0.6|3.6|3.6|4.5|5.5||||||||||9.1|15.6|21.9|||||||||||||||||||||"25942812"|"77519068"
"A"||"A"|||2|3|4|5|8|20||5||1|1|4|4|8|9|91|93|96|91|92|96|80|85|92|31|36|40|55|61|67|0|0|0|0|0|0|28|31|34|27|30|33|0|0|0|18|24|31|||||||10|15|18|0|0|0|2|4|6||||1.34|1.42|1.49||||1.37|1.45|1.52|2.6|14|28|42|0.13|0.15|0.17||||16.5|21.3|25.1|8|13.5|18.4|36|39|44|0.4|0.7|1|25|34|41|6|9|11|0|0|1|".10"|".10"|0|0|0|0|0|0|0|0|0|0|0|0||||2.2|3.6|4.9|0.9|1.9|4.4|3.6|4.5|5.5||||||||||9.1|15.7|21.9|||||||||||||||||||||"25942812"|"77519069"
"Oe"||"O"|||0|0|0|2|3|4||3||0|0|0|0|0|0||||||||||||||||||||||||||||||||||||||||||||||48|60|84||||0.1|0.15|0.2|||||||1.8|42|92|141|0.03|0.05|0.08||||50|55|70|12|20|30||||||||||||||||||0|0|0|0|0|0|0|0|0|0|0|0||||10|40|75||||3.8|4.2|4.6|3|3.4|3.8||||||||||||||||||||||||||||||"25942812"|"77519070"
"Bw2"||"B"||2|33|61|74|68|86|102||25||1|1|9|3|7|20|80|94|98|80|94|98|68|85|94|34|46|53|44|54|65|0|0|0|1|1|1|25|31|37|14|17|31|4|5|6|21|32|43|||||||8|14|19|0|0|0|0|0.5|1||||1.46|1.48|1.51||||1.49|1.51|1.54|2.66|14|28|42|0.1|0.12|0.14||||10|17.5|21.5|3.5|8.6|12.7|29|39|41|0.3|0.7|1.3|19|25|31|4|8|12|0|0|3|".28"|".28"|0|0|0|0|0|0|0|0|0|0|0|0||||2.1|4.3|8.9|1.3|1.3|7.9|3.6|4.5|5.5||||||||||5.4|9.8|14.8|||||||||||||||||||||"25942812"|"77519071"
"A"||"A"|||2|3|4|5|8|20||5||2|3|6|5|8|10|92|94|96|92|94|96|80|87|92|31|37|40|55|61|67|0|0|0|0|0|0|28|31|34|27|30|34|0|0|0|18|24|32|||||||10|15|18|0|0|0|2|4|6||||1.28|1.38|1.49||||1.31|1.41|1.52|2.6|14|28|42|0.13|0.15|0.17||||16.1|21|24.6|7.7|13.1|17.7|35|40|45|0.4|0.7|0.9|25|34|41|6|9|11|0|0|1|".05"|".05"|0|0|0|0|0|0|0|0|0|0|0|0||||2.2|3.6|4.9|0.9|1.9|4.4|3.6|4.5|5.5||||||||||9.1|15.7|21.9|||||||||||||||||||||"25942809"|"77519044"
"Oe"||"O"|||0|0|0|2|3|4||3||0|0|0|0|0|0||||||||||||||||||||||||||||||||||||||||||||||48|60|84||||0.1|0.15|0.2|||||||1.8|42|92|141|0.03|0.05|0.08||||50|55|70|12|20|30||||||||||||||||||0|0|0|0|0|0|0|0|0|0|0|0||||10|40|75||||3.8|4.2|4.6|3|3.4|3.8||||||||||||||||||||||||||||||"25942809"|"77519045"
"BA"||"BA"|||5|8|20|8|15|24||7||2|2|8|3|11|23|74|90|98|74|89|98|65|82|94|25|34|41|48|63|67|0|0|0|0|0|0|24|31|33|23|30|32|2|2|2|18|23|37|||||||10|14|18|0|0|0|2|4|6||||1.32|1.4|1.48||||1.35|1.43|1.51|2.6|14|28|42|0.13|0.15|0.17||||12.4|19.8|25.3|6|12.2|18.3|27|38|45|0.3|0.6|1|25|33|41|6|8|11|0|0|1|".10"|".10"|0|0|0|0|0|0|0|0|0|0|0|0||||2.2|3.4|4.9|0.4|0.6|3.6|3.6|4.5|5.5||||||||||9.1|15.6|21.9|||||||||||||||||||||"25942809"|"77519046"
"Bw1"||"B"||1|8|15|24|38|43|57||28||1|2|7|1|11|21|78|90|99|78|90|99|69|83|95|27|34|42|48|63|67|0|0|0|0|0|0|24|31|33|23|30|32|2|2|2|18|23|36|||||||10|14|18|0|0|0|0|0.5|1||||1.41|1.47|1.53||||1.45|1.51|1.54|2.66|14|28|42|0.09|0.11|0.13||||11.4|17|21.9|4.6|8.6|13|28|37|44|0.4|0.7|1.3|20|25|30|6|9|12|0|0|1|".20"|".20"|0|0|0|0|0|0|0|0|0|0|0|0||||2.7|4.3|8.4|1.3|1.3|7.5|3.6|4.5|5.5||||||||||5.8|9.8|14.6|||||||||||||||||||||"25942809"|"77519047"
"Bw2"||"B"||2|38|43|57|51|66|93||23||1|4|7|1|15|21|78|86|99|78|86|99|69|79|95|27|33|42|48|63|67|0|0|0|0|0|0|24|31|33|23|30|32|2|2|2|18|23|38|||||||10|14|18|0|0|0|0|0.5|1||||1.41|1.47|1.53||||1.44|1.5|1.54|2.66|14|28|42|0.08|0.1|0.12||||11.4|15.8|21.9|4.6|8|13|28|34|44|0.4|0.6|1.3|20|25|30|6|9|12|0|0|1|".15"|".20"|0|0|0|0|0|0|0|0|0|0|0|0||||2.7|4.3|8.4|1.3|1.3|7.5|3.6|4.5|5.5||||||||||5.8|9.8|14.6|||||||||||||||||||||"25942809"|"77519048"
"BC"||"BC"|||51|66|93|52|86|102||20||0|4|7|1|14|20|79|87|99|79|86|99|70|80|95|27|33|42|48|63|67|0|0|0|0|0|0|24|31|33|23|30|32|2|2|2|18|23|37|||||||10|14|18|0|0|0|0|0.2|0.5||||1.53|1.56|1.6||||1.57|1.6|1.64|2.66|14|28|42|0.08|0.1|0.12||||11.7|15.8|22.1|4.9|8.1|13.2|26|32|40|0.4|0.7|1.3|20|24|29|6|9|12|0|0|1|".15"|".24"|0|0|0|0|0|0|0|0|0|0|0|0||||2.9|4.7|8.4|1.4|1.8|7.6|3.6|4.5|5.5||||||||||5.9|9.4|13.7|||||||||||||||||||||"25942809"|"77519049"
"Cr"||"C"|||52|86|102|203|203|203||117|||||||||||||||||||||||||||||||||||||||||||||||||||||||||||||||||||||0.0001|7|14|0|0|0.01|||||||||||||||||||||||||||||||||||||||||||||||||||||||||||||||||||||||||||||||||"High"|"Slightly moist"|"25942809"|"77519050"
"Oe"||"O"|||0|0|0|2|3|4||3||0|0|0|0|0|0||||||||||||||||||||||||||||||||||||||||||||||48|60|84||||0.1|0.15|0.2|||||||1.8|42|92|141|0.03|0.05|0.08||||50|55|70|12|20|30||||||||||||||||||0|0|0|0|0|0|0|0|0|0|0|0||||10|40|75||||3.8|4.2|4.6|3|3.4|3.8||||||||||||||||||||||||||||||"25942810"|"77519051"
"Bw2"||"B"||2|33|61|74|68|86|102||25||1|1|9|3|7|20|80|94|98|80|94|98|68|85|94|34|46|53|44|54|65|0|0|0|1|1|1|25|31|37|14|17|31|4|5|6|21|32|43|||||||8|14|19|0|0|0|0|0.5|1||||1.46|1.48|1.51||||1.49|1.51|1.54|2.66|14|28|42|0.1|0.12|0.14||||10|17.5|21.5|3.5|8.6|12.7|29|39|41|0.3|0.7|1.3|19|25|31|4|8|12|0|0|3|".28"|".28"|0|0|0|0|0|0|0|0|0|0|0|0||||2.1|4.3|8.9|1.3|1.3|7.9|3.6|4.5|5.5||||||||||5.4|9.8|14.8|||||||||||||||||||||"25942810"|"77519052"
"A"||"A"|||2|3|4|5|8|20||5||1|1|4|4|8|9|91|93|96|91|92|96|80|85|92|31|36|40|55|61|67|0|0|0|0|0|0|28|31|34|27|30|33|0|0|0|18|24|31|||||||10|15|18|0|0|0|2|4|6||||1.34|1.42|1.49||||1.37|1.45|1.52|2.6|14|28|42|0.13|0.15|0.17||||16.5|21.3|25.1|8|13.5|18.4|36|39|44|0.4|0.7|1|25|34|41|6|9|11|0|0|1|".10"|".10"|0|0|0|0|0|0|0|0|0|0|0|0||||2.2|3.6|4.9|0.9|1.9|4.4|3.6|4.5|5.5||||||||||9.1|15.7|21.9|||||||||||||||||||||"25942810"|"77519053"
"BA"||"BA"|||5|8|20|10|15|23||7||1|2|4|6|8|9|91|93|94|91|93|94|81|86|91|32|36|41|55|61|67|0|0|0|0|0|0|28|31|34|27|30|34|0|0|0|18|25|32|||||||10|14|18|0|0|0|2|4|6||||1.39|1.42|1.46||||1.42|1.45|1.46|2.6|14|28|42|0.13|0.15|0.17||||16.5|20.9|24.5|8|12.9|17.9|37|39|41|0.4|0.7|0.9|25|33|41|6|8|11|0|0|1|".10"|".10"|0|0|0|0|0|0|0|0|0|0|0|0||||2.2|3.4|4.9|0.4|0.6|3.6|3.6|4.5|5.5||||||||||9.1|15.6|21.9|||||||||||||||||||||"25942810"|"77519054"
"Bw1"||"B"||1|10|15|23|33|61|74||46||0|1|7|2|8|16|83|93|98|83|93|98|70|85|94|35|45|53|44|54|65|0|0|0|1|1|1|25|31|37|14|17|31|4|5|6|21|32|43|||||||8|14|19|0|0|0|0|0.5|1||||1.46|1.48|1.51||||1.49|1.51|1.54|2.66|14|28|42|0.1|0.12|0.14||||10.9|17.3|21.7|3.8|8.5|12.9|31|38|42|0.3|0.7|1.3|19|25|31|4|8|12|0|0|3|".28"|".28"|0|0|0|0|0|0|0|0|0|0|0|0||||2.1|4.3|8.9|1.3|1.3|7.9|3.6|4.5|5.5||||||||||5.4|9.8|14.8|||||||||||||||||||||"25942810"|"77519055"
"BC"||"BC"|||68|86|102|102|122|152||36||1|2|7|3|9|22|74|92|98|74|92|98|63|82|91|32|43|50|48|56|62|0|0|0|3|3|3|27|31|34|15|17|31|4|5|6|24|30|39|||||||10|14|18|0|0|0|0|0.2|0.5||||1.36|1.46|1.57||||1.39|1.49|1.6|2.66|14|28|42|0.09|0.11|0.13||||10.5|16.6|20.4|4.1|7.9|11.3|26|38|45|0.4|0.7|1.2|20|24|29|6|9|12|0|0|2|".28"|".28"|0|0|0|0|0|0|0|0|0|0|0|0||||2.9|4.7|8.4|1.4|1.8|7.6|3.6|4.5|5.5||||||||||5.9|9.4|13.7|||||||||||||||||||||"25942810"|"77519056"
"Cr"||"C"|||102|122|152|203|203|203||81|||||||||||||||||||||||||||||||||||||||||||||||||||||||||||||||||||||0.0001|7|14|0|0|0.01|||||||||||||||||||||||||||||||||||||||||||||||||||||||||||||||||||||||||||||||||"High"|"Slightly moist"|"25942810"|"77519057"
"A"||"A"|||2|3|4|5|8|20||5||2|3|6|5|8|10|92|94|96|92|94|96|80|87|92|31|37|40|55|61|67|0|0|0|0|0|0|28|31|34|27|30|34|0|0|0|18|24|32|||||||10|15|18|0|0|0|2|4|6||||1.28|1.38|1.49||||1.31|1.41|1.52|2.6|14|28|42|0.13|0.15|0.17||||16.1|21|24.6|7.7|13.1|17.7|35|40|45|0.4|0.7|0.9|25|34|41|6|9|11|0|0|1|".05"|".05"|0|0|0|0|0|0|0|0|0|0|0|0||||2.2|3.6|4.9|0.9|1.9|4.4|3.6|4.5|5.5||||||||||9.1|15.7|21.9|||||||||||||||||||||"25942807"|"77519030"
"BA"||"BA"|||5|8|20|8|15|24||7||2|2|7|3|11|23|75|90|98|74|89|98|65|82|94|25|34|41|48|63|67|0|0|0|0|0|0|24|31|33|23|30|32|2|2|2|18|23|37|||||||10|14|18|0|0|0|1|3|5||||1.34|1.41|1.48||||1.37|1.44|1.51|2.62|14|28|42|0.12|0.14|0.16||||11.7|19|24.6|5.1|11.1|17.2|27|38|44|0.3|0.6|1|23|31|38|6|9|11|0|0|1|".10"|".10"|0|0|0|0|0|0|0|0|0|0|0|0||||2.2|3.5|5.3|0.4|0.6|4.9|3.6|4.5|5.5||||||||||7.4|13.8|20.3|||||||||||||||||||||"25942807"|"77519031"
"BC"||"BC"|||51|66|93|52|86|102||20||0|4|7|1|14|20|79|86|99|78|86|99|69|79|95|27|33|42|48|63|67|0|0|0|0|0|0|24|31|33|23|30|32|2|2|2|18|23|37|||||||10|14|18|0|0|0|0|0.2|0.5||||1.42|1.51|1.6||||1.46|1.55|1.64|2.66|14|28|42|0.08|0.1|0.12||||11.5|15.7|21.8|4.7|7.9|12.8|26|33|44|0.4|0.7|1.3|20|24|29|6|9|12|0|0|1|".15"|".24"|0|0|0|0|0|0|0|0|0|0|0|0||||2.9|4.7|8.4|1.4|1.8|7.6|3.6|4.5|5.5||||||||||5.9|9.4|13.7|||||||||||||||||||||"25942807"|"77519032"
"Bw1"||"B"||1|8|15|24|38|43|57||28||1|2|7|1|11|21|78|90|99|78|90|99|69|83|95|27|34|42|48|63|67|0|0|0|0|0|0|24|31|33|23|30|32|2|2|2|18|23|36|||||||10|14|18|0|0|0|0|0.5|1||||1.41|1.47|1.53||||1.45|1.51|1.54|2.66|14|28|42|0.09|0.11|0.13||||11.4|17|21.9|4.6|8.6|13|28|37|44|0.4|0.7|1.3|20|25|30|6|9|12|0|0|1|".20"|".20"|0|0|0|0|0|0|0|0|0|0|0|0||||2.7|4.3|8.4|1.3|1.3|7.5|3.6|4.5|5.5||||||||||5.8|9.8|14.6|||||||||||||||||||||"25942807"|"77519033"
"Bw2"||"B"||2|38|43|57|51|66|93||23||0|4|7|1|15|20|79|86|99|78|86|99|69|79|95|27|33|42|48|63|67|0|0|0|0|0|0|24|31|33|23|30|32|2|2|2|18|23|38|||||||10|14|18|0|0|0|0|0.5|1||||1.45|1.49|1.53||||1.48|1.52|1.56|2.66|14|28|42|0.08|0.1|0.12||||11.5|15.8|22.2|4.7|8.1|13.3|28|34|43|0.4|0.6|1.3|20|25|30|6|9|12|0|0|1|".15"|".20"|0|0|0|0|0|0|0|0|0|0|0|0||||2.7|4.3|8.4|1.3|1.3|7.5|3.6|4.5|5.5||||||||||5.8|9.8|14.6|||||||||||||||||||||"25942807"|"77519034"
"Oe"||"O"|||0|0|0|2|3|4||3||0|0|0|0|0|0||||||||||||||||||||||||||||||||||||||||||||||48|60|84||||0.1|0.15|0.2|||||||1.8|42|92|141|0.03|0.05|0.08||||50|55|70|12|20|30||||||||||||||||||0|0|0|0|0|0|0|0|0|0|0|0||||10|40|75||||3.8|4.2|4.6|3|3.4|3.8||||||||||||||||||||||||||||||"25942807"|"77519036"
"Cr"||"C"|||52|86|102|203|203|203||117|||||||||||||||||||||||||||||||||||||||||||||||||||||||||||||||||||||0.0001|7|14|0|0|0.01|||||||||||||||||||||||||||||||||||||||||||||||||||||||||||||||||||||||||||||||||"Moderate"|"Slightly moist"|"25942807"|"77519035"
"Oe"||"O"|||0|0|0|2|3|4||3||0|0|0|0|0|0||||||||||||||||||||||||||||||||||||||||||||||48|60|84||||0.1|0.15|0.2|||||||1.8|42|92|141|0.03|0.05|0.08||||50|55|70|12|20|30||||||||||||||||||0|0|0|0|0|0|0|0|0|0|0|0||||10|40|75||||3.8|4.2|4.6|3|3.4|3.8||||||||||||||||||||||||||||||"25942808"|"77519037"
"A"||"A"|||2|3|4|5|8|20||5||1|1|4|4|8|9|91|93|96|91|92|96|80|85|92|31|36|40|55|61|67|0|0|0|0|0|0|28|31|34|27|30|33|0|0|0|18|24|31|||||||10|15|18|0|0|0|2|4|6||||1.34|1.42|1.49||||1.37|1.45|1.52|2.6|14|28|42|0.13|0.15|0.17||||16.5|21.3|25.1|8|13.5|18.4|36|39|44|0.4|0.7|1|25|34|41|6|9|11|0|0|1|".10"|".10"|0|0|0|0|0|0|0|0|0|0|0|0||||2.2|3.6|4.9|0.9|1.9|4.4|3.6|4.5|5.5||||||||||9.1|15.7|21.9|||||||||||||||||||||"25942808"|"77519038"
"BA"||"BA"|||5|8|20|10|15|23||7||1|2|4|6|8|9|92|93|94|91|93|94|81|86|91|32|36|41|55|61|67|0|0|0|0|0|0|28|31|34|27|30|34|0|0|0|18|25|32|||||||10|14|18|0|0|0|1|3|5||||1.4|1.43|1.46||||1.43|1.46|1.48|2.62|14|28|42|0.12|0.14|0.16||||15.4|20|23.8|6.8|11.8|16.8|36|39|41|0.4|0.7|1|23|31|38|6|9|11|0|0|1|".15"|".15"|0|0|0|0|0|0|0|0|0|0|0|0||||2.2|3.5|5.3|0.4|0.6|4.9|3.6|4.5|5.5||||||||||7.4|13.8|20.3|||||||||||||||||||||"25942808"|"77519039"
"BC"||"BC"|||68|86|102|102|122|152||36||1|2|7|3|9|22|74|92|98|74|92|98|63|82|91|32|43|50|48|56|62|0|0|0|3|3|3|27|31|34|15|17|31|4|5|6|24|30|39|||||||10|14|18|0|0|0|0|0.2|0.5||||1.36|1.46|1.57||||1.39|1.49|1.6|2.66|14|28|42|0.09|0.11|0.13||||10.5|16.6|20.4|4.1|7.9|11.3|26|38|45|0.4|0.7|1.2|20|24|29|6|9|12|0|0|2|".28"|".28"|0|0|0|0|0|0|0|0|0|0|0|0||||2.9|4.7|8.4|1.4|1.8|7.6|3.6|4.5|5.5||||||||||5.9|9.4|13.7|||||||||||||||||||||"25942808"|"77519040"
"Bw1"||"B"||1|10|15|23|33|61|74||46||0|1|7|2|8|16|83|93|98|83|93|98|70|85|94|35|45|53|44|54|65|0|0|0|1|1|1|25|31|37|14|17|31|4|5|6|21|32|43|||||||8|14|19|0|0|0|0|0.5|1||||1.46|1.48|1.51||||1.49|1.51|1.54|2.66|14|28|42|0.1|0.12|0.14||||10.9|17.3|21.7|3.8|8.5|12.9|31|38|42|0.3|0.7|1.3|19|25|31|4|8|12|0|0|3|".28"|".28"|0|0|0|0|0|0|0|0|0|0|0|0||||2.1|4.3|8.9|1.3|1.3|7.9|3.6|4.5|5.5||||||||||5.4|9.8|14.8|||||||||||||||||||||"25942808"|"77519041"
"Bw2"||"B"||2|33|61|74|68|86|102||25||1|1|9|3|7|20|80|94|98|80|94|98|68|85|94|34|46|53|44|54|65|0|0|0|1|1|1|25|31|37|14|17|31|4|5|6|21|32|43|||||||8|14|19|0|0|0|0|0.5|1||||1.46|1.48|1.51||||1.49|1.51|1.54|2.66|14|28|42|0.1|0.12|0.14||||10|17.5|21.5|3.5|8.6|12.7|29|39|41|0.3|0.7|1.3|19|25|31|4|8|12|0|0|3|".28"|".28"|0|0|0|0|0|0|0|0|0|0|0|0||||2.1|4.3|8.9|1.3|1.3|7.9|3.6|4.5|5.5||||||||||5.4|9.8|14.8|||||||||||||||||||||"25942808"|"77519042"
"Cr"||"C"|||102|122|152|203|203|203||81|||||||||||||||||||||||||||||||||||||||||||||||||||||||||||||||||||||0.0001|7|14|0|0|0.01|||||||||||||||||||||||||||||||||||||||||||||||||||||||||||||||||||||||||||||||||"Moderate"|"Slightly moist"|"25942808"|"77519043"
"Ap"||"A"||||0|||20|||||0|0|0|0|0|0|94|96|100|87|92|98|68|81|96|47|59|72||43|||4.2|||5.8|||7.6|||13.3|||12.1|||39.5||||||||8|17.5|27||||4|6|8||||1.2|1.33|1.45||||1.26|1.39|1.45||4|9|14|0.15|0.2|0.24||||23.5|29.6|34.7|8.7|16|23.6|36|42|48|0|1.5|2.9|27|40|53|4|11|18|0|5|14|".28"|".28"|0|0|0|0|0|0|0|0|0|0|0|0|11|17.9|29.2|||||||4.5|5.9|7.3||||||||||3|9.8|17.5|||||||||||||||||||||"25942637"|"77518538"
"BCg"||"BC"||||81|||203|||||0|0|0|0|0|0|95|96|98|84|91|96|61|78|96|28|43|59||60.2|||4.2|||5.8|||14.4|||22.1|||13.7|||18.3||||||||8|21.5|35||||0|0.5|1||||1.2|1.33|1.45||||1.26|1.39|1.46||1.4|2.7|4|0.12|0.16|0.2||||12.4|20.8|26.7|4.1|12|20.3|39|45|51|0|1.5|2.9|18|32|45|4|14|25|0|2|12|".28"|".28"|0|0|0|0|0|0|0|0|0|0|0|0|2|6.5|11|||||||4.5|5.9|7.3||||||||||0|3.9|9.3|||||||||||||||||||||"25942637"|"77518540"
"Btg"||"B"||||20|||81|||||0|0|0|0|0|0|94|96|98|89|92|96|79|86|96|63|69|92||30.3|||2.4|||3|||5.8|||10.5|||8.6|||30.7||||||||35|39|60||||0|1|2||||1.2|1.33|1.45||||1.26|1.39|1.45||0.42|0.9|1.4|0.15|0.18|0.2||||30.8|33.1|39.5|18.4|21.9|34.8|40|45|50|0|1.5|2.9|42|48|69|24|27|43|12|17|45|".28"|".28"|0|0|0|0|0|0|0|0|0|0|0|0|8.8|10.9|17.2|||||||4.5|5.9|7.3||||||||||0|5.2|11.2|||||||||||||||||||"Moderate"|"Moist"|"25942637"|"77518539"
"C"||"C"||||127|||203|||||0|0|0|0|3|4|95|96|98|72|84|96|55|73|93|28|42|57||57|||1.3|||8.4|||15.1|||20.7|||11.5|||18||||||||15|25|35||||0|0.25|0.5||||1.35|1.43|1.5||||1.42|1.5|1.57||4|9|14|0.17|0.19|0.2||||15.1|21.2|27.2|7.3|13.7|21.2|33|39|45|0|1.5|2.9|24|34|44|9|17|25|0|3|11|".24"|".24"|0|0|0|0|0|0|0|0|0|0|0|0|3.8|6.8|9.9|||||||5.1|5.6|6||||||||||2.2|5.7|9.4|||||||||||||||||||||"25942638"|"77518541"
"Bt"||"B"||||25|||127|||||0|0|0|0|0|0|91|97|100|68|85|100|54|77|96|41|61|77||33.5|||0.7|||2.4|||6.8|||12.9|||10.7|||36.5||||||||18|30|35||||0|0.75|1||||1.35|1.43|1.5||||1.42|1.5|1.57||4|9|14|0.17|0.19|0.2||||21.1|29.5|34.2|8.6|17.3|22.2|32|39|46|0|1.5|2.9|27|40|45|12|21|25|1|10|18|".32"|".32"|0|0|0|0|0|0|0|0|0|0|0|0|4.5|8.6|11|||||||5.1|5.8|6.5||||||||||1.8|6.9|10.5|||||||||||||||||||||"25942638"|"77518542"
"Ap"||"A"||||0|||25|||||0|0|0|0|0|0|90|96|100|68|84|100|58|79|100|23|35|51||48.3|||0.4|||2.2|||8.9|||17.2|||19.6|||28.7||||||||10|23|27||||4|8|10||||1.35|1.4|1.45||||1.42|1.47|1.54||4|9|14|0.18|0.2|0.22||||21.3|31.5|36.9|8.8|20.9|27.6|30|36|42|0|1.5|2.9|29|49|58|5|15|18|0|1|2|".24"|".24"|0|0|0|0|0|0|0|0|0|0|0|0|11.5|20.4|29.2|||||||5.1|6.2|7.3||||||||||6.8|17.6|27.8|||||||||||||||||||||"25942638"|"77518543"
"A"||"A"||||0|||13|||||4|5|13|3|18|24|69|81|98|68|81|98|58|74|96|25|35|48||67.5|||0.3|||4.7|||15|||29.3|||18.2|||21||||||||5|11.5|18||||2|4|6||||1.35|1.48|1.6|||||1.57|||14|28|42|0.11|0.14|0.17||||8.9|16.5|25.3|3.5|9.8|18.9|19|29|41|0|1.5|2.9|20|31|42|2|7|12|0|1|7|".10"|".15"|0|0|0|0|0|0|0|0|0|0|0|0||||4.3|8.9|13.5||||3.5|4.5|5.5||||||||||9.7|17.7|25.8|||||||||||||||||||||"25942875"|"77519282"
"Bw"||"B"||||13|||61|||||0|0|4|1|4|10|91|96|98|91|96|98|77|87|96|33|41|48||67.5|||0.3|||4.7|||15|||29.3|||18.2|||21||||||||5|11.5|18||||0|0.5|1||||1.35|1.48|1.6|||||1.55|||14|28|42|0.12|0.16|0.2||||10.3|17.2|21.9|2.9|7.9|13.1|32|40|45|0|1.5|2.9|16|23|31|2|7|12|0|1|6|".32"|".32"|0|0|0|0|0|0|0|0|0|0|0|0||||0.9|3|5.1||||3.5|4.5|5.5||||||||||4.6|9|13.3|||||||||||||||||||||"25942875"|"77519283"
"BC"||"BC"||||61|||89|||||4|5|13|3|17|24|69|82|98|69|81|98|58|74|96|25|35|48||67.5|||0.3|||4.7|||15|||29.3|||18.2|||21||||||||5|11.5|18||||0|0.25|0.5||||1.4|1.53|1.65|||||1.63|||14|28|42|0.09|0.12|0.15||||6.8|13.3|20.8|1.9|6.1|12.3|20|30|42|0|1.5|2.9|16|23|30|2|7|12|0|0|6|".20"|".37"|0|0|0|0|0|0|0|0|0|0|0|0||||0.9|3|5.1||||3.5|4.5|5.5||||||||||4.6|8.6|12.5|||||||||||||||||||||"25942875"|"77519284"
"Cr"||"C"||||89|||203|||||||||||||||||||||||||||0|||||||||||||||||||||||||||||0|0.25|0.5||||||||||||||1.4|2.7|4|0|0|0.01|||||||||||||||||||||||||||||||||||||||||||||||||||||||||||||||||||||||||||||||||"High"||"25942875"|"77519285"
"A"||"A"||||0|||13|||||1|6|9|8|15|21|79|86|93|79|85|92|64|74|87|44|53|63||45.3|||4.5|||6.1|||8.1|||13.9|||12.7|||43.2||||||||5|11.5|18||||2|4|6||||1.35|1.48|1.6|||||1.57|||14|23|42|0.12|0.15|0.18||||14.7|22|29|4|9.8|17|24|31|40|0|1.5|2.9|30|47|64|0|5.5|11|0|2|10|".15"|".24"|0|0|0|0|0|0|0|0|0|0|0|0||||4.3|8.9|13.5||||3.5|4.5|5.5||||||||||9.7|17.7|25.8|||||||||||||||||||||"25942876"|"77519286"
"Bw"||"B"||||13|||58|||||4|11|16|22|29|35|46|61|75|45|61|74|36|53|71|25|39|53||43|||4.2|||5.8|||7.6|||13.3|||12.1|||39.5||||||||10|17.5|25||||0|0.5|1||||1.3|1.4|1.5|||||1.51|||14|23|42|0.1|0.13|0.15||||7.4|13.6|21|2|5.4|10.7|14|23|34|0|1.5|2.9|24|35|45|9|17|25|0|0|5|".10"|".37"|0|0|0|0|0|0|0|0|0|0|0|0||||0.9|3|5.1||||3.5|4.6|5.5||||||||||5|9.3|13.9|||||||||||||||||||||"25942876"|"77519287"
"R"||"R"||||58|||203|||||||||||||||||||||||||||0|||||||||||||||||||||||||||||||||||||||||||||0|7|14|0|0|0|||||||||||||||||||||||||||||||||||||||||||||||||||||||||||||||||||||||||||||||||"High"||"25942876"|"77519288"
"A"||"A"||||0|||13|||||1|6|9|8|15|21|79|86|93|79|85|92|64|74|87|44|53|63||45.3|||4.5|||6.1|||8.1|||13.9|||12.7|||43.2||||||||5|11.5|18||||2|4|6||||1.35|1.48|1.6|||||1.57|||14|28|42|0.12|0.15|0.18|||||23.6|||13.1|||29||0|1.5|2.9|30|47|64|0|5.5|11|0|2|10|".15"|".24"|0|0|0|0|0|0|0|0|0|0|0|0||||4.3|8.9|13.5||||3.5|4.5|5.5||||||||||9.7|17.7|25.8|||||||||||||||||||||"25942877"|"77519289"
"Bw"||"B"||||13|||58|||||4|11|16|22|29|35|46|61|75|45|61|74|36|53|71|25|39|53||43|||4.2|||5.8|||7.6|||13.3|||12.1|||39.5||||||||10|17.5|25||||0|0.5|1||||1.3|1.4|1.5|||||1.51|||14|28|42|0.1|0.13|0.15|||||17.7|||8.8|||27||0|1.5|2.9|24|35|45|9|17|25|0|0|5|".10"|".37"|0|0|0|0|0|0|0|0|0|0|0|0||||0.9|3|5.1||||3.5|4.6|5.5||||||||||5|9.3|13.9|||||||||||||||||||||"25942877"|"77519291"
"R"||"R"||||58|||203|||||||||||||||||||||||||||0|||||||||||||||||||||||||||||||||||||||||||||0|7|14|0|0|0|||||||||||||||||||||||||||||||||||||||||||||||||||||||||||||||||||||||||||||||||"High"||"25942877"|"77519290"
"A"||"A"||||0|||13|||||4|5|13|3|18|24|69|81|98|68|81|98|58|74|96|25|35|48||67.5|||0.3|||4.7|||15|||29.3|||18.2|||21||||||||5|11.5|18||||2|4|6||||1.35|1.48|1.6|||||1.57|||14|28|42|0.11|0.14|0.17|||||16.2|||9.7|||29||0|1.5|2.9|20|31|42|2|7|12|0|1|7|".10"|".15"|0|0|0|0|0|0|0|0|0|0|0|0||||4.3|8.9|13.5||||3.5|4.5|5.5||||||||||9.7|17.7|25.8|||||||||||||||||||||"25942878"|"77519293"
"Bw"||"B"||||13|||61|||||0|0|4|1|4|10|91|96|98|91|96|98|77|87|96|33|41|48||67.5|||0.3|||4.7|||15|||29.3|||18.2|||21||||||||5|11.5|18||||0|0.5|1||||1.35|1.48|1.6|||||1.55|||14|28|42|0.12|0.16|0.2|||||17.2|||7.9|||40||0|1.5|2.9|16|23|31|2|7|12|0|1|6|".32"|".32"|0|0|0|0|0|0|0|0|0|0|0|0||||0.9|3|5.1||||3.5|4.5|5.5||||||||||4.6|9|13.3|||||||||||||||||||||"25942878"|"77519294"
"BC"||"BC"||||61|||89|||||4|5|13|3|17|24|69|82|98|69|81|98|58|74|96|25|35|48||67.5|||0.3|||4.7|||15|||29.3|||18.2|||21||||||||5|11.5|18||||0|0.5|1||||1.4|1.53|1.65|||||1.63|||14|28|42|0.09|0.12|0.15|||||13.4|||6.3|||29||0|1.5|2.9|16|23|31|2|7|12|0|0|6|".17"|".37"|0|0|0|0|0|0|0|0|0|0|0|0||||0.9|3|5.1||||3.5|4.5|5.5||||||||||4.6|9|13.3|||||||||||||||||||||"25942878"|"77519295"
"Cr"||"C"||||89|||203|||||||||||||||||||||||||||0|||||||||||||||||||||||||||||0|0|0||||||||||||||1.4|2.7|4|0|0|0.01|||||||||||||||||||||||||||||||||||||||||||||||||||||||||||||||||||||||||||||||||"High"||"25942878"|"77519292"
"Bw"||"B"||||13|||61|||||0|0|4|1|4|10|91|96|98|91|96|98|77|87|96|33|41|48||67.5|||0.3|||4.7|||15|||29.3|||18.2|||21||||||||5|11.5|18||||0|0.5|1||||1.35|1.48|1.6|||||1.55|||14|28|42|0.12|0.16|0.2|||||17.2|||7.9|||40||0|1.5|2.9|16|23|31|2|7|12|0|1|6|".32"|".32"|0|0|0|0|0|0|0|0|0|0|0|0||||0.9|3|5.1||||3.5|4.5|5.5||||||||||4.6|9|13.3|||||||||||||||||||||"25942879"|"77519296"
"BC"||"BC"||||61|||89|||||4|5|13|3|17|24|69|82|98|69|81|98|58|74|96|25|35|48||67.5|||0.3|||4.7|||15|||29.3|||18.2|||21||||||||5|11.5|18||||0|0.5|1||||1.4|1.53|1.65|||||1.63|||14|28|42|0.09|0.12|0.15|||||13.4|||6.3|||29||0|1.5|2.9|16|23|31|2|7|12|0|0|6|".17"|".37"|0|0|0|0|0|0|0|0|0|0|0|0||||0.9|3|5.1||||3.5|4.5|5.5||||||||||4.6|9|13.3|||||||||||||||||||||"25942879"|"77519297"
"A"||"A"||||0|||13|||||4|5|13|3|18|24|69|81|98|68|81|98|58|74|96|25|35|48||67.5|||0.3|||4.7|||15|||29.3|||18.2|||21||||||||5|11.5|18||||2|4|6||||1.35|1.48|1.6|||||1.57|||14|28|42|0.11|0.14|0.17|||||16.2|||9.7|||29||0|1.5|2.9|20|31|42|2|7|12|0|1|7|".10"|".15"|0|0|0|0|0|0|0|0|0|0|0|0||||4.3|8.9|13.5||||3.5|4.5|5.5||||||||||9.7|17.7|25.8|||||||||||||||||||||"25942879"|"77519299"
"Cr"||"C"||||89|||203|||||||||||||||||||||||||||0|||||||||||||||||||||||||||||0|0|0||||||||||||||1.4|2.7|4|0|0|0.01|||||||||||||||||||||||||||||||||||||||||||||||||||||||||||||||||||||||||||||||||"High"||"25942879"|"77519298"
"A"||"A"||||0|||13|||||1|6|9|8|15|21|79|86|93|79|85|92|64|74|87|44|53|63||45.3|||4.5|||6.1|||8.1|||13.9|||12.7|||43.2||||||||5|11.5|18||||2|4|6||||1.35|1.48|1.6|||||1.57|||14|28|42|0.12|0.15|0.18|||||23.6|||13.1|||29||0|1.5|2.9|30|47|64|0|5.5|11|0|2|10|".15"|".24"|0|0|0|0|0|0|0|0|0|0|0|0||||4.3|8.9|13.5||||3.5|4.5|5.5||||||||||9.7|17.7|25.8|||||||||||||||||||||"25942880"|"77519301"
"Bw"||"B"||||13|||58|||||4|11|16|22|29|35|46|61|75|45|61|74|36|53|71|25|39|53||43|||4.2|||5.8|||7.6|||13.3|||12.1|||39.5||||||||10|17.5|25||||0|0.5|1||||1.3|1.4|1.5|||||1.51|||14|28|42|0.1|0.13|0.15|||||17.7|||8.8|||27||0|1.5|2.9|24|35|45|9|17|25|0|0|5|".10"|".37"|0|0|0|0|0|0|0|0|0|0|0|0||||0.9|3|5.1||||3.5|4.6|5.5||||||||||5|9.3|13.9|||||||||||||||||||||"25942880"|"77519302"
"R"||"R"||||58|||203|||||||||||||||||||||||||||0|||||||||||||||||||||||||||||||||||||||||||||0|7|14|0|0|0|||||||||||||||||||||||||||||||||||||||||||||||||||||||||||||||||||||||||||||||||"High"||"25942880"|"77519300"
"Ap"||"A"|||0|0|0|13|18|28||18||0|0|0|0|0|4|89|91|95|81|88|95|68|78|86|47|56|62|37|44|57|2|3|4|5|6|7|7|8|9|12|14|20|11|13|17|29|41|49|||||||10|15|17|0|0|0|2|5|8||||1.34|1.42|1.49||||1.37|1.45|1.52||14|28|42|0.18|0.2|0.22||||21|27.8|32.2|7.3|14.2|19.7|33|38|43|0.3|0.6|0.8|25|36|44|6|9|11|0|3|6|".24"|".24"|0|0|0|0|0|0|0|0|0|0|0|0||||1.6|2.5|3|0.7|2.5|3|4.5|5.5|6.5||||||||||3.3|10.1|16.3|||||||||||||||||||||"25942819"|"77519099"
"Bt"||"B"|||13|18|28|51|117|130||99||0|0|3|0|0|7|96|97|100|89|90|100|75|82|95|57|65|76|25|34|47|1|3|5|3|4|6|5|6|8|8|11|15|8|10|13|24|38|48|||||||20|28|32|0|0|0|0|0.5|1||||1.46|1.54|1.61||||1.53|1.61|1.65||4|9|14|0.15|0.17|0.19||||24.7|30.3|34.1|11.3|17.7|22|32|37|42|0.6|1.4|2.1|29|37|42|13|19|22|4|10|15|".32"|".32"|0|0|0|0|0|0|0|0|0|0|0|0||||3.7|5.5|7.7|1.6|3.5|6.2|4.5|5.5|6.5||||||||||3.4|7.9|12.3|||||||||||||||||||||"25942819"|"77519100"
"C"||"C"|||51|117|130|203|203|203||86||0|0|0|12|17|21|84|84|91|68|72|82|55|63|73|39|46|53|37|43|58|3|4|6|5|6|11|7|8|14|11|13|14|11|12|13|28|40|48|||||||10|17|18|0|0|0|0|0.5|1||||1.43|1.51|1.59||||1.47|1.55|1.63||14|28|42|0.1|0.12|0.14||||14.5|19.3|22.7|4.1|7.9|10.1|25|29|36|0.2|0.6|0.8|20|28|30|6|11|12|0|1|3|".20"|".37"|0|0|0|0|0|0|0|0|0|0|0|0||||1.8|3.3|4.2|0.6|2|4.2|4.5|5.5|6.5||||||||||0.6|4.7|7.6|||||||||||||||||||||"25942819"|"77519101"
"Ap"||"A"|||0|0|0|13|18|28||18||0|0|0|0|0|4|89|91|95|81|88|95|68|78|86|47|56|62|37|44|57|2|3|4|5|6|7|7|8|9|12|14|20|11|13|17|29|41|49|||||||10|15|17|0|0|0|2|5|8||||1.34|1.42|1.49||||1.37|1.45|1.52||14|28|42|0.18|0.2|0.22||||21|27.8|32.2|7.3|14.2|19.7|33|38|43|0.3|0.6|0.8|25|36|44|6|9|11|0|3|6|".24"|".24"|0|0|0|0|0|0|0|0|0|0|0|0||||1.6|2.5|3|0.7|2.5|3|4.5|5.5|6.5||||||||||3.3|10.1|16.3|||||||||||||||||||||"25942818"|"77519096"
"Bt"||"B"|||13|18|28|51|117|130||99||0|0|3|0|0|7|96|97|100|89|90|100|75|82|95|57|65|76|25|34|47|1|3|5|3|4|6|5|6|8|8|11|15|8|10|13|24|38|48|||||||20|28|32|0|0|0|0|0.5|1||||1.46|1.54|1.61||||1.53|1.61|1.65||4|9|14|0.15|0.17|0.19||||24.7|30.3|34.1|11.3|17.7|22|32|37|42|0.6|1.4|2.1|29|37|42|13|19|22|4|10|15|".32"|".32"|0|0|0|0|0|0|0|0|0|0|0|0||||3.7|5.5|7.7|1.6|3.5|6.2|4.5|5.5|6.5||||||||||3.4|7.9|12.3|||||||||||||||||||||"25942818"|"77519097"
"C"||"C"|||51|117|130|203|203|203||86||0|0|0|12|17|21|84|84|91|68|72|82|55|63|73|39|46|53|37|43|58|3|4|6|5|6|11|7|8|14|11|13|14|11|12|13|28|40|48|||||||10|17|18|0|0|0|0|0.5|1||||1.43|1.51|1.59||||1.47|1.55|1.63||14|28|42|0.1|0.12|0.14||||14.5|19.3|22.7|4.1|7.9|10.1|25|29|36|0.2|0.6|0.8|20|28|30|6|11|12|0|1|3|".20"|".37"|0|0|0|0|0|0|0|0|0|0|0|0||||1.8|3.3|4.2|0.6|2|4.2|4.5|5.5|6.5||||||||||0.6|4.7|7.6|||||||||||||||||||||"25942818"|"77519098"
"C"||"C"|||51|117|130|203|203|203||86||0|0|0|12|17|21|84|84|91|68|72|82|55|63|73|39|46|53|37|43|58|3|4|6|5|6|11|7|8|14|11|13|14|11|12|13|28|40|48|||||||10|17|18|0|0|0|0|0.5|1||||1.43|1.51|1.59||||1.47|1.55|1.63||14|28|42|0.1|0.12|0.14||||14.5|19.3|22.7|4.1|7.9|10.1|25|29|36|0.2|0.6|0.8|20|28|30|6|11|12|0|1|3|".20"|".37"|0|0|0|0|0|0|0|0|0|0|0|0||||1.8|3.3|4.2|0.6|2|4.2|4.5|5.5|6.5||||||||||0.6|4.7|7.6|||||||||||||||||||||"25942817"|"77519093"
"Bt"||"B"|||13|18|28|51|117|130||99||0|0|3|0|0|7|96|97|100|89|90|100|75|82|95|57|65|76|25|34|47|1|3|5|3|4|6|5|6|8|8|11|15|8|10|13|24|38|48|||||||20|28|32|0|0|0|0|0.5|1||||1.46|1.54|1.61||||1.53|1.61|1.65||4|9|14|0.15|0.17|0.19||||24.7|30.3|34.1|11.3|17.7|22|32|37|42|0.6|1.4|2.1|29|37|42|13|19|22|4|10|15|".32"|".32"|0|0|0|0|0|0|0|0|0|0|0|0||||3.7|5.5|7.7|1.6|3.5|6.2|4.5|5.5|6.5||||||||||3.4|7.9|12.3|||||||||||||||||||||"25942817"|"77519094"
"Ap"||"A"|||0|0|0|13|18|28||18||0|0|0|0|0|4|89|91|95|81|88|95|68|78|86|47|56|62|37|44|57|2|3|4|5|6|7|7|8|9|12|14|20|11|13|17|29|41|49|||||||10|15|17|0|0|0|2|5|8||||1.34|1.42|1.49||||1.37|1.45|1.52||14|28|42|0.18|0.2|0.22||||21|27.8|32.2|7.3|14.2|19.7|33|38|43|0.3|0.6|0.8|25|36|44|6|9|11|0|3|6|".24"|".24"|0|0|0|0|0|0|0|0|0|0|0|0||||1.6|2.5|3|0.7|2.5|3|4.5|5.5|6.5||||||||||3.3|10.1|16.3|||||||||||||||||||||"25942817"|"77519095"
"Ap"||"A"|||0|0|0|13|18|28||18||0|0|0|0|0|3|88|91|95|80|88|95|66|77|86|46|55|62|42|44|55|3|4|5|6|6|7|8|8|9|14|14|18|11|12|16|32|41|44|||||||10|15|18|0|0|0|2|5|8||||1.36|1.46|1.55||||1.39|1.49|1.58||14|28|42|0.18|0.2|0.22||||21.1|28.1|32.7|7.5|14.5|20.7|31|36|42|0.3|0.6|0.9|25|36|45|6|9|11|0|3|6|".24"|".24"|0|0|0|0|0|0|0|0|0|0|0|0||||1.6|2.5|3.2|0.7|2.5|3.2|4.5|5.5|6.5||||||||||3.3|10.1|16.6|||||||||||||||||||||"25942816"|"77519090"
"Bt"||"B"|||13|18|28|51|117|130||99||0|1|2|0|5|6|83|85|94|59|63|81|48|55|76|27|32|46|35|56|60|1|1|2|6|8|9|12|15|16|8|21|22|6|11|13|11|17|35|||||||22|27|33|0|0|0|0|0.5|1||||1.44|1.54|1.64||||1.51|1.61|1.67||4|9|14|0.11|0.13|0.15||||15.4|18.3|25|9.6|13|20|24|28|38|0.6|1|1.9|31|36|43|15|18|23|0|1|3|".10"|".20"|0|0|0|0|0|0|0|0|0|0|0|0||||4.1|5.3|7.9|1.7|1.7|6.1|3.5|4.8|6||||||||||4.6|8.5|13.8|||||||||||||||||||||"25942816"|"77519091"
"C"||"C"|||51|117|130|203|203|203||86||0|0|0|15|24|25|83|83|91|70|70|89|59|62|82|41|45|59|37|43|55|3|4|8|4|5|10|7|8|13|13|14|14|10|12|12|30|42|48|||||||10|15|18|0|0|0|0|0.5|1||||1.44|1.48|1.53||||1.47|1.51|1.53||14|28|42|0.09|0.11|0.13||||14.2|17|23.3|3.9|6.4|10.2|26|28|36|0.2|0.5|0.8|20|26|30|6|10|12|0|1|4|".17"|".43"|0|0|0|0|0|0|0|0|0|0|0|0||||1.8|2.9|4.2|0.6|1.5|4.2|4.5|5.5|6.5||||||||||0.6|4.1|7.6|||||||||||||||||||||"25942816"|"77519092"
"Bt"||"B"|||13|18|28|51|117|130||99||0|1|2|0|5|6|83|85|94|59|63|81|48|55|76|27|32|46|35|56|60|1|1|2|6|8|9|12|15|16|8|21|22|6|11|13|11|17|35|||||||22|27|33|0|0|0|0|0.5|1||||1.44|1.54|1.64||||1.51|1.61|1.67||4|9|14|0.11|0.13|0.15||||15.4|18.3|25|9.6|13|20|24|28|38|0.6|1|1.9|31|36|43|15|18|23|0|1|3|".10"|".20"|0|0|0|0|0|0|0|0|0|0|0|0||||4.1|5.3|7.9|1.7|1.7|6.1|3.5|4.8|6||||||||||4.6|8.5|13.8|||||||||||||||||||||"25942815"|"77519087"
"Ap"||"A"|||0|0|0|13|18|28||18||0|0|0|0|0|3|88|91|95|80|88|95|66|77|86|46|55|62|42|44|55|3|4|5|6|6|7|8|8|9|14|14|18|11|12|16|32|41|44|||||||10|15|18|0|0|0|2|5|8||||1.36|1.46|1.55||||1.39|1.49|1.58||14|28|42|0.18|0.2|0.22||||21.1|28.1|32.7|7.5|14.5|20.7|31|36|42|0.3|0.6|0.9|25|36|45|6|9|11|0|3|6|".24"|".24"|0|0|0|0|0|0|0|0|0|0|0|0||||1.6|2.5|3.2|0.7|2.5|3.2|4.5|5.5|6.5||||||||||3.3|10.1|16.6|||||||||||||||||||||"25942815"|"77519088"
"C"||"C"|||51|117|130|203|203|203||86||0|0|0|15|24|25|83|83|91|70|70|89|59|62|82|41|45|59|37|43|55|3|4|8|4|5|10|7|8|13|13|14|14|10|12|12|30|42|48|||||||10|15|18|0|0|0|0|0.5|1||||1.44|1.48|1.53||||1.47|1.51|1.53||14|28|42|0.09|0.11|0.13||||14.2|17|23.3|3.9|6.4|10.2|26|28|36|0.2|0.5|0.8|20|26|30|6|10|12|0|1|4|".17"|".43"|0|0|0|0|0|0|0|0|0|0|0|0||||1.8|2.9|4.2|0.6|1.5|4.2|4.5|5.5|6.5||||||||||0.6|4.1|7.6|||||||||||||||||||||"25942815"|"77519089"
"Bt"||"B"||||18|||117|||||0|0|4|0|0|12|94|96|100|80|89|100|67|81|98|51|64|78||34.4|||3.1|||4.3|||5.9|||10.8|||10.3|||37.6||||||||20|28|35||||0|0.5|1||||1.3|1.38|1.45|||||1.45|||4|9|14|0.17|0.18|0.19||||21.7|29.1|33.8|9.2|15.8|21.5|34|42|48|0|1.5|2.9|29|38|45|13|19|25|1|6|12|".32"|".32"|0|0|0|0|0|0|0|0|0|0|0|0|5|8.1|11|3.8|6.1|8.2||||4.5|5.5|6.5||||||||||2.2|7|11.7|||||||||||||||||||||"25942822"|"77519117"
"C"||"C"||||117|||203|||||0|0|6|0|0|27|84|93|100|69|87|100|57|80|98|21|35|46||68.8|||0.1|||3.2|||15.6|||33|||16.9|||16.2||||||||5|15|20||||0|0.25|0.5||||1.35|1.48|1.6|||||1.55|||14|28|42|0.12|0.14|0.15||||7.2|18.4|22.8|2|9.5|14|23|39|46|0|1.5|2.9|16|26|32|2|10|13|0|0|1|".24"|".24"|0|0|0|0|0|0|0|0|0|0|0|0|1.2|4.3|6.1|0.9|3.2|4.6||||4.5|5.5|6.5||||||||||0|3.8|7.5|||||||||||||||||||||"25942822"|"77519118"
"A"||"A"||||0|||18|||||0|0|0|0|0|4|84|92|95|71|88|95|55|77|93|37|55|69||44.3|||4.3|||5.9|||7.9|||13.7|||12.5|||40.7||||||||5|15|25||||2|5|8||||1.35|1.48|1.6|||||1.55|||14|28|42|0.12|0.14|0.15||||16.9|28.2|34.8|4.6|14.7|24.7|27|36|42|0|1.5|2.9|20|34|47|2|9|17|0|1|10|".24"|".24"|0|0|0|0|0|0|0|0|0|0|0|0|5.8|12.8|19.8|4.3|9.6|14.8||||4.5|5.5|6.5||||||||||3.3|12|20.7|||||||||||||||||||||"25942822"|"77519119"
"A"||"A"||||0|||18|||||0|0|0|0|0|4|84|92|95|71|88|95|55|77|93|37|55|69||44.3|||4.3|||5.9|||7.9|||13.7|||12.5|||40.7||||||||5|15|25||||2|5|8||||1.35|1.48|1.6|||||1.55|||14|28|42|0.12|0.14|0.15||||16.9|28.2|34.8|4.6|14.7|24.7|27|36|42|0|1.5|2.9|20|34|47|2|9|17|0|1|10|".24"|".24"|0|0|0|0|0|0|0|0|0|0|0|0|5.8|12.8|19.8|4.3|9.6|14.8||||4.5|5.5|6.5||||||||||3.3|12|20.7|||||||||||||||||||||"25942833"|"77519133"
"Bt"||"B"||||18|||117|||||0|0|4|0|0|12|94|96|100|80|89|100|67|81|98|51|64|78||34.4|||3.1|||4.3|||5.9|||10.8|||10.3|||37.6||||||||20|28|35||||0|0.5|1||||1.3|1.38|1.45|||||1.45|||4|9|14|0.17|0.18|0.19||||21.7|29.1|33.8|9.2|15.8|21.5|34|42|48|0|1.5|2.9|29|38|45|13|19|25|1|6|12|".32"|".32"|0|0|0|0|0|0|0|0|0|0|0|0|5|8.1|11|3.8|6.1|8.2||||4.5|5.5|6.5||||||||||2.2|7|11.7|||||||||||||||||||||"25942833"|"77519134"
"C"||"C"||||117|||203|||||0|0|6|0|0|27|84|93|100|69|87|100|57|80|98|21|35|46||68.8|||0.1|||3.2|||15.6|||33|||16.9|||16.2||||||||5|15|20||||0|0.25|0.5||||1.35|1.48|1.6|||||1.55|||14|28|42|0.12|0.14|0.15||||7.2|18.4|22.8|2|9.5|14|23|39|46|0|1.5|2.9|16|26|32|2|10|13|0|0|1|".24"|".24"|0|0|0|0|0|0|0|0|0|0|0|0|1.2|4.3|6.1|0.9|3.2|4.6||||4.5|5.5|6.5||||||||||0|3.8|7.5|||||||||||||||||||||"25942833"|"77519135"
"A"||"A"||||0|||18|||||0|0|0|0|0|4|84|92|95|71|88|95|55|77|93|37|55|69||44.3|||4.3|||5.9|||7.9|||13.7|||12.5|||40.7||||||||5|15|25||||2|5|8||||1.35|1.48|1.6|||||1.55|||14|28|42|0.12|0.14|0.15||||16.9|28.2|34.8|4.6|14.7|24.7|27|36|42|0|1.5|2.9|20|34|47|2|9|17|0|1|10|".24"|".24"|0|0|0|0|0|0|0|0|0|0|0|0|5.8|12.8|19.8|4.3|9.6|14.8||||4.5|5.5|6.5||||||||||3.3|12|20.7|||||||||||||||||||||"25942835"|"77519136"
"Bt"||"B"||||18|||117|||||0|0|4|0|0|12|94|96|100|80|89|100|67|81|98|51|64|78||34.4|||3.1|||4.3|||5.9|||10.8|||10.3|||37.6||||||||20|28|35||||0|0.5|1||||1.3|1.38|1.45|||||1.45|||4|9|14|0.17|0.18|0.19||||21.7|29.1|33.8|9.2|15.8|21.5|34|42|48|0|1.5|2.9|29|38|45|13|19|25|1|6|12|".32"|".32"|0|0|0|0|0|0|0|0|0|0|0|0|5|8.1|11|3.8|6.1|8.2||||4.5|5.5|6.5||||||||||2.2|7|11.7|||||||||||||||||||||"25942835"|"77519137"
"C"||"C"||||117|||203|||||0|0|6|0|0|27|84|93|100|69|87|100|57|80|98|21|35|46||68.8|||0.1|||3.2|||15.6|||33|||16.9|||16.2||||||||5|15|20||||0|0.25|0.5||||1.35|1.48|1.6|||||1.55|||14|28|42|0.12|0.14|0.15||||7.2|18.4|22.8|2|9.5|14|23|39|46|0|1.5|2.9|16|26|32|2|10|13|0|0|1|".24"|".24"|0|0|0|0|0|0|0|0|0|0|0|0|1.2|4.3|6.1|0.9|3.2|4.6||||4.5|5.5|6.5||||||||||0|3.8|7.5|||||||||||||||||||||"25942835"|"77519138"
"A"||"A"||||0|||20|||||4|9|14|32|37|39|66|80|97|25|58|97|20|51|95|13|36|71||44.3|||4.3|||5.9|||7.9|||13.7|||12.5|||40.7||||||||5|15|25||||5|10|15||||1.3|1.4|1.5|||||1.56|||14|28|42|0.1|0.12|0.14||||5.1|15.7|29.7|1.9|10|24.9|7|18|32|0|1.5|2.9|38|58|77|2|9|16|0|0|17|".05"|".24"|0|0|0|0|0|0|0|0|0|0|0|0|23.8|37.5|51.2|17.8|28.1|38.4||||3.5|4.8|6||||||||||22.2|41.1|60.2|||||||||||||||||||"Very high"||"25942841"|"77519155"
"Bt"||"B"||||20|||61|||||4|8|14|30|37|38|67|81|98|27|60|98|20|52|92|10|29|54||59.9|||4.1|||5.8|||14.3|||22.1|||13.6|||18.1||||||||10|22|30||||0|0.5|1||||1.4|1.5|1.6|||||1.67|||14|28|42|0.08|0.1|0.12||||3.3|10.8|20.6|1.3|6.8|15.4|8|19|34|0|1.5|2.9|20|32|41|6|15|21|0|1|12|".05"|".20"|0|0|0|0|0|0|0|0|0|0|0|0|2.5|6.6|9.8|1.9|5|7.3||||3.5|4.8|6||||||||||1.3|7.7|13|||||||||||||||||||"Very high"||"25942841"|"77519156"
"BC"||"BC"||||61|||76|||||4|8|14|30|37|38|67|81|98|27|60|98|18|46|82|8|23|45||67.9|||4.5|||14.5|||18|||20.2|||10.7|||19.6||||||||5|12.5|20||||0|0.5|1||||1.4|1.5|1.6|||||1.67|||14|28|42|0.06|0.08|0.1||||2.4|8.5|17.4|0.7|4|10.7|8|19|34|0|1.5|2.9|16|24|33|2|8|13|0|0|2|".05"|".24"|0|0|0|0|0|0|0|0|0|0|0|0|1.2|4.2|7.2|0.9|3.2|5.4||||3.5|4.8|6||||||||||0|5|10.1|||||||||||||||||||"Very high"||"25942841"|"77519157"
"C"||"C"||||76|||203|||||3|10|15|30|48|68|55|61|80|10|22|60|7|18|53|1|5|18||83.3|||0.6|||10.6|||28.4|||33.8|||9.9|||4.2||||||||5|12.5|20||||0|0.25|0.5||||1.45|1.55|1.65|||||1.61|||14|28|42|0.04|0.06|0.08|0.5|3.5|14.4|0.3|2.8|12.5|0.1|1.3|7.8|1|6|23|0|1.5|2.9|12|18|25|0|3|7|0|0|0|".02"|".10"|0|0|0|0|0|0|0|0|0|0|0|0|1.2|3.7|6.1|0.9|2.8|4.6||||3.5|4.8|6||||||||||0|4.3|8.7|||||||||||||||||||"Very high"||"25942841"|"77519158"
"A"||"A"||||0|||18|||18||0|3|8|10|13|24|65|83|88|64|83|88|48|67|75|12|20|25||83|||1.1|||12|||26.2|||31.6|||12.1|||9||||||||3|8|13|0|0|0|5|10|15|||||1.08||||||1.1|1.2||14|28|42|0.22|0.23|0.24||19.1|||34.9|||10.6|||46||0|1.5|2.9|0|28|46|0|4|8|0|0|0|".05"|".05"|0|0|0|0|0|0|0|0|0|0|0|0|12|24.5|37|9|18.4|27.8||1.2||3.5|5|5.5||4.4|||1.2|||||16.8|31.2|47.5||2.4||||||5.1|||||||||||||"25942778"|"77518913"
"Bg"||"B"||||18|||38|||20||0|0|7|19|23|32|22|43|61|20|41|60|15|33|55|4|10|21||83|||1.1|||12|||26.2|||31.6|||12.1|||8.9||||||||3|8.1|20|0|0|0|0|0.39|2|||||1.66||||||1.7|2.05||42|92|141|0.08|0.1|0.12||8.7|||14.8|||5.8|||14||0|1.5|2.9|0|20|35|0|4|13|0|0|0|".05"|".15"|0|0|0|0|0|0|0|0|0|0|0|0|0.8|2.9|9.5|0.6|2.2|7.1||1.5||3.5|5.3|5.5||4.5|||1.2|||||4.4|6.6|16.1||0.8||||||20.5|||||||||||||"25942778"|"77518914"
"Cg"||"C"||||38|||155|||117||5|15|20|46|52|62|19|24|53|17|22|51|13|17|47|1|2|13||92.9|||0.6|||12.7|||36|||36.7|||6.9|||1.6||||||||3|5.5|20|0|0|0|0|0.32|1|||||1.6||||||1.63|1.7||42|92|141|0.02|0.04|0.05||0.9|||0.6|||4.6|||||0|1.5|2.9|0|18|33|0|2|13|0|0|0|".02"|".05"|0|0|0|0|0|0|0|0|0|0|0|0|0.8|2.1|7.2|0.6|1.6|5.4||1.4||3.5|5.3|5.5||4.9|||1.3|||||4.4|6|13.6||0.7|||||||||||||||||||"25942778"|"77518915"
"A"||"A"||||0|||23|||||0|1|3|0|3|9|85|94|100|64|84|100|53|74|94|37|53|69||43.8|||4.3|||5.9|||7.8|||13.5|||12.3|||40.2||||||||10|16|22||||5|10|15||||1.2|1.3|1.4|||||1.37|||14|28|42|0.16|0.2|0.24|||||28.6|||17.7|||38||0|1.5|2.9|33|48|62|5|10|14|0|2|8|".20"|".20"|0|0|0|0|0|0|0|0|0|0|0|0|14|16|26.5|12|19.9|27.8||||4.5|5.5|6.5||||||||||7.7|15.7|28|||||||||||||||||||||"25942779"|"77518916"
"Bw"||"B"||||23|||224|||||0|1|3|0|5|13|89|94|100|67|83|100|56|77|100|22|35|50||68|||0.1|||3.2|||15.4|||32.6|||16.7|||16||||||||7|16|25||||0.5|0.75|1||||1.3|1.45|1.6|||||1.53|||14|28|42|0.15|0.18|0.21|||||18|||9.9|||37||0|1.5|2.9|19|28|37|3|10|17|0|0|6|".24"|".24"|0|0|0|0|0|0|0|0|0|0|0|0|2.9|5.7|8.5|2.2|4.3|6.4||||4.5|5.3|6||||||||||5.2|8.7|12.4|||||||||||||||||||||"25942779"|"77518917"
"A"||"A"||||0|||20|||||1|3|7|11|19|35|73|91|98|47|85|98|38|75|92|27|54|68||43.8|||4.3|||5.9|||7.8|||13.5|||12.3|||40.2||||||||10|16|22||||5|10|15||||1.3|1.4|1.5||||1.4|1.48|1.54||14|28|42|0.1|0.12|0.14||||7.2|26.4|35.1|4.7|17.1|27.8|12|31|41|0|1.5|2.9|33|48|62|5|10|14|0|0|1|".15"|".20"|0|0|0|0|0|0|0|0|0|0|0|0|16|26.5|37|12|19.9|27.8||||3.5|4.8|6||||||||||17.5|33.9|50.4|||||||||||||||||||||"25942780"|"77518918"
"Bt1"||"B"||1||20|||61|||||4|5|12|30|31|40|67|87|98|27|75|98|22|66|93|15|48|70||43|||4.2|||5.8|||7.6|||13.3|||12.1|||39.5||||||||10|17.5|25||||0|0.5|1||||1.4|1.5|1.6||||1.5|1.62|1.68||14|28|42|0.08|0.1|0.12||||1.9|15.7|22.9|0.8|6.5|12.2||24|33|0|1.5|2.9|20|29|37|6|11|17|0|0|0|".15"|".37"|0|0|0|0|0|0|0|0|0|0|0|0|2.5|5.5|8.5|1.9|4.1|6.4||||3.5|4.8|6||||||||||1.3|6.4|11.6|||||||||||||||||||||"25942780"|"77518919"
"Bt2"||"B"||2||61|||76|||||4|4|11|30|32|40|66|91|98|22|80|98|15|61|82|7|30|45||67.9|||4.5|||14.5|||18|||20.2|||10.7|||19.6||||||||5|12.5|20||||0|0.5|1||||1.4|1.5|1.6||||1.5|1.61|1.68||14|28|42|0.06|0.08|0.1||||0.7|11.3|17.1|0.3|5.3|10.5||25|33|0|1.5|2.9|16|24|33|2|8|13|0|0|0|".10"|".24"|0|0|0|0|0|0|0|0|0|0|0|0|1.2|4.2|7.2|0.9|3.2|5.4||||3.5|4.8|6||||||||||0|5|10.1|||||||||||||||||||||"25942780"|"77518920"
"C"||"C"||||76|||203|||||4|10|14|34|41|47|61|77|100|17|57|100|13|46|89|3|13|30||83.3|||0.6|||10.6|||28.4|||33.8|||9.9|||4.2||||||||5|12.5|20||||0|0.25|0.5||||1.45|1.55|1.65||||1.55|1.74|1.78||14|28|42|0.04|0.06|0.08|0.5|7.4|19.6|0.4|5.9|17|0.2|2.8|10.7||12|31|0|1.5|2.9|12|18|25|0|3|7|0|0|0|".02"|".02"|0|0|0|0|0|0|0|0|0|0|0|0|1.2|3.7|6.1|0.9|2.8|4.6||||3.5|4.8|6||||||||||0|4.3|8.7|||||||||||||||||||||"25942780"|"77518921"
"A"||"A"||||0|||20|||||0|1|2|5|9|11|72|78|86|49|64|86|40|56|81|27|40|59||45.7|||4.5|||6.1|||8.1|||14.1|||12.9|||41.8||||||||5|12.5|20||||5|10|15||||1.2|1.3|1.4|||||1.38|||14|28|42|0.12|0.15|0.17|||||26.1|||18.3|||31||0|1.5|2.9|38|56|73|2|7|12|0|0|10|".10"|".24"|0|0|0|0|0|0|0|0|0|0|0|0|23.8|36.9|50|17.8|27.7|37.5||||4.5|5.5|6.5||||||||||12.6|26.1|39.6|||||||||||||||||||||"25942758"|"77518846"
"Bw"||"B"||||20|||122|||||0|0|2|0|5|14|90|96|100|57|84|100|46|73|94|32|52|69||45|||4.4|||6|||8|||13.9|||12.7|||41.5||||||||7|13.5|20||||0|0.5|1||||1.3|1.45|1.6|||||1.53|||14|28|42|0.11|0.16|0.21|||||21.4|||7.5|||38||0|1.5|2.9|18|25|33|3|8|13|0|1|7|".43"|".43"|0|0|0|0|0|0|0|0|0|0|0|0|1.8|4.5|7.2|1.3|3.4|5.4||||4.5|5.3|6||||||||||4|7.7|11.6|||||||||||||||||||||"25942758"|"77518847"
"C"||"C"||||122|||203|||||0|4|7|5|10|14|59|82|98|16|65|98|13|60|98|5|25|46||70.9|||0.1|||3.3|||16.1|||34|||17.4|||16.6||||||||5|12.5|20||||0|0.25|0.5||||1.3|1.45|1.6|||||1.55|||14|28|42|0.08|0.11|0.14|||||12.6|||5.9|||30||0|1.5|2.9|16|24|32|2|8|13|0|0|3|".15"|".28"|0|0|0|0|0|0|0|0|0|0|0|0|1.2|3.7|6.1|0.9|2.8|4.6||||4.5|5.3|6||||||||||3.6|6.9|10.3|||||||||||||||||||||"25942758"|"77518848"
"A"||"A"||||0|||20|||||1|3|7|11|19|35|73|91|98|47|85|98|38|75|92|27|54|68||43.8|||4.3|||5.9|||7.8|||13.5|||12.3|||40.2||||||||10|16|22||||5|10|15||||1.3|1.4|1.5||||1.4|1.48|1.54||14|28|42|0.1|0.12|0.14||||7.2|26.4|35.1|4.7|17.1|27.8|12|31|41|0|1.5|2.9|33|48|62|5|10|14|0|0|1|".15"|".20"|0|0|0|0|0|0|0|0|0|0|0|0|16|26.5|37|12|19.9|27.8||||3.5|4.8|6||||||||||17.5|33.9|50.4|||||||||||||||||||||"25942759"|"77518849"
"Bt1"||"B"||1||20|||61|||||4|5|12|30|31|40|67|87|98|27|75|98|22|66|93|15|48|70||43|||4.2|||5.8|||7.6|||13.3|||12.1|||39.5||||||||10|17.5|25||||0|0.5|1||||1.4|1.5|1.6||||1.5|1.62|1.68||14|28|42|0.08|0.1|0.12||||1.9|15.7|22.9|0.8|6.5|12.2||24|33|0|1.5|2.9|20|29|37|6|11|17|0|0|0|".15"|".37"|0|0|0|0|0|0|0|0|0|0|0|0|2.5|5.5|8.5|1.9|4.1|6.4||||3.5|4.8|6||||||||||1.3|6.4|11.6|||||||||||||||||||||"25942759"|"77518850"
"Bt2"||"B"||2||61|||76|||||4|4|11|30|32|40|66|91|98|22|80|98|15|61|82|7|30|45||67.9|||4.5|||14.5|||18|||20.2|||10.7|||19.6||||||||5|12.5|20||||0|0.5|1||||1.4|1.5|1.6||||1.5|1.61|1.68||14|28|42|0.06|0.08|0.1||||0.7|11.3|17.1|0.3|5.3|10.5||25|33|0|1.5|2.9|16|24|33|2|8|13|0|0|0|".10"|".24"|0|0|0|0|0|0|0|0|0|0|0|0|1.2|4.2|7.2|0.9|3.2|5.4||||3.5|4.8|6||||||||||0|5|10.1|||||||||||||||||||||"25942759"|"77518851"
"C"||"C"||||76|||203|||||4|10|14|34|41|47|61|77|100|17|57|100|13|46|89|3|13|30||83.3|||0.6|||10.6|||28.4|||33.8|||9.9|||4.2||||||||5|12.5|20||||0|0.25|0.5||||1.45|1.55|1.65||||1.55|1.74|1.78||14|28|42|0.04|0.06|0.08|0.5|7.4|19.6|0.4|5.9|17|0.2|2.8|10.7||12|31|0|1.5|2.9|12|18|25|0|3|7|0|0|0|".02"|".02"|0|0|0|0|0|0|0|0|0|0|0|0|1.2|3.7|6.1|0.9|2.8|4.6||||3.5|4.8|6||||||||||0|4.3|8.7|||||||||||||||||||||"25942759"|"77518852"
"A"||"A"||||0|||20|||||1|3|7|11|19|35|73|91|98|47|85|98|38|75|92|27|54|68||43.8|||4.3|||5.9|||7.8|||13.5|||12.3|||40.2||||||||10|16|22||||5|10|15||||1.3|1.4|1.5||||1.4|1.48|1.54||14|28|42|0.1|0.12|0.14||||7.2|26.4|35.1|4.7|17.1|27.8|12|31|41|0|1.5|2.9|33|48|62|5|10|14|0|0|1|".15"|".20"|0|0|0|0|0|0|0|0|0|0|0|0|16|26.5|37|12|19.9|27.8||||3.5|4.8|6||||||||||17.5|33.9|50.4|||||||||||||||||||||"25942760"|"77518853"
"Bt1"||"B"||1||20|||61|||||4|5|12|30|31|40|67|87|98|27|75|98|22|66|93|15|48|70||43|||4.2|||5.8|||7.6|||13.3|||12.1|||39.5||||||||10|17.5|25||||0|0.5|1||||1.4|1.5|1.6||||1.5|1.62|1.68||14|28|42|0.08|0.1|0.12||||1.9|15.7|22.9|0.8|6.5|12.2||24|33|0|1.5|2.9|20|29|37|6|11|17|0|0|0|".15"|".37"|0|0|0|0|0|0|0|0|0|0|0|0|2.5|5.5|8.5|1.9|4.1|6.4||||3.5|4.8|6||||||||||1.3|6.4|11.6|||||||||||||||||||||"25942760"|"77518854"
"Bt2"||"B"||2||61|||76|||||4|4|11|30|32|40|66|91|98|22|80|98|15|61|82|7|30|45||67.9|||4.5|||14.5|||18|||20.2|||10.7|||19.6||||||||5|12.5|20||||0|0.5|1||||1.4|1.5|1.6||||1.5|1.61|1.68||14|28|42|0.06|0.08|0.1||||0.7|11.3|17.1|0.3|5.3|10.5||25|33|0|1.5|2.9|16|24|33|2|8|13|0|0|0|".10"|".24"|0|0|0|0|0|0|0|0|0|0|0|0|1.2|4.2|7.2|0.9|3.2|5.4||||3.5|4.8|6||||||||||0|5|10.1|||||||||||||||||||||"25942760"|"77518855"
"C"||"C"||||76|||203|||||4|10|14|34|41|47|61|77|100|17|57|100|13|46|89|3|13|30||83.3|||0.6|||10.6|||28.4|||33.8|||9.9|||4.2||||||||5|12.5|20||||0|0.25|0.5||||1.45|1.55|1.65||||1.55|1.74|1.78||14|28|42|0.04|0.06|0.08|0.5|7.4|19.6|0.4|5.9|17|0.2|2.8|10.7||12|31|0|1.5|2.9|12|18|25|0|3|7|0|0|0|".02"|".02"|0|0|0|0|0|0|0|0|0|0|0|0|1.2|3.7|6.1|0.9|2.8|4.6||||3.5|4.8|6||||||||||0|4.3|8.7|||||||||||||||||||||"25942760"|"77518856"
"A"||"A"||||0|||20|||||0|1|2|5|9|11|72|78|86|49|64|86|40|56|81|27|40|59||45.7|||4.5|||6.1|||8.1|||14.1|||12.9|||41.8||||||||5|12.5|20||||5|10|15||||1.2|1.3|1.4|||||1.38|||14|28|42|0.12|0.15|0.17|||||26.1|||18.3|||31||0|1.5|2.9|38|56|73|2|7|12|0|0|10|".10"|".24"|0|0|0|0|0|0|0|0|0|0|0|0|23.8|36.9|50|17.8|27.7|37.5||||4.5|5.5|6.5||||||||||12.6|26.1|39.6|||||||||||||||||||||"25942761"|"77518857"
"Bw"||"B"||||20|||122|||||0|0|2|0|5|14|90|96|100|57|84|100|46|73|94|32|52|69||45|||4.4|||6|||8|||13.9|||12.7|||41.5||||||||7|13.5|20||||0|0.5|1||||1.3|1.45|1.6|||||1.53|||14|28|42|0.11|0.16|0.21|||||21.4|||7.5|||38||0|1.5|2.9|18|25|33|3|8|13|0|1|7|".43"|".43"|0|0|0|0|0|0|0|0|0|0|0|0|1.8|4.5|7.2|1.3|3.4|5.4||||4.5|5.3|6||||||||||4|7.7|11.6|||||||||||||||||||||"25942761"|"77518858"
"C"||"C"||||122|||203|||||0|4|7|5|10|14|59|82|98|16|65|98|13|60|98|5|25|46||70.9|||0.1|||3.3|||16.1|||34|||17.4|||16.6||||||||5|12.5|20||||0|0.25|0.5||||1.3|1.45|1.6|||||1.55|||14|28|42|0.08|0.11|0.14|||||12.6|||5.9|||30||0|1.5|2.9|16|24|32|2|8|13|0|0|3|".15"|".28"|0|0|0|0|0|0|0|0|0|0|0|0|1.2|3.7|6.1|0.9|2.8|4.6||||4.5|5.3|6||||||||||3.6|6.9|10.3|||||||||||||||||||||"25942761"|"77518859"
"A"||"A"||||0|||66|||66||0|0|0|0|0|0|98|98|100|93|94|100|72|83|98|50|60|74||43.3|||4.2|||5.8|||7.7|||13.4|||12.2|||39.7||||||||7|17|27||||8|12|18||||1.3|1.4|1.5|||||1.47|||4|9|14|0.15|0.18|0.2||||28.5|34.2|39|14.2|24.4|37.6|32|36|41|0|1.5|2.9|35|49|62|3|11|18|0|6|16|".28"|".28"|0|0|0|0|0|0|0|0|0|0|0|0|19.8|31.2|47.2|14.8|23.4|35.4||||5.1|6|6.5||||||||||11.8|21.6|36.5|||||||||||||||||||||"25942639"|"77518544"
"Cg"||"C"||||66|||203|||137||0|0|0|5|9|12|95|97|100|81|90|100|52|69|89|21|34|51||67.2|||4.1|||14.7|||18.6|||20|||9.8|||15.3||||||||5|17.5|30||||0.5|1.25|2||||1.45|1.55|1.65|||||1.63|||14|78|141|0.05|0.1|0.15|11.9|17.8|33.9|8.8|16.3|30.7|3.4|12.2|22.5|28|34|41|0|1.5|2.9|20|30|40|0|7.5|15|0|2|14|".15"|".15"|0|0|0|0|0|0|0|0|0|0|0|0|2.4|7.2|12|1.8|5.4|9||||5.1|5.8|6.5||||||||||0.1|6.3|12.5|||||||||||||||||||||"25942639"|"77518545"
"A"||"A"||||0|||66|||66||0|0|0|0|0|0|98|98|100|93|94|100|72|83|98|50|60|74||43.3|||4.2|||5.8|||7.7|||13.4|||12.2|||39.7||||||||7|17|27||||8|12|18||||1.3|1.4|1.5|||||1.47|||4|9|14|0.15|0.18|0.2||||28.5|34.2|39|14.2|24.4|37.6|32|36|41|0|1.5|2.9|35|49|62|3|11|18|0|6|16|".28"|".28"|0|0|0|0|0|0|0|0|0|0|0|0|19.8|31.2|47.2|14.8|23.4|35.4||||5.1|5.5|6.5||||||||||11.8|24.1|36.5|||||||||||||||||||||"25942640"|"77518546"
"Cg"||"C"||||66|||203|||137||0|0|0|5|9|12|95|97|100|81|90|100|52|69|89|21|34|51||67.2|||4.1|||14.7|||18.6|||20|||9.8|||15.3||||||||5|17.5|30||||0.5|1.25|2||||1.45|1.55|1.65|||||1.63|||14|78|141|0.05|0.1|0.15||||10.5|19.7|27.3|3.2|11.7|21.6|28|34|41|0|1.5|2.9|20|30|40|0|7.5|15|0|2|14|".15"|".15"|0|0|0|0|0|0|0|0|0|0|0|0|2.4|7.2|12|1.8|5.4|9||||5.1|5.5|6.5||||||||||0.1|7.8|12.5|||||||||||||||||||||"25942640"|"77518547"
"A"||"A"||||0|||23|||||0|0|1|0|3|12|76|80|98|57|69|96|47|60|90|32|43|66||44.8|||4.4|||6|||8|||13.8|||12.6|||41.2||||||||8|14|20||||4|8|12||||1.35|1.48|1.6||||1.44|1.57|1.65||14|28|42|0.1|0.13|0.15||||16.7|25.6|36.3|6.7|15.3|27.5|20|29|41|0|1.5|2.9|27|42|56|4|8|13|0|1|10|".15"|".24"|0|0|0|0|0|0|0|0|0|0|0|0||||8.2|16.1|24||||4.5|5.3|6||||||||||12.5|26.8|41.2|||||||||||||||||||||"25942641"|"77518548"
"Bt"||"B"||||23|||114|||||0|0|0|0|3|5|89|94|98|75|87|96|59|75|92|32|44|57||55.8|||1.3|||8.2|||14.8|||20.2|||11.3|||17.7||||||||18|26.5|35||||0.5|0.75|2||||1.3|1.4|1.5||||1.37|1.47|1.54||4|9|14|0.12|0.16|0.2||||17|22.4|28|9.3|15|22.5|34|40|47|0|1.5|2.9|28|37|47|12|18|24|0|3|11|".20"|".20"|0|0|0|0|0|0|0|0|0|0|0|0||||4.2|6.2|9.9||||4.5|5.3|6||||||||||5.6|10.6|18.2|||||||||||||||||||||"25942641"|"77518549"
"BC"||"BC"||||114|||203|||||0|0|1|0|6|14|91|95|98|60|84|96|52|78|95|20|34|44||69.6|||0.1|||3.2|||15.8|||33.4|||17.1|||16.4||||||||8|14|20||||0|0.25|0.5||||1.4|1.53|1.65||||1.48|1.61|1.69||4|9|14|0.1|0.13|0.15||||9.6|17|22.6|3.5|8.7|14.1|23|35|44|0|1.5|2.9|18|25|32|4|9|13|0|0|2|".28"|".28"|0|0|0|0|0|0|0|0|0|0|0|0||||1.5|3|4.6||||4.5|5.3|6||||||||||1.4|5.4|11.9|||||||||||||||||||||"25942641"|"77518550"
"A"||"A"||||0|||20|||||0|0|0|0|3|4|83|90|100|64|80|100|51|70|96|36|51|71||43|||4.2|||5.8|||7.6|||13.3|||12.1|||39.5||||||||10|17.5|25||||4|8|10||||1.3|1.45|1.6|||||1.53|||14|28|42|0.1|0.12|0.14||||20.1|28.9|36.9|8.5|18.1|27.6|24|33|44|0|1.5|2.9|20|32|43|2|8|13|0|0|3|".20"|".20"|0|0|0|0|0|0|0|0|0|0|0|0|7|13.4|19.8|5.2|10|14.8||||4.5|5.3|6||||||||||13|24.1|32|||||||||||||||||||||"25942863"|"77519247"
"Bw"||"B"||||20|||122|||||0|0|1|0|4|14|90|97|100|58|84|100|47|74|94|32|52|69||45|||4.4|||6|||8|||13.9|||12.7|||41.5||||||||7|13.5|20||||0|0.5|1||||1.3|1.45|1.6|||||1.53|||14|28|42|0.11|0.16|0.21||||12|21.5|28.2|2.6|7.5|12.9|24|38|48|0|1.5|2.9|18|25|33|3|8|13|0|1|7|".43"|".43"|0|0|0|0|0|0|0|0|0|0|0|0|1.8|4.5|7.2|1.3|3.4|5.4||||4.5|5.3|6||||||||||4|7.7|11.6|||||||||||||||||||||"25942863"|"77519248"
"C"||"C"||||122|||203|||||0|4|7|5|10|14|59|83|98|16|66|98|14|61|98|5|26|46||70.9|||0.1|||3.3|||16.1|||34|||17.4|||16.6||||||||5|12.5|20||||0|0.25|0.5||||1.3|1.45|1.6|||||1.55|||14|28|42|0.08|0.11|0.14||||2.5|12.9|21.7|0.7|6|13.2|8|30|46|0|1.5|2.9|16|24|32|2|8|13|0|0|3|".15"|".28"|0|0|0|0|0|0|0|0|0|0|0|0|1.2|3.7|6.1|0.9|2.8|4.6||||4.5|5.3|6||||||||||3.6|6.9|10.3|||||||||||||||||||||"25942863"|"77519249"
"Ap"||"A"||||0|||28|||||0|0|0|0|3|4|90|94|100|70|83|100|57|73|94|39|52|68||45.3|||4.5|||6.1|||8.1|||13.9|||12.7|||43.2||||||||5|11.5|18||||4|6|8||||1.3|1.4|1.5|||||1.47|||14|28|42|0.15|0.19|0.22||||19.2|26|33.2|6.6|12.8|20.5|29|36|45|0|1.5|2.9|25|38|50|2|7|11|0|0|5|".32"|".32"|0|0|0|0|0|0|0|0|0|0|0|0|10.2|18.6|27|7.7|14|20.2||||4.5|5.9|7.3||||||||||5.7|16.3|26.8|||||||||||||||||||||"25942864"|"77519250"
"Bt"||"B"||||28|||94|||||0|0|0|0|3|4|90|95|100|71|84|100|61|75|94|44|56|71||39.8|||3.5|||5|||6.9|||12.5|||11.9|||37.7||||||||18|22.5|27||||0|0.5|1||||1.35|1.45|1.55|||||1.52|||4|9|14|0.14|0.17|0.2||||20.8|25.6|31.1|8.3|12.2|17|31|38|46|0|1.5|2.9|27|33|39|12|15|19|0|2|7|".37"|".37"|0|0|0|0|0|0|0|0|0|0|0|0|4.5|6.8|9|3.4|5.1|6.8||||4.5|5.3|6||||||||||3.6|7.2|10.9|||||||||||||||||||||"25942864"|"77519251"
"Cg"||"C"||||94|||203|||||0|0|0|0|3|4|90|95|100|71|84|100|61|79|100|23|35|59||68.5|||0|||2.4|||14.8|||34.3|||17|||14.5||||||||8|17|35||||0|0.25|0.5||||1.35|1.48|1.6|||||1.56|||4|23|42|0.1|0.13|0.16||||11.7|18.7|29.1|4.2|10.3|23.9|30|37|46|0|1.5|2.9|18|28|44|4|11|25|0|1|14|".24"|".24"|0|0|0|0|0|0|0|0|0|0|0|0|2|4.8|9.9|1.5|3.6|7.4||||4.5|5.3|6||||||||||0.8|4.9|11.6|||||||||||||||||||||"25942864"|"77519252"
"A"||"A"||||0|||20|||||0|0|0|0|3|4|90|94|100|70|83|100|57|73|94|39|52|68||45.3|||4.5|||6.1|||8.1|||13.9|||12.7|||43.2||||||||5|11.5|18||||4|7|10||||1.3|1.4|1.5|||||1.47|||14|28|42|0.16|0.2|0.24||||19.2|26.9|34.6|6.6|14|23.1|29|36|44|0|1.5|2.9|30|40|50|0|5|10|0|0|5|".28"|".28"|0|0|0|0|0|0|0|0|0|0|0|0|10.2|18.6|27|5|9.5|14||||3.5|4.5|5.5||||||||||13.5|23.3|33.1|||||||||||||||||||||"25942865"|"77519253"
"Bg1"||"B"||1||20|||81|||||0|0|0|0|3|4|90|95|100|71|84|100|57|73|94|39|52|68||45.3|||4.5|||6.1|||8.1|||13.9|||12.7|||43.2||||||||5|11.5|18||||0.5|0.75|1||||1.35|1.45|1.55|||||1.52|||14|28|42|0.14|0.17|0.2||||14.3|20.9|27.3|2.9|6.9|11.8|31|38|46|0|1.5|2.9|25|32.5|40|0|5|10|0|0|4|".43"|".43"|0|0|0|0|0|0|0|0|0|0|0|0|2.4|4.7|6.8|2|3.5|5||||3.5|4.5|5.5||||||||||6|9.7|13.3|||||||||||||||||||||"25942865"|"77519254"
"Bg2"||"B"||2||81|||135|||||0|0|0|0|0|0|100|100|100|100|100|100|75|81|88|15|21|28||84.3|||0.7|||10.7|||28.8|||34.1|||10|||4.2||||||||5|11.5|18||||0.5|0.75|1||||1.35|1.45|1.55|||||1.52|||14|28|42|0.14|0.17|0.2|18.7|23.2|26.1|12.9|18.3|22.1|4|8.5|13.1|39|42|46|0|1.5|2.9|12|17|23|0|2|4|0|0|0|".10"|".10"|0|0|0|0|0|0|0|0|0|0|0|0|2.4|4.7|6.8|2|3.5|5||||3.5|4.5|5.5||||||||||6|9.7|13.3|||||||||||||||||||||"25942865"|"77519255"
"Cg"||"C"||||135|||203|||||0|0|0|0|3|4|90|95|100|71|84|100|51|68|94|9|18|35||84.1|||0.7|||10.6|||28.7|||34.1|||10|||1.9||||||||5|14|27||||0.5|0.75|1||||1.35|1.45|1.55|||||1.52|||4|23|42|0.14|0.17|0.2|14.9|21.6|29|10.3|17.6|26.2|3.2|9|18.9|31|38|46|0|1.5|2.9|12|21|31|0|5|10|0|0|4|".10"|".10"|0|0|0|0|0|0|0|0|0|0|0|0|2.4|5.7|9|2|4|6||||3.5|4.5|5.5||||||||||6|10.1|14.4|||||||||||||||||||||"25942865"|"77519256"
"C"||"C"||||122|||203|||||0|4|7|5|10|14|59|83|98|16|66|98|14|61|98|5|26|46||70.9|||0.1|||3.3|||16.1|||34|||17.4|||16.6||||||||5|12.5|20||||0|0.25|0.5||||1.3|1.45|1.6|||||1.55|||14|28|42|0.08|0.11|0.14||||2.5|12.9|21.7|0.7|6|13.2|8|30|46|0|1.5|2.9|16|24|32|2|8|13|0|0|3|".15"|".28"|0|0|0|0|0|0|0|0|0|0|0|0|1.2|3.7|6.1|0.9|2.8|4.6||||4.5|5.3|6||||||||||3.6|6.9|10.3|||||||||||||||||||||"25942866"|"77519257"
"A"||"A"||||0|||20|||||0|0|0|0|3|4|83|90|100|64|80|100|51|70|96|36|51|71||43|||4.2|||5.8|||7.6|||13.3|||12.1|||39.5||||||||10|17.5|25||||4|8|10||||1.3|1.45|1.6|||||1.53|||14|28|42|0.1|0.12|0.14||||20.1|28.9|36.9|8.5|18.1|27.6|24|33|44|0|1.5|2.9|20|32|43|2|8|13|0|0|3|".20"|".20"|0|0|0|0|0|0|0|0|0|0|0|0|7|13.4|19.8|5.2|10|14.8||||4.5|5.3|6||||||||||13|24.1|32|||||||||||||||||||||"25942866"|"77519258"
"Bw"||"B"||||20|||122|||||0|0|1|0|4|14|90|97|100|58|84|100|47|74|94|32|52|69||45|||4.4|||6|||8|||13.9|||12.7|||41.5||||||||7|13.5|20||||0|0.5|1||||1.3|1.45|1.6|||||1.53|||14|28|42|0.11|0.16|0.21||||12|21.5|28.2|2.6|7.5|12.9|24|38|48|0|1.5|2.9|18|25|33|3|8|13|0|1|7|".43"|".43"|0|0|0|0|0|0|0|0|0|0|0|0|1.8|4.5|7.2|1.3|3.4|5.4||||4.5|5.3|6||||||||||4|7.7|11.6|||||||||||||||||||||"25942866"|"77519259"
"Ap"||"A"||||0|||28|||||0|0|0|0|3|4|90|94|100|70|83|100|57|73|94|39|52|68||45.3|||4.5|||6.1|||8.1|||13.9|||12.7|||43.2||||||||5|11.5|18||||4|6|8||||1.3|1.4|1.5|||||1.47|||14|28|42|0.15|0.19|0.22||||19.2|26|33.2|6.6|12.8|20.5|29|36|45|0|1.5|2.9|25|38|50|2|7|11|0|0|5|".32"|".32"|0|0|0|0|0|0|0|0|0|0|0|0|10.2|18.6|27|7.7|14|20.2||||4.5|5.9|7.3||||||||||5.7|16.3|26.8|||||||||||||||||||||"25942867"|"77519260"
"Bt"||"B"||||28|||94|||||0|0|0|0|3|4|90|95|100|71|84|100|60|75|94|44|56|71||39.8|||3.6|||5|||6.9|||12.5|||11.8|||37.7||||||||18|22.5|27||||0|0.5|1||||1.35|1.45|1.55|||||1.52|||4|9|14|0.14|0.17|0.2||||20.8|25.6|31.1|8.3|12.2|17|31|38|46|0|1.5|2.9|27|33|39|12|15|19|0|2|7|".37"|".37"|0|0|0|0|0|0|0|0|0|0|0|0|4.5|6.8|9|3.4|5.1|6.8||||4.5|5.3|6||||||||||3.6|7.2|10.9|||||||||||||||||||||"25942867"|"77519261"
"Cg"||"C"||||94|||203|||||0|0|0|0|3|4|90|95|100|71|84|100|61|79|100|23|35|59||68.5|||0|||2.4|||14.8|||34.3|||17|||14.5||||||||8|17|35||||0|0.25|0.5||||1.35|1.48|1.6|||||1.56|||4|23|42|0.1|0.13|0.16||||11.7|18.7|29.1|4.2|10.3|23.9|30|37|46|0|1.5|2.9|18|28|44|4|11|25|0|1|14|".24"|".24"|0|0|0|0|0|0|0|0|0|0|0|0|2|4.8|9.9|1.5|3.6|7.4||||4.5|5.3|6||||||||||0.8|4.9|11.6|||||||||||||||||||||"25942867"|"77519262"
"Cg"||"C"||||135|||203|||||0|0|0|0|3|4|90|95|100|71|84|100|51|68|94|9|18|35||84.1|||0.7|||10.6|||28.7|||34.1|||10|||1.9||||||||5|14|27||||0.5|0.75|1||||1.35|1.45|1.55|||||1.52|||4|23|42|0.14|0.17|0.2|14.9|21.6|29|10.3|17.6|26.2|3.2|9|18.9|31|38|46|0|1.5|2.9|12|21|31|0|5|10|0|0|4|".10"|".10"|0|0|0|0|0|0|0|0|0|0|0|0|2.4|5.7|9|2|4|6||||3.5|4.5|5.5||||||||||6|10.1|14.4|||||||||||||||||||||"25942868"|"77519263"
"A"||"A"||||0|||20|||||0|0|0|0|3|4|90|94|100|70|83|100|57|73|94|39|52|68||45.3|||4.5|||6.1|||8.1|||13.9|||12.7|||43.2||||||||5|11.5|18||||4|7|10||||1.3|1.4|1.5|||||1.47|||14|28|42|0.16|0.2|0.24||||19.2|26.9|34.6|6.6|14|23.1|29|36|44|0|1.5|2.9|30|40|50|0|5|10|0|0|5|".28"|".28"|0|0|0|0|0|0|0|0|0|0|0|0|10.2|18.6|27|5|9.5|14||||3.5|4.5|5.5||||||||||13.5|23.3|33.1|||||||||||||||||||||"25942868"|"77519264"
"Bg1"||"B"||1||20|||81|||||0|0|0|0|3|4|90|95|100|71|84|100|57|73|94|39|52|68||45.3|||4.5|||6.1|||8.1|||13.9|||12.7|||43.2||||||||5|11.5|18||||0.5|0.75|1||||1.35|1.45|1.55|||||1.52|||14|28|42|0.14|0.17|0.2||||14.3|20.9|27.3|2.9|6.9|11.8|31|38|46|0|1.5|2.9|25|32.5|40|0|5|10|0|0|4|".43"|".43"|0|0|0|0|0|0|0|0|0|0|0|0|2.4|4.7|6.8|2|3.5|5||||3.5|4.5|5.5||||||||||6|9.7|13.3|||||||||||||||||||||"25942868"|"77519265"
"Bg2"||"B"||2||81|||135|||||0|0|0|0|0|0|100|100|100|100|100|100|75|81|88|15|21|28||84.3|||0.7|||10.7|||28.8|||34.1|||10|||4.2||||||||5|11.5|18||||0.5|0.75|1||||1.35|1.45|1.55|||||1.52|||14|28|42|0.14|0.17|0.2|18.7|23.2|26.1|12.9|18.3|22.1|4|8.5|13.1|39|42|46|0|1.5|2.9|12|17|23|0|2|4|0|0|0|".10"|".10"|0|0|0|0|0|0|0|0|0|0|0|0|2.4|4.7|6.8|2|3.5|5||||3.5|4.5|5.5||||||||||6|9.7|13.3|||||||||||||||||||||"25942868"|"77519266"
"C"||"C"||||122|||203|||||0|4|7|5|10|14|59|82|98|16|65|98|13|60|98|5|25|46||70.9|||0.1|||3.3|||16.1|||34|||17.4|||16.6||||||||5|12.5|20||||0|0.25|0.5||||1.3|1.45|1.6|||||1.55|||14|28|42|0.08|0.11|0.14||||2.5|12.7|21.7|0.7|5.9|13.2|8|30|46|0|1.5|2.9|16|24|32|2|8|13|0|0|3|".15"|".28"|0|0|0|0|0|0|0|0|0|0|0|0|1.2|3.7|6.1|0.9|2.8|4.6||||4.5|5.3|6||||||||||3.6|6.9|10.3|||||||||||||||||||||"25942869"|"77519267"
"A"||"A"||||0|||20|||||0|1|2|5|9|11|72|78|86|49|64|86|40|56|81|27|40|59||45.7|||4.5|||6.1|||8.1|||14.1|||12.9|||41.8||||||||5|12.5|20||||5|10|15||||1.2|1.3|1.4|||||1.38|||14|28|42|0.12|0.15|0.17||||14.9|23.7|33.5|5.4|13.8|25.5|23|31|42|0|1.5|2.9|38|56|73|2|7|12|0|0|10|".10"|".24"|0|0|0|0|0|0|0|0|0|0|0|0|23.8|36.9|50|17.8|27.7|37.5||||4.5|5.5|6.5||||||||||12.6|26.1|39.6|||||||||||||||||||||"25942869"|"77519268"
"Bw"||"B"||||20|||122|||||0|0|2|0|5|14|90|96|100|57|84|100|46|73|94|32|52|69||45|||4.4|||6|||8|||13.9|||12.7|||41.5||||||||7|13.5|20||||0|0.5|1||||1.3|1.45|1.6|||||1.53|||14|28|42|0.11|0.16|0.21||||11.8|21.4|28.2|2.5|7.5|12.9|23|37|48|0|1.5|2.9|18|25|33|3|8|13|0|1|7|".43"|".43"|0|0|0|0|0|0|0|0|0|0|0|0|1.8|4.5|7.2|1.3|3.4|5.4||||4.5|5.3|6||||||||||4|7.7|11.6|||||||||||||||||||||"25942869"|"77519269"
"A"||"A"||||0|||20|||||1|3|7|22|24|26|76|87|98|51|76|98|41|67|96|28|48|71||44.3|||4.3|||5.9|||7.9|||13.7|||12.5|||40.7||||||||7|15|25||||5|10|15||||1.3|1.4|1.5|||||1.49|||14|28|42|0.1|0.12|0.14||||13.1|23.7|33.5|5.3|15.1|28.1|17|27|36|0|1.5|2.9|40|58|77|3|9|16|0|3|17|".10"|".24"|0|0|0|0|0|0|0|0|0|0|0|0|24.2|37.5|51.2|18.2|28.1|38.4||||3.5|4.8|6||||||||||22.7|41.1|60.2|||||||||||||||||||||"25942870"|"77519270"
"Bt"||"B"||||20|||61|||||4|5|12|30|37|39|68|82|98|29|61|98|21|53|92|10|29|54||59.9|||4.1|||5.8|||14.3|||22.1|||13.6|||18.1||||||||10|22|30||||0|0.5|1||||1.4|1.5|1.6|||||1.67|||14|28|42|0.08|0.1|0.12||||3.6|11.4|20.6|1.4|7.1|15.4|8|20|34|0|1.5|2.9|20|32|41|6|15|21|0|1|12|".05"|".20"|0|0|0|0|0|0|0|0|0|0|0|0|2.5|6.6|9.8|1.9|5|7.3||||3.5|4.8|6||||||||||1.3|7.7|13|||||||||||||||||||"Very high"||"25942870"|"77519271"
"BC"||"BC"||||61|||76|||||3|3|14|30|37|38|67|82|98|27|62|98|18|47|82|8|24|45||67.9|||4.5|||14.5|||18|||20.2|||10.7|||19.6||||||||5|12.5|20||||0|0.5|1||||1.4|1.5|1.6|||||1.67|||14|28|42|0.06|0.08|0.1||||2.4|9.4|17.6|0.7|4.4|10.8|8|21|34|0|1.5|2.9|16|24|33|2|8|13|0|0|2|".05"|".24"|0|0|0|0|0|0|0|0|0|0|0|0|1.2|4.2|7.2|0.9|3.2|5.4||||3.5|4.8|6||||||||||0|5|10.1|||||||||||||||||||"Very high"||"25942870"|"77519272"
"C"||"C"||||76|||203|||||3|10|15|30|48|68|55|61|80|10|22|60|7|18|53|1|5|18||83.3|||0.6|||10.6|||28.4|||33.8|||9.9|||4.2||||||||5|12.5|20||||0|0.25|0.5||||1.45|1.55|1.65|||||1.61|||14|28|42|0.04|0.06|0.08|0.5|3.5|14.4|0.3|2.8|12.5|0.1|1.3|7.8|1|6|23|0|1.5|2.9|12|18|25|0|3|7|0|0|0|".02"|".10"|0|0|0|0|0|0|0|0|0|0|0|0|1.2|3.7|6.1|0.9|2.8|4.6||||3.5|4.8|6||||||||||0|4.3|8.7|||||||||||||||||||"Very high"||"25942870"|"77519273"
"C"||"C"||||0|||203|||203||0|0|0|0|3|6|95|96|100|80|89|100|60|68|79|4|7|10||96.5|||0.7|||13.2|||37.4|||38|||7.2|||1.5||||||||0|2|4||||0|0.25|0.5||||1.2|1.45|1.7||||1.27|1.52|1.77||42|92|141|0.06|0.08|0.1|4.2|10.6|13.8|1.5|6.7|9.8|0.1|1.5|3.3|29|39|52|0|1.5|2.9|0|0|18|0|0|1|0|0|0|".02"|".02"|0|0|0|0|0|0|0|0|0|0|0|0|0|1.3|2.5|0|0.9|1.9||||5.1|6.5|7.8||||||||||0|1|4|||||||||||||||||||||"25942831"|"77519131"
"C"||"C"||||0|||203|||203||0|0|0|0|3|6|95|96|100|81|89|100|60|69|79|5|7|10||96.5|||0.7|||13.2|||37.4|||38|||7.2|||1.5||||||||0|2|4||||0|0.25|0.5||||1.2|1.45|1.7||||1.27|1.52|1.77||42|92|141|0.06|0.08|0.1|4.2|10.6|13.8|1.5|6.7|9.8|0.1|1.5|3.3|29|39|52|0|1.5|2.9|0|0|18|0|0|1|0|0|0|".02"|".02"|0|0|0|0|0|0|0|0|0|0|0|0|0|1.7|3.3|||||||5.1|6.5|7.8||||||||||0|1.1|4.1|||||||||||||||||||||"25942832"|"77519132"
"C"||"C"||||0|||203|||203||1|1|26|1|3|26|75|97|98|51|89|97|35|76|97|15|41|64||61.4|||4.5|||6.1|||14.6|||22.4|||13.8|||18.6||||||||4|20|40|0|0|0|0|0.25|0.5||||1.3|1.65|1.8||||1.38|1.73|1.81||0.42|3|141|0.1|0.12|0.17||||2.2|20.7|30.2|0.6|12.8|27.3|6|32|46|0|1.5|2.9|15|30|49|1|13|28|0|4|22|".28"|".28"|0|0|0|0|0|0|0|0|0|0|0|0||||0.8|4.2|8.3||||3.6|5|6.5||||||||||0.5|5.5|10.9|||||||||||||||||||||"25942642"|"77518551"
"C"||"C"||||0|||203|||||0|0|0|0|1|3|95|96|100|84|91|100|54|70|80|23|37|44||65.1|||4.3|||13.9|||17.3|||19.3|||10.3|||17.9||||||||4|17|20||||0|0.25|0.5||||1.3|1.48|1.65||||1.37|1.55|1.72||0.01|23|141|0.1|0.14|0.17||||9.3|19.2|22.2|2.2|10.3|13.1|32|39|48|0|1.5|2.9|20|39|57|6|21|36|0|4|23|".20"|".20"|0|0|0|0|0|0|0|0|0|0|0|0|1.4|6.5|8.1|1|4.9|6.1||||4.5|6.2|7.8||||||||||0|2.4|5.9|||||||||||||||||||||"25942643"|"77518552"
"C"||"C"||||0|||203|||||0|1|18|1|12|24|68|93|98|36|82|96|23|63|78|10|33|42||65.1|||4.3|||13.9|||17.3|||19.3|||10.3|||17.9||||||||4|17|20||||0|0.25|0.5||||1.3|1.48|1.65||||1.38|1.56|1.73||0.01|23|141|0.1|0.14|0.17||||3.4|16.7|21.5|0.8|8.9|12.7|11|34|47|0|1.5|2.9|15|28|32|1|11|13|0|0|0|".15"|".20"|0|0|0|0|0|0|0|0|0|0|0|0||||0.8|3.6|4.6||||3.6|5.4|7.3||||||||||0|3|6.7|||||||||||||||||||||"25942874"|"77519281"
"A"||"A"||||0|||23|||||0|0|0|0|0|4|92|95|98|72|85|98|59|74|92|41|53|68||43.8|||4.3|||5.9|||7.8|||13.5|||12.3|||40.2||||||||10|16|22||||6|10|14||||1.35|1.43|1.5|||||1.5|||14|28|42|0.14|0.16|0.18|||||31.4|||20.6|||36||0|1.5|2.9|33|48|62|5|10|14|0|4|12|".20"|".20"|0|0|0|0|0|0|0|0|0|0|0|0|16|26.5|37|12|19.9|27.8||||4.5|5|5.5||||||||||20.4|32.4|44.4|||||||||||||||||||||"25942756"|"77518843"
"Bw"||"B"||||23|||69|||||0|0|0|0|4|14|86|91|96|63|79|96|49|70|93|34|50|70||43.8|||4.3|||5.9|||7.8|||13.5|||12.3|||40.2||||||||7|16|25||||0|0.5|1||||1.35|1.43|1.5|||||1.51|||14|28|42|0.14|0.16|0.18|||||21.7|||8.3|||37||0|1.5|2.9|18|27|37|3|10|17|0|2|10|".28"|".43"|0|0|0|0|0|0|0|0|0|0|0|0|1.8|5.1|8.5|1.3|3.8|6.4||||4.5|5|5.5||||||||||5|8.7|12.4|||||||||||||||||||||"25942756"|"77518844"
"Cr"||"C"||||69|||79||||||||||||||||||||||||||||||||||||||||||||||||||||||||0|0.25|0.5||||||||||||||0|7|14|0|0.01|0.01|||||||||||||||||||||||||||||||||||||||||||||||||||||||||||||||||||||||||||||||||"High"||"25942756"|"77518842"
"R"||"R"||||79|||203|||||||||||||||||||||||||||0|||||||||||||||||||||||||||||||||||||||||||||0|0.035|0.07|0|0|0.01|||||||||||||||||||||||||||||||||||||||||||||||||||||||||||||||||||||||||||||||||"Extremely high"||"25942756"|"77518841"
"R"||"R"||||0|||203|||||||||||||||||||||||||||0|||||||||||||||||||||||||||||||||||||||||||||0|0.035|0.07|0|0|0.01|||||||||||||||||||||||||||||||||||||||||||||||||||||||||||||||||||||||||||||||||"Extremely high"|"Very dry"|"25942757"|"77518845"
"A"||"A"||||0|||23|||||0|0|0|0|0|4|92|95|98|72|85|98|59|74|92|41|53|68||43.8|||4.3|||5.9|||7.8|||13.5|||12.3|||40.2||||||||10|16|22||||6|10|14||||1.35|1.43|1.5|||||1.5|||14|28|42|0.14|0.16|0.18|||||31.4|||20.6|||36||0|1.5|2.9|33|48|62|5|10|14|0|4|12|".20"|".20"|0|0|0|0|0|0|0|0|0|0|0|0|16|26.5|37|12|19.9|27.8||||4.5|5|5.5||||||||||20.4|32.4|44.4|||||||||||||||||||||"25942754"|"77518838"
"Bw"||"B"||||23|||69|||||0|0|0|0|4|14|86|91|96|63|79|96|49|70|93|34|50|70||43.8|||4.3|||5.9|||7.8|||13.5|||12.3|||40.2||||||||7|16|25||||0|0.5|1||||1.35|1.43|1.5|||||1.51|||14|28|42|0.14|0.16|0.18|||||21.7|||8.3|||37||0|1.5|2.9|18|27|37|3|10|17|0|2|10|".28"|".43"|0|0|0|0|0|0|0|0|0|0|0|0|1.8|5.1|8.5|1.3|3.8|6.4||||4.5|5|5.5||||||||||5|8.7|12.4|||||||||||||||||||||"25942754"|"77518839"
"Cr"||"C"||||69|||79||||||||||||||||||||||||||||||||||||||||||||||||||||||||0|0.25|0.5||||||||||||||0|7|14|0|0.01|0.01|||||||||||||||||||||||||||||||||||||||||||||||||||||||||||||||||||||||||||||||||"High"||"25942754"|"77518836"
"R"||"R"||||79|||203|||||||||||||||||||||||||||0|||||||||||||||||||||||||||||||||||||||||||||0|0.035|0.07|0|0|0.01|||||||||||||||||||||||0||||||||||||||||||||||||||||||||||||||||||||||||||||||||||"Extremely high"||"25942754"|"77518837"
"R"||"R"||||0|||203|||||||||||||||||||||||||||0|||||||||||||||||||||||||||||||||||||||||||||0|0.035|0.07|0|0|0.01|||||||||||||||||||||||||||||||||||||||||||||||||||||||||||||||||||||||||||||||||"Extremely high"|"Very dry"|"25942755"|"77518840"
"A"||"A"||||0|||23|||||0|0|0|0|0|4|92|95|98|72|85|98|59|74|92|41|53|68||43.8|||4.3|||5.9|||7.8|||13.5|||12.3|||40.2||||||||10|16|22||||6|10|14||||1.35|1.43|1.5||||1.42|1.5|1.57||14|28|42|0.14|0.16|0.18||||23.2|31.3|38|11.2|20.5|30.5|27|34|40|0|1.5|2.9|33|48|62|5|10|14|0|4|12|".20"|".20"|0|0|0|0|0|0|0|0|0|0|0|0|16|26.5|37|12|19.9|27.8||||4.5|5|5.5||||||||||20.4|32.4|44.4|||||||||||||||||||||"25942889"|"77519331"
"Bw"||"B"||||23|||69|||||0|0|0|0|4|14|86|91|96|63|79|96|49|70|93|34|50|70||43.8|||4.3|||5.9|||7.8|||13.5|||12.3|||40.2||||||||7|16|25||||0|0.5|1||||1.35|1.43|1.5||||1.43|1.51|1.58||14|28|42|0.14|0.16|0.18||||12.7|21.8|29.6|2.7|8.3|15.3|28|37|45|0|1.5|2.9|18|27|37|3|10|17|0|2|10|".28"|".43"|0|0|0|0|0|0|0|0|0|0|0|0|1.8|5.1|8.5|1.3|3.8|6.4||||4.5|5|5.5||||||||||5|8.7|12.4|||||||||||||||||||||"25942889"|"77519332"
"Cr"||"C"||||69|||79||||||||||||||||||||||||||||||||||||||||||||||||||||||||0|0.25|0.5||||||||||||||0|7|14|0|0.01|0.01|||||||||||||||||||||||||||||||||||||||||||||||||||||||||||||||||||||||||||||||||"High"||"25942889"|"77519333"
"R"||"R"||||79|||203||||||||||||||||||||||||||||||||||||||||||||||||||||||||||||||||||||||||0|0.035|0.07|0|0|0.01|||||||||||||||||||||||0||||||||||||||||||||||||||||||||||||||||||||||||||||||||||"Extremely high"||"25942889"|"77519334"
"R"||"R"||||0|||203|||||||||||||||||||||||||||0|||||||||||||||||||||||||||||||||||||||||||||0|0.035|0.07|0|0|0.01|||||||||||||||||||||||||||||||||||||||||||||||||||||||||||||||||||||||||||||||||"Extremely high"|"Very dry"|"25942890"|"77519335"
"BCg"||"BC"||||81|||203|||||0|0|0|0|0|0|95|96|100|84|91|100|61|78|100|28|43|61||60.2|||4.2|||5.8|||14.4|||22.2|||13.6|||18.3||||||||8|21.5|35||||0|0.5|1||||1.2|1.33|1.45||||1.26|1.39|1.46||1.4|2.7|4|0.12|0.16|0.2||||12.4|20.8|27.3|4.1|12|20.7|39|45|52|0|1.5|2.9|18|32|45|4|14|25|0|2|12|".28"|".28"|0|0|0|0|0|0|0|0|0|0|0|0|4.1|11.4|18.6|||||||4.5|5.9|7.3||||||||||0|4.9|10.8|||||||||||||||||||||"25942762"|"77518861"
"Ap"||"A"||||0|||20|||||0|0|0|0|0|0|94|96|100|87|92|100|68|81|100|47|59|76||43|||4.2|||5.8|||7.6|||13.3|||12.1|||39.5||||||||8|17.5|30||||8|10|15||||1.2|1.33|1.45||||1.26|1.39|1.45||4|9|14|0.15|0.2|0.24||||27.4|32.5|39.5|13.5|20.8|33.5|34|40|46|0|1.5|2.9|36|49|70|4|11|20|0|6|19|".28"|".28"|0|0|0|0|0|0|0|0|0|0|0|0|4.5|9.7|16.7|||||||4.5|5.9|7.3||||||||||4.3|10.7|19.5|||||||||||||||||||||"25942762"|"77518862"
"Btg"||"B"||||20|||81|||||0|0|0|0|0|0|94|96|100|89|92|100|79|86|100|63|69|96||30.3|||2.4|||3|||5.8|||10.5|||8.6|||30.7||||||||35|39|60||||0|0.5|1||||1.2|1.33|1.45||||1.26|1.39|1.45||0.42|0.9|1.4|0.15|0.18|0.2||||30.8|32.8|39.9|18.4|21.4|34.5|40|45|52|0|1.5|2.9|42|47|67|24|27|43|12|17|47|".28"|".28"|0|0|0|0|0|0|0|0|0|0|0|0|17.5|20.5|31.7|||||||4.5|5.9|7.3||||||||||1.8|6.8|13.5|||||||||||||||||||"Moderate"|"Moist"|"25942762"|"77518860"
"Bt2"||"B"||2||125|||203|||||0|0|1|0|4|12|68|91|97|42|77|95|35|70|92|27|55|73||33.5|||3|||4.2|||5.8|||10.5|||10|||36.5||||||||22|30|35||||0|0.25|0.5||||1.4|1.6|1.8||||1.49|1.69|1.89||14|28|42|0.07|0.1|0.12||||13.5|27.4|34.1|7.2|16.9|23.5|15|31|43|0|1.5|2.9|30|39|44|15|21|25|0|8|17|".17"|".28"|0|0|0|0|0|0|0|0|0|0|0|0||||4.1|6|7.4||||4.5|5|6||||||||||4.6|8.9|11.6|||||||||||||||||||||"25942763"|"77518864"
"Ap"||"A"||||0|||25|||||0|0|0|0|0|11|90|95|100|80|90|100|65|79|96|45|57|71||43|||4.2|||5.8|||7.6|||13.3|||12.1|||39.5||||||||10|17.5|25||||2|4|6||||1.35|1.5|1.65||||1.42|1.57|1.72||4|23|42|0.14|0.17|0.2||||20.1|28.7|34.6|7.2|15.1|23.1|27|36|44|0|1.5|2.9|25|36|47|6|11|17|0|4|12|".24"|".24"|0|0|0|0|0|0|0|0|0|0|0|0|7|13.4|19.8|||||||4.5|5.6|6.5||||||||||4.3|12.1|20.3|||||||||||||||||||||"25942763"|"77518865"
"Bt1"||"B"||1||25|||125|||||0|0|0|0|0|11|90|95|100|80|90|100|62|83|100|51|71|99||27.1|||3|||3.5|||4.1|||6.2|||10.3|||27.9||||||||30|45|65||||0|0.5|1||||1.3|1.45|1.6||||1.52|1.67|1.74||4|9|14|0.12|0.15|0.18||||22.2|34.8|40.3|13.4|23.7|36.5|31|40|48|3|4.5|5.9|39|54|73|21|32|47|7|22|54|".20"|".20"|0|0|0|0|0|0|0|0|0|0|0|0||||5.6|9.3|13.9||||4.5|5|6||||||||||6.9|13.8|21.5|||||||||||||||||||"Moderate"|"Moist"|"25942763"|"77518863"
"Ap"||"A"||||0|||20|||||0|0|0|0|0|0|94|96|100|87|92|100|68|81|100|47|59|76||43|||4.2|||5.8|||7.6|||13.3|||12.1|||39.5||||||||8|17.5|30||||8|10|15||||1.2|1.33|1.45||||1.26|1.39|1.45||4|9|14|0.15|0.2|0.24||||27.4|32.5|39.5|13.5|20.8|33.5|34|40|46|0|1.5|2.9|36|49|70|4|11|20|0|6|19|".28"|".28"|0|0|0|0|0|0|0|0|0|0|0|0|4.5|9.7|16.7|||||||4.5|5.9|7.3||||||||||4.3|10.7|19.5|||||||||||||||||||||"25942764"|"77518866"
"BCg"||"BC"||||81|||203|||||0|0|0|0|0|0|95|96|100|84|91|100|61|78|100|28|43|61||60.2|||4.2|||5.8|||14.4|||22.2|||13.6|||18.3||||||||8|21.5|35||||0|0.5|1||||1.2|1.33|1.45||||1.26|1.39|1.46||1.4|2.7|4|0.12|0.16|0.2||||12.4|20.7|27.3|4.1|12|20.7|39|45|52|0|1.5|2.9|18|32|45|4|14|25|0|2|12|".28"|".28"|0|0|0|0|0|0|0|0|0|0|0|0|4.1|11.4|18.6|||||||4.5|5.9|7.3||||||||||0|4.9|10.8|||||||||||||||||||||"25942764"|"77518868"
"Btg"||"B"||||20|||81|||||0|0|0|0|0|0|94|96|100|89|92|100|79|86|100|63|69|96||30.3|||2.4|||3|||5.8|||10.5|||8.6|||30.7||||||||35|39|60||||0|0.5|1||||1.2|1.33|1.45||||1.26|1.39|1.45||0.42|0.9|1.4|0.15|0.18|0.2||||30.7|32.9|39.9|18.4|21.4|34.5|40|45|52|0|1.5|2.9|42|47|67|24|27|43|12|17|47|".28"|".28"|0|0|0|0|0|0|0|0|0|0|0|0|17.5|20.5|31.7|||||||4.5|5.9|7.3||||||||||1.8|6.8|13.5|||||||||||||||||||"Moderate"|"Moist"|"25942764"|"77518867"
"Bt2"||"B"||2||125|||203|||||0|0|1|0|4|7|72|91|97|45|77|95|37|70|92|29|55|73||33.5|||3|||4.2|||5.8|||10.5|||10|||36.5||||||||22|30|35||||0|0.25|0.5||||1.4|1.6|1.8||||1.49|1.69|1.89||14|28|42|0.07|0.1|0.12||||14.7|27.2|34.2|7.8|16.8|23.5|16|31|43|0|1.5|2.9|30|39|44|15|21|25|0|8|17|".17"|".28"|0|0|0|0|0|0|0|0|0|0|0|0||||4.1|6|7.4||||4.5|5|6||||||||||4.6|8.9|11.6|||||||||||||||||||||"25942765"|"77518869"
"Ap"||"A"||||0|||25|||||0|0|0|0|0|11|90|95|100|80|90|100|65|79|96|45|57|71||43|||4.2|||5.8|||7.6|||13.3|||12.1|||39.5||||||||10|17.5|25||||2|4|6||||1.35|1.5|1.65||||1.42|1.57|1.72||4|23|42|0.14|0.17|0.2||||20|28.7|34.6|7.2|15.1|23.1|27|36|44|0|1.5|2.9|25|36|47|6|11|17|0|4|12|".24"|".24"|0|0|0|0|0|0|0|0|0|0|0|0|7|13.4|19.8|||||||4.5|5.6|6.5||||||||||4.3|12.1|20.3|||||||||||||||||||||"25942765"|"77518870"
"Bt1"||"B"||1||25|||125|||||0|0|0|0|0|11|90|95|100|80|90|100|62|83|100|51|71|99||27.1|||3|||3.5|||4.1|||6.2|||10.3|||27.9||||||||30|45|65||||0|0.5|1||||1.3|1.45|1.6||||1.52|1.67|1.74||4|9|14|0.12|0.15|0.18||||22|34.7|40.3|13.2|23.6|36.5|30|40|48|3|4.5|5.9|39|54|73|21|32|47|7|22|54|".20"|".20"|0|0|0|0|0|0|0|0|0|0|0|0||||5.6|9.3|13.9||||4.5|5|6||||||||||6.9|13.8|21.5|||||||||||||||||||"Moderate"|"Moist"|"25942765"|"77518871"
"Ap"||"A"||||0|||25|||||0|0|0|0|4|10|90|95|100|79|90|100|64|79|96|45|57|71||43|||4.2|||5.8|||7.6|||13.3|||12.1|||39.5||||||||10|17.5|25||||2|4|6||||1.35|1.5|1.65||||1.42|1.57|1.72||4|23|42|0.14|0.17|0.2||||20|27.7|34.6|7.2|14.6|23.1|27|35|44|0|1.5|2.9|25|36|47|6|11|17|0|4|12|".24"|".24"|0|0|0|0|0|0|0|0|0|0|0|0|7|13.4|19.8|5.2|10|14.8||||4.5|5.3|6||||||||||7.1|16|25|||||||||||||||||||||"25942766"|"77518872"
"Bt1"||"B"||||25|||125|||||0|0|0|0|5|11|89|95|100|79|89|100|57|83|100|48|72|100||22.1|||3|||3.5|||4.1|||6.2|||5.3|||27.9||||||||30|50|70||||0|0.5|1||||1.3|1.45|1.6||||1.53|1.68|1.75||4|9|14|0.12|0.15|0.18||||22|34.4|41|13.2|25.3|39.2|30|39|48|3|4.5|5.9|39|58|77|21|36|51|6|25|59|".17"|".17"|0|0|0|0|0|0|0|0|0|0|0|0|7.5|13.6|19.8|5.6|10.2|14.8||||4.5|5.3|6||||||||||6.9|14.8|22.9|||||||||||||||||||||"25942766"|"77518873"
"Bt2"||"B"||||125|||203|||||0|0|1|0|3|7|72|76|97|36|46|97|29|42|93|22|33|75||33.5|||3|||4.2|||5.8|||10.5|||10|||36.5||||||||18|30|35||||0|0.25|0.5||||1.4|1.6|1.8||||1.53|1.73|1.86||14|28|42|0.07|0.1|0.12||||12.4|18.9|34.5|5.4|11.7|23.7|14|21|44|0|1.5|2.9|16|24|32|2|8|13|0|0|8|".10"|".28"|0|0|0|0|0|0|0|0|0|0|0|0|4.5|8.1|9.9|3.4|6|7.4||||5.1|6.2|7.3||||||||||0.1|5.5|9.4|||||||||||||||||||||"25942766"|"77518874"
"Ap"||"A"||||0|||25|||||0|0|0|0|4|10|90|95|100|79|90|100|64|79|96|45|57|71||43|||4.2|||5.8|||7.6|||13.3|||12.1|||39.5||||||||10|17.5|25||||2|4|6||||1.35|1.5|1.65|||||1.58|||4|23|42|0.14|0.17|0.2|||||27.8|||14.7|||36||0|1.5|2.9|25|36|47|6|11|17|0|4|12|".24"|".24"|0|0|0|0|0|0|0|0|0|0|0|0|7|13.4|19.8|5.2|10|14.8||||4.5|5.3|6||||||||||7.1|16|25|||||||||||||||||||||"25942654"|"77518580"
"Bt"||"B"||||25|||224|||||0|0|0|0|5|11|89|95|100|79|89|100|57|83|100|48|72|100||22.1|||3|||3.5|||4.1|||6.2|||5.3|||27.9||||||||30|50|70||||0|0.5|1||||1.3|1.45|1.6|||||1.68|||4|9|14|0.12|0.15|0.18|||||34.4|||25.3|||39||3|4.5|5.9|39|58|77|21|36|51|6|25|59|".17"|".17"|0|0|0|0|0|0|0|0|0|0|0|0|7.5|13.6|19.8|5.6|10.2|14.8||||4.5|5.3|6||||||||||6.9|14.8|22.9|||||||||||||||||||||"25942654"|"77518581"
"Ap"||"A"||||0|||25|||||0|0|0|0|4|10|90|95|100|79|90|100|64|79|96|45|57|71||43|||4.2|||5.8|||7.6|||13.3|||12.1|||39.5||||||||10|17.5|25||||2|4|6||||1.35|1.5|1.65|||||1.58|||4|23|42|0.14|0.17|0.2|||||27.8|||14.7|||36||0|1.5|2.9|25|36|47|6|11|17|0|4|12|".24"|".24"|0|0|0|0|0|0|0|0|0|0|0|0|7|13.4|19.8|5.2|10|14.8||||4.5|5.3|6||||||||||7.1|16|25|||||||||||||||||||||"25942656"|"77518582"
"Bt"||"B"||||25|||224|||||0|0|0|0|5|11|89|95|100|79|89|100|57|83|100|48|72|100||22.1|||3|||3.5|||4.1|||6.2|||5.3|||27.9||||||||30|50|70||||0|0.5|1||||1.3|1.45|1.6|||||1.68|||4|9|14|0.12|0.15|0.18|||||34.4|||25.3|||39||3|4.5|5.9|39|58|77|21|36|51|6|25|59|".17"|".17"|0|0|0|0|0|0|0|0|0|0|0|0|7.5|13.6|19.8|5.6|10.2|14.8||||4.5|5.3|6||||||||||6.9|14.8|22.9|||||||||||||||||||||"25942656"|"77518583"
"Ap"||"A"||||0|||5|||||0|0|1|0|2|5|83|96|100|63|91|100|54|85|100|20|36|46||70.9|||0.1|||3.3|||16.1|||34|||17.4|||16.6||||||||5|12.5|20||||1|4.5|8||||1|1.2|1.4|||||1.26|||14|28|42|0.12|0.14|0.15||||9.7|20.1|26.6|3|11.2|19.5|32|47|57|0|1.5|2.9|15|22.5|30|0|3.5|7|0|0|1|".17"|".17"|0|0|0|0|0|0|0|0|0|0|0|0|3.5|13.2|23|2.6|9.9|17.2||||4.5|5|5.5||||||||||7.2|18.1|29.1|||||||||||||||||||||"25942848"|"77519184"
"Bw"||"B"||||5|||53|||||0|0|0|0|3|4|87|93|100|70|83|100|56|73|95|38|51|69||45.7|||4.5|||6.1|||8.1|||14.1|||12.9|||41.8||||||||5|12.5|20||||0|0.5|1||||1.35|1.48|1.6|||||1.56|||14|28|42|0.1|0.13|0.16||||13.2|21.1|28.4|2.3|7.1|13.2|29|37|46|0|1.5|2.9|16|24|33|2|8|13|0|1|7|".43"|".43"|0|0|0|0|0|0|0|0|0|0|0|0|4.1|10.6|16.6|||||||5.1|6.2|7.3||||||||||0|5.7|14.4|||||||||||||||||||||"25942848"|"77519185"
"BC"||"BC"||||53|||68|||||0|1|1|0|4|7|73|85|100|41|67|100|35|62|100|13|26|46||70.9|||0.1|||3.3|||16.1|||34|||17.4|||16.6||||||||5|12.5|20||||0|0.5|1||||1.4|1.6|1.8|||||1.7|||14|28|42|0.08|0.1|0.12||||6.2|14.4|24.2|1.8|7.3|15.9|15|28|44|0|1.5|2.9|16|24|33|2|8|13|0|0|2|".15"|".28"|0|0|0|0|0|0|0|0|0|0|0|0|4.1|10.6|16.6|||||||5.1|6.2|7.3||||||||||0|5.7|14.4|||||||||||||||||||||"25942848"|"77519186"
"Cr"||"C"||||68|||203|||||||||||||||||||||||||||0|||||||||||||||||||||||||||||0|0|0||||||||||||||0|7|14|0|0|0.01|||||||||||||||||||||||||||||||||||||||||||||||||||||||||||||||||||||||||||||||||"High"||"25942848"|"77519183"
"Bw"||"B"||||8|||89|||||0|0|0|0|3|4|87|93|100|70|83|100|59|77|100|22|32|46||70.9|||0.1|||3.3|||16.1|||34|||17.4|||16.6||||||||5|12.5|20||||0|0.5|1||||1.35|1.5|1.65|||||1.58|||14|28|42|0.1|0.15|0.19||||9.4|16.6|23.5|2.6|8|14.9|28|36|46|0|1.5|2.9|16|24|33|2|8|13|0|0|6|".28"|".28"|0|0|0|0|0|0|0|0|0|0|0|0|4.1|10.6|16.6|||||||5.1|6.2|7.3||||||||||0|5.7|14.4|||||||||||||||||||||"25942849"|"77519188"
"C"||"C"||||89|||117|||||0|0|1|0|4|7|73|94|100|41|84|100|35|78|100|13|33|46||70.9|||0.1|||3.3|||16.1|||34|||17.4|||16.6||||||||5|12.5|20||||0|0.25|0.5||||1.4|1.6|1.8|||||1.68|||14|28|42|0.08|0.12|0.16||||6.2|16.6|23.7|1.8|8.2|15.1|15|33|45|0|1.5|2.9|16|24|32|2|8|13|0|0|2|".28"|".28"|0|0|0|0|0|0|0|0|0|0|0|0|4.1|10.3|16.2|||||||5.1|6.2|7.3||||||||||0|5.4|14|||||||||||||||||||||"25942849"|"77519189"
"Ap"||"A"||||0|||8|||||0|0|1|0|2|5|83|96|100|63|91|100|54|85|100|20|36|46||70.9|||0.1|||3.3|||16.1|||34|||17.4|||16.6||||||||5|12.5|20||||1|4.5|8||||1|1.2|1.4|||||1.26|||14|28|42|0.12|0.14|0.15||||9.7|20.1|26.6|3|11.2|19.5|32|47|57|0|1.5|2.9|15|22.5|30|0|3.5|7|0|0|1|".17"|".17"|0|0|0|0|0|0|0|0|0|0|0|0|3.5|13.2|23|2.6|9.9|17.2||||4.5|5|5.5||||||||||7.2|18.1|29.1|||||||||||||||||||||"25942849"|"77519190"
"Cr"||"C"||||117|||203|||||||||||||||||||||||||||0|||||||||||||||||||||||||||||0|0|0||||||||||||||0|7|14|0|0|0.01|||||||||||||||||||||||||||||||||||||||||||||||||||||||||||||||||||||||||||||||||"High"||"25942849"|"77519187"
"Bw"||"B"||||5|||28|||||0|0|0|0|3|4|87|93|100|70|83|100|59|77|100|22|32|46||70.9|||0.1|||3.3|||16.1|||34|||17.4|||16.6||||||||5|12.5|20||||0|0.5|1||||1.35|1.48|1.6|||||1.56|||14|28|42|0.1|0.13|0.16||||9.4|16.5|23.3|2.6|7.9|14.7|29|37|46|0|1.5|2.9|16|24|33|2|8|13|0|0|2|".28"|".28"|0|0|0|0|0|0|0|0|0|0|0|0|4.1|10.6|16.6|||||||5.1|6.2|7.3||||||||||0|5.7|14.4|||||||||||||||||||||"25942850"|"77519192"
"C"||"C"||||28|||38|||||0|0|1|0|3|7|72|76|97|36|46|97|25|35|81|11|18|44||67.9|||4.5|||14.5|||18|||20.2|||10.7|||19.6||||||||5|12.5|20||||0|0.25|0.5||||1.4|1.6|1.8|||||1.73|||14|28|42|0.07|0.1|0.12||||5.4|10.6|22.5|1.5|5|13.9|14|21|44|0|1.5|2.9|16|24|32|2|8|13|0|0|2|".10"|".28"|0|0|0|0|0|0|0|0|0|0|0|0|4.1|10.3|16.2|||||||5.1|6.2|7.3||||||||||0|5.4|14|||||||||||||||||||||"25942850"|"77519193"
"Ap"||"A"||||0|||5|||||0|0|1|0|2|5|83|96|100|63|91|100|54|85|100|20|36|46||70.9|||0.1|||3.3|||16.1|||34|||17.4|||16.6||||||||5|12.5|20||||1|4.5|8||||1|1.2|1.4|||||1.26|||14|28|42|0.12|0.14|0.15||||9.7|20.1|26.6|3|11.2|19.5|32|47|57|0|1.5|2.9|15|22.5|30|0|3.5|7|0|0|1|".20"|".20"|0|0|0|0|0|0|0|0|0|0|0|0|3.5|13.2|23|2.6|9.9|17.2||||4.5|5|5.5||||||||||7.2|18.1|29.1|||||||||||||||||||||"25942850"|"77519194"
"Cr"||"C"||||38|||203|||||||||||||||||||||||||||0|||||||||||||||||||||||||||||0|0|0||||||||||||||0|7|14|0|0|0.01|||||||||||||||||||||||||||||||||||||||||||||||||||||||||||||||||||||||||||||||||"High"||"25942850"|"77519191"
"A"||"A"||||0|||5|||||0|0|1|0|2|5|83|96|100|63|91|100|54|85|100|20|36|46||70.9|||0.1|||3.3|||16.1|||34|||17.4|||16.6||||||||5|12.5|20||||1|4.5|8||||1|1.2|1.4|||||1.26|||14|28|42|0.12|0.14|0.15||||9.7|20.1|26.6|3|11.2|19.5|32|47|57|0|1.5|2.9|15|22.5|30|0|3.5|7|0|0|1|".17"|".17"|0|0|0|0|0|0|0|0|0|0|0|0|3.5|13.2|23|2.6|9.9|17.2||||4.5|5|5.5||||||||||7.2|18.1|29.1|||||||||||||||||||||"25942851"|"77519196"
"Bw"||"B"||||5|||53|||||0|0|0|0|3|4|87|93|100|70|83|100|56|73|95|38|51|69||45.7|||4.5|||6.1|||8.1|||14.1|||12.9|||41.8||||||||5|12.5|20||||0|0.5|1||||1.35|1.48|1.6|||||1.56|||14|28|42|0.1|0.13|0.16||||13.2|21.1|28.4|2.3|7.1|13.2|29|37|46|0|1.5|2.9|16|24|33|2|8|13|0|1|7|".43"|".43"|0|0|0|0|0|0|0|0|0|0|0|0|4.1|10.6|16.6|||||||5.1|6.2|7.3||||||||||0|5.7|14.4|||||||||||||||||||||"25942851"|"77519197"
"BC"||"BC"||||53|||68|||||0|1|1|0|4|7|73|85|100|41|67|100|35|62|100|13|26|46||70.9|||0.1|||3.3|||16.1|||34|||17.4|||16.6||||||||5|12.5|20||||0|0.5|1||||1.4|1.6|1.8|||||1.7|||14|28|42|0.08|0.1|0.12||||6.2|14.4|24.2|1.8|7.3|15.9|15|28|44|0|1.5|2.9|16|24|33|2|8|13|0|0|2|".15"|".28"|0|0|0|0|0|0|0|0|0|0|0|0|4.1|10.6|16.6|||||||5.1|6.2|7.3||||||||||0|5.7|14.4|||||||||||||||||||||"25942851"|"77519198"
"Cr"||"C"||||68|||203|||||||||||||||||||||||||||0|||||||||||||||||||||||||||||0|0|0||||||||||||||0|7|14|0|0|0.01|||||||||||||||||||||||||||||||||||||||||||||||||||||||||||||||||||||||||||||||||"High"||"25942851"|"77519195"
"Bw"||"B"||||8|||89|||||0|0|0|0|3|4|87|93|100|70|83|100|59|77|100|22|32|46||70.9|||0.1|||3.3|||16.1|||34|||17.4|||16.6||||||||5|12.5|20||||0|0.5|1||||1.35|1.5|1.65|||||1.58|||14|28|42|0.1|0.15|0.19||||9.4|16.6|23.5|2.6|8|14.9|28|36|46|0|1.5|2.9|16|24|33|2|8|13|0|0|6|".28"|".28"|0|0|0|0|0|0|0|0|0|0|0|0|4.1|10.6|16.6|||||||5.1|6.2|7.3||||||||||0|5.7|14.4|||||||||||||||||||||"25942852"|"77519199"
"C"||"C"||||89|||117|||||0|0|1|0|4|7|73|94|100|41|84|100|35|78|100|13|33|46||70.9|||0.1|||3.3|||16.1|||34|||17.4|||16.6||||||||5|12.5|20||||0|0.25|0.5||||1.4|1.6|1.8|||||1.68|||14|28|42|0.08|0.12|0.16||||6.2|16.6|23.7|1.8|8.2|15.1|15|33|45|0|1.5|2.9|16|24|32|2|8|13|0|0|2|".28"|".28"|0|0|0|0|0|0|0|0|0|0|0|0|4.1|10.3|16.2|||||||5.1|6.2|7.3||||||||||0|5.4|14|||||||||||||||||||||"25942852"|"77519200"
"A"||"A"||||0|||8|||||0|0|1|0|2|5|83|96|100|63|91|100|54|85|100|20|36|46||70.9|||0.1|||3.3|||16.1|||34|||17.4|||16.6||||||||5|12.5|20||||1|4.5|8||||1|1.2|1.4|||||1.26|||14|28|42|0.12|0.14|0.15||||9.7|20.1|26.6|3|11.2|19.5|32|47|57|0|1.5|2.9|15|22.5|30|0|3.5|7|0|0|1|".17"|".17"|0|0|0|0|0|0|0|0|0|0|0|0|3.5|13.2|23|2.6|9.9|17.2||||4.5|5|5.5||||||||||7.2|18.1|29.1|||||||||||||||||||||"25942852"|"77519201"
"Cr"||"C"||||117|||203|||||||||||||||||||||||||||0|||||||||||||||||||||||||||||0|0|0||||||||||||||0|7|14|0|0|0.01|||||||||||||||||||||||||||||||||||||||||||||||||||||||||||||||||||||||||||||||||"High"||"25942852"|"77519202"
"Bw"||"B"||||5|||28|||||0|0|0|0|3|4|87|93|100|70|83|100|59|77|100|22|32|46||70.9|||0.1|||3.3|||16.1|||34|||17.4|||16.6||||||||5|12.5|20||||0|0.5|1||||1.35|1.48|1.6|||||1.56|||14|28|42|0.1|0.13|0.16||||9.4|16.5|23.3|2.6|7.9|14.7|29|37|46|0|1.5|2.9|16|24|33|2|8|13|0|0|2|".28"|".28"|0|0|0|0|0|0|0|0|0|0|0|0|4.1|10.6|16.6|||||||5.1|6.2|7.3||||||||||0|5.7|14.4|||||||||||||||||||||"25942853"|"77519204"
"C"||"C"||||28|||38|||||0|0|1|0|3|7|72|76|97|36|46|97|25|35|81|11|18|44||67.9|||4.5|||14.5|||18|||20.2|||10.7|||19.6||||||||5|12.5|20||||0|0.25|0.5||||1.4|1.6|1.8|||||1.73|||14|28|42|0.07|0.1|0.12||||5.4|10.6|22.5|1.5|5|13.9|14|21|44|0|1.5|2.9|16|24|32|2|8|13|0|0|2|".10"|".28"|0|0|0|0|0|0|0|0|0|0|0|0|4.1|10.3|16.2|||||||5.1|6.2|7.3||||||||||0|5.4|14|||||||||||||||||||||"25942853"|"77519205"
"A"||"A"||||0|||5|||||0|0|1|0|2|5|83|96|100|63|91|100|54|85|100|20|36|46||70.9|||0.1|||3.3|||16.1|||34|||17.4|||16.6||||||||5|12.5|20||||1|4.5|8||||1|1.2|1.4|||||1.26|||14|28|42|0.12|0.14|0.15||||9.7|20.1|26.6|3|11.2|19.5|32|47|57|0|1.5|2.9|15|22.5|30|0|3.5|7|0|0|1|".20"|".20"|0|0|0|0|0|0|0|0|0|0|0|0|3.5|13.2|23|2.6|9.9|17.2||||4.5|5|5.5||||||||||7.2|18.1|29.1|||||||||||||||||||||"25942853"|"77519206"
"Cr"||"C"||||38|||203|||||||||||||||||||||||||||0|||||||||||||||||||||||||||||0|0|0||||||||||||||0|7|14|0|0|0.01|||||||||||||||||||||||||||||||||||||||||||||||||||||||||||||||||||||||||||||||||"High"||"25942853"|"77519203"
"Bw"||"B"||||5|||53|||||0|0|0|0|3|4|87|93|100|70|83|100|56|73|95|38|51|69||45.7|||4.5|||6.1|||8.1|||14.1|||12.9|||41.8||||||||5|12.5|20||||0|0.5|1||||1.35|1.48|1.6|||||1.56|||14|28|42|0.1|0.13|0.16||||13.2|21.1|28.4|2.3|7.1|13.2|29|37|46|0|1.5|2.9|16|24|33|2|8|13|0|1|7|".43"|".43"|0|0|0|0|0|0|0|0|0|0|0|0|4.1|10.6|16.6|||||||5.1|6.2|7.3||||||||||0|5.7|14.4|||||||||||||||||||||"25942845"|"77519172"
"BC"||"BC"||||53|||68|||||0|1|1|0|4|7|73|85|100|41|67|100|35|62|100|13|26|46||70.9|||0.1|||3.3|||16.1|||34|||17.4|||16.6||||||||5|12.5|20||||0|0.5|1||||1.4|1.6|1.8|||||1.7|||14|28|42|0.08|0.1|0.12||||6.2|14.4|24.2|1.8|7.3|15.9|15|28|44|0|1.5|2.9|16|24|33|2|8|13|0|0|2|".15"|".28"|0|0|0|0|0|0|0|0|0|0|0|0|4.1|10.6|16.6|||||||5.1|6.2|7.3||||||||||0|5.7|14.4|||||||||||||||||||||"25942845"|"77519173"
"Ap"||"A"||||0|||5|||||0|0|1|0|2|5|83|96|100|63|91|100|54|85|100|20|36|46||70.9|||0.1|||3.3|||16.1|||34|||17.4|||16.6||||||||5|12.5|20||||1|4.5|8||||1|1.2|1.4|||||1.26|||14|28|42|0.12|0.14|0.15||||9.7|20.1|26.6|3|11.2|19.5|32|47|57|0|1.5|2.9|15|22.5|30|0|3.5|7|0|0|1|".17"|".17"|0|0|0|0|0|0|0|0|0|0|0|0|3.5|13.2|23|2.6|9.9|17.2||||4.5|5|5.5||||||||||7.2|18.1|29.1|||||||||||||||||||||"25942845"|"77519174"
"Cr"||"C"||||68|||203|||||||||||||||||||||||||||0|||||||||||||||||||||||||||||0|0|0||||||||||||||0|7|14|0|0|0.01|||||||||||||||||||||||||||||||||||||||||||||||||||||||||||||||||||||||||||||||||"High"||"25942845"|"77519171"
"C"||"C"||||89|||117|||||0|0|1|0|4|7|73|94|100|41|84|100|35|78|100|13|33|46||70.9|||0.1|||3.3|||16.1|||34|||17.4|||16.6||||||||5|12.5|20||||0|0.25|0.5||||1.4|1.6|1.8|||||1.68|||14|28|42|0.08|0.12|0.16||||6.2|16.6|23.7|1.8|8.2|15.1|15|33|45|0|1.5|2.9|16|24|32|2|8|13|0|0|2|".28"|".28"|0|0|0|0|0|0|0|0|0|0|0|0|4.1|10.3|16.2|||||||5.1|6.2|7.3||||||||||0|5.4|14|||||||||||||||||||||"25942846"|"77519176"
"Bw"||"B"||||8|||89|||||0|0|0|0|3|4|87|93|100|70|83|100|59|77|100|22|32|46||70.9|||0.1|||3.3|||16.1|||34|||17.4|||16.6||||||||5|12.5|20||||0|0.5|1||||1.35|1.5|1.65|||||1.58|||14|28|42|0.1|0.15|0.19||||9.4|16.6|23.5|2.6|8|14.9|28|36|46|0|1.5|2.9|16|24|33|2|8|13|0|0|6|".28"|".28"|0|0|0|0|0|0|0|0|0|0|0|0|4.1|10.6|16.6|||||||5.1|6.2|7.3||||||||||0|5.7|14.4|||||||||||||||||||||"25942846"|"77519177"
"Ap"||"A"||||0|||8|||||0|0|1|0|2|5|83|96|100|63|91|100|54|85|100|20|36|46||70.9|||0.1|||3.3|||16.1|||34|||17.4|||16.6||||||||5|12.5|20||||1|4.5|8||||1|1.2|1.4|||||1.26|||14|28|42|0.12|0.14|0.15||||9.7|20.1|26.6|3|11.2|19.5|32|47|57|0|1.5|2.9|15|22.5|30|0|3.5|7|0|0|1|".17"|".17"|0|0|0|0|0|0|0|0|0|0|0|0|3.5|13.2|23|2.6|9.9|17.2||||4.5|5|5.5||||||||||7.2|18.1|29.1|||||||||||||||||||||"25942846"|"77519178"
"Cr"||"C"||||117|||203|||||||||||||||||||||||||||0|||||||||||||||||||||||||||||0|0|0||||||||||||||0|7|14|0|0|0.01|||||||||||||||||||||||||||||||||||||||||||||||||||||||||||||||||||||||||||||||||"High"||"25942846"|"77519175"
"Ap"||"A"||||0|||5|||||0|0|1|0|2|5|83|96|100|63|91|100|54|85|100|20|36|46||70.9|||0.1|||3.3|||16.1|||34|||17.4|||16.6||||||||5|12.5|20||||1|4.5|8||||1|1.2|1.4|||||1.26|||14|28|42|0.12|0.14|0.15||||9.7|20.1|26.6|3|11.2|19.5|32|47|57|0|1.5|2.9|15|22.5|30|0|3.5|7|0|0|1|".20"|".20"|0|0|0|0|0|0|0|0|0|0|0|0|3.5|13.2|23|2.6|9.9|17.2||||4.5|5|5.5||||||||||7.2|18.1|29.1|||||||||||||||||||||"25942847"|"77519180"
"Bw"||"B"||||5|||28|||||0|0|0|0|3|4|87|93|100|70|83|100|59|77|100|22|32|46||70.9|||0.1|||3.3|||16.1|||34|||17.4|||16.6||||||||5|12.5|20||||0|0.5|1||||1.35|1.48|1.6|||||1.56|||14|28|42|0.1|0.13|0.16||||9.4|16.5|23.3|2.6|7.9|14.7|29|37|46|0|1.5|2.9|16|24|33|2|8|13|0|0|2|".28"|".28"|0|0|0|0|0|0|0|0|0|0|0|0|4.1|10.6|16.6|||||||5.1|6.2|7.3||||||||||0|5.7|14.4|||||||||||||||||||||"25942847"|"77519181"
"C"||"C"||||28|||38|||||0|0|1|0|3|7|72|76|97|36|46|97|25|35|81|11|18|44||67.9|||4.5|||14.5|||18|||20.2|||10.7|||19.6||||||||5|12.5|20||||0|0.25|0.5||||1.4|1.6|1.8|||||1.73|||14|28|42|0.07|0.1|0.12||||5.4|10.6|22.5|1.5|5|13.9|14|21|44|0|1.5|2.9|16|24|32|2|8|13|0|0|2|".10"|".28"|0|0|0|0|0|0|0|0|0|0|0|0|4.1|10.3|16.2|||||||5.1|6.2|7.3||||||||||0|5.4|14|||||||||||||||||||||"25942847"|"77519182"
"Cr"||"C"||||38|||203|||||||||||||||||||||||||||0|||||||||||||||||||||||||||||0|0|0||||||||||||||0|7|14|0|0|0.01|||||||||||||||||||||||||||||||||||||||||||||||||||||||||||||||||||||||||||||||||"High"||"25942847"|"77519179"
"A2"||"A"||2||8|||23|||||0|0|0|0|3|4|87|93|100|70|83|100|59|77|100|22|32|46||70.9|||0.1|||3.3|||16.1|||34|||17.4|||16.6||||||||5|12.5|20||||0|0.25|0.5||||1.35|1.48|1.6|||||1.56|||14|28|42|0.13|0.17|0.2||||9.4|16.2|22.8|2.6|7.6|14|29|37|46|0|1.5|2.9|16|24|32|2|8|13|0|0|6|".24"|".24"|0|0|0|0|0|0|0|0|0|0|0|0|4.1|10.3|16.2|||||||4.5|5.9|7.3||||||||||0|7|17|||||||||||||||||||||"25942854"|"77519208"
"A1"||"A"||1||0|||8|||||0|0|1|0|2|5|83|96|100|63|91|100|54|85|100|20|36|46||70.9|||0.1|||3.3|||16.1|||34|||17.4|||16.6||||||||5|12.5|20||||1|4.5|8||||1|1.2|1.4|||||1.26|||14|28|42|0.12|0.14|0.15||||9.7|20.1|26.6|3|11.2|19.5|32|47|57|0|1.5|2.9|15|22.5|30|0|3.5|7|0|0|1|".17"|".17"|0|0|0|0|0|0|0|0|0|0|0|0|3.5|13.2|23|2.6|9.9|17.2||||4.5|5|5.5||||||||||7.2|18.1|29.1|||||||||||||||||||||"25942854"|"77519209"
"Bw"||"B"||||23|||53|||||0|0|0|0|3|4|87|93|100|70|83|100|56|73|95|38|51|69||45.7|||4.5|||6.1|||8.1|||14.1|||12.9|||41.8||||||||5|12.5|20||||0|0.5|1||||1.35|1.48|1.6|||||1.56|||14|28|42|0.1|0.13|0.16||||13.2|21.1|28.4|2.3|7.1|13.2|29|37|46|0|1.5|2.9|16|24|33|2|8|13|0|1|7|".43"|".43"|0|0|0|0|0|0|0|0|0|0|0|0|4.1|10.6|16.6|||||||5.1|6.2|7.3||||||||||0|5.7|14.4|||||||||||||||||||||"25942854"|"77519210"
"BC"||"BC"||||53|||68|||||0|1|1|0|4|7|73|85|100|41|67|100|35|62|100|13|26|46||70.9|||0.1|||3.3|||16.1|||34|||17.4|||16.6||||||||5|12.5|20||||0|0.5|1||||1.4|1.6|1.8|||||1.7|||14|28|42|0.08|0.1|0.12||||6.2|14.4|24.2|1.8|7.3|15.9|15|28|44|0|1.5|2.9|16|24|33|2|8|13|0|0|2|".15"|".28"|0|0|0|0|0|0|0|0|0|0|0|0|4.1|10.6|16.6|||||||5.1|6.2|7.3||||||||||0|5.7|14.4|||||||||||||||||||||"25942854"|"77519211"
"Cr"||"C"||||68|||203|||||||||||||||||||||||||||0|||||||||||||||||||||||||||||0|0|0||||||||||||||0|7|14|0|0|0.01|||||||||||||||||||||||||||||||||||||||||||||||||||||||||||||||||||||||||||||||||"High"||"25942854"|"77519207"
"R"||"R"||||0|||203|||||||||||||||||||||||||||0|||||||||||||||||||||||||||||||||||||||||||||0|0.035|0.07|0|0|0.01|||||||||||||||||||||||||||||||||||||||||||||||||||||||||||||||||||||||||||||||||"Extremely high"|"Very dry"|"25942855"|"77519212"
"Bw"||"B"||||5|||28|||||0|0|0|0|3|4|87|93|100|70|83|100|59|77|100|22|32|46||70.9|||0.1|||3.3|||16.1|||34|||17.4|||16.6||||||||5|12.5|20||||0|0.5|1||||1.35|1.48|1.6|||||1.56|||14|28|42|0.1|0.13|0.16||||9.4|16.5|23.3|2.6|7.9|14.7|29|37|46|0|1.5|2.9|16|24|33|2|8|13|0|0|2|".28"|".28"|0|0|0|0|0|0|0|0|0|0|0|0|4.1|10.6|16.6|||||||5.1|6.2|7.3||||||||||0|5.7|14.4|||||||||||||||||||||"25942856"|"77519214"
"C"||"C"||||28|||38|||||0|0|1|0|3|7|72|76|97|36|46|97|25|35|81|11|18|44||67.9|||4.5|||14.5|||18|||20.2|||10.7|||19.6||||||||5|12.5|20||||0|0.25|0.5||||1.4|1.6|1.8|||||1.73|||14|28|42|0.07|0.1|0.12||||5.4|10.6|22.5|1.5|5|13.9|14|21|44|0|1.5|2.9|16|24|32|2|8|13|0|0|2|".10"|".28"|0|0|0|0|0|0|0|0|0|0|0|0|4.1|10.3|16.2|||||||5.1|6.2|7.3||||||||||0|5.4|14|||||||||||||||||||||"25942856"|"77519215"
"A"||"A"||||0|||5|||||0|0|1|0|2|5|83|96|100|63|91|100|54|85|100|20|36|46||70.9|||0.1|||3.3|||16.1|||34|||17.4|||16.6||||||||5|12.5|20||||1|4.5|8||||1|1.2|1.4|||||1.26|||14|28|42|0.12|0.14|0.15||||9.7|20.1|26.6|3|11.2|19.5|32|47|57|0|1.5|2.9|15|22.5|30|0|3.5|7|0|0|1|".20"|".20"|0|0|0|0|0|0|0|0|0|0|0|0|3.5|13.2|23|2.6|9.9|17.2||||4.5|5|5.5||||||||||7.2|18.1|29.1|||||||||||||||||||||"25942856"|"77519216"
"Cr"||"C"||||38|||203|||||||||||||||||||||||||||0|||||||||||||||||||||||||||||0|0|0||||||||||||||0|7|14|0|0|0.01|||||||||||||||||||||||||||||||||||||||||||||||||||||||||||||||||||||||||||||||||"High"||"25942856"|"77519213"
"A"||"A"||||0|||36|||||0|2|3|0|4|5|87|93|100|64|79|100|52|70|96|36|51|71||43|||4.2|||5.8|||7.6|||13.3|||12.1|||39.5||||||||10|17.5|25||||10|15|20||||1|1.1|1.2||||1.06|1.16|1.21||14|28|42|0.16|0.19|0.22|||||30.4|||20.3|||44||0|1.5|2.9|42|60|77|5|11|16|0|5|17|".20"|".20"|0|0|0|0|0|0|0|0|0|0|0|0|25|38.1|51.2|18.8|28.6|38.4||||3.5|4.5|5.5||||||||||30.5|46.2|61.9|||||||||||||||||||||"25942773"|"77518896"
"Bw"||"B"||||36|||122|||||0|1|3|0|3|11|89|94|100|69|83|100|47|64|84|21|32|46||67.2|||4.1|||14.7|||18.6|||20|||9.8|||15.3||||||||10|17.5|25||||0|0.5|1||||1.2|1.4|1.6||||1.27|1.47|1.67||14|28|42|0.09|0.11|0.13|||||18.1|||9.7|||40||0|1.5|2.9|20|29|37|6|11|17|0|0|4|".20"|".20"|0|0|0|0|0|0|0|0|0|0|0|0|2.5|5.5|8.5|1.9|4.1|6.4||||3.5|5.3|6||||||||||4.4|8.3|14.4|||||||||||||||||||||"25942773"|"77518897"
"C"||"C"||||122|||203|||||0|2|3|3|8|11|62|74|89|33|58|89|24|45|74|11|23|40||67.7|||4.9|||13.8|||16.8|||20.3|||11.9|||23.3||||||||3|9|15||||0|0.25|0.5||||1.4|1.53|1.65||||1.51|1.64|1.74||14|28|42|0.05|0.07|0.09|||||10.3|||4|||26||0|1.5|2.9|0|21|27|0|5|10|0|0|0|".10"|".28"|0|0|0|0|0|0|0|0|0|0|0|0|0.8|2.8|4.9|0.6|2.1|3.7||||3.5|5.3|6||||||||||3.3|6.3|11.6|||||||||||||||||||||"25942773"|"77518898"
"A"||"A"||||0|||28|||||2|6|8|6|19|27|76|84|96|52|71|96|42|63|90|30|45|66||43.8|||4.3|||5.9|||7.8|||13.5|||12.3|||40.2||||||||10|16|22||||10|15|20||||1.1|1.2|1.3||||1.18|1.28|1.35||14|28|42|0.11|0.14|0.16|||||24|||16.7|||31||0|1.5|2.9|42|59|75|5|10|14|0|2|13|".10"|".20"|0|0|0|0|0|0|0|0|0|0|0|0|25|37.8|50.5|18.8|28.3|37.9||||3.5|4.8|6||||||||||29.4|45.3|61.4|||||||||||||||||||||"25942774"|"77518899"
"Bw"||"B"||||28|||64|||||0|4|11|9|14|26|64|88|100|31|75|100|21|58|84|10|29|46||67.2|||4.1|||14.7|||18.6|||20|||9.8|||15.3||||||||10|17.5|25||||0|0.5|1||||1.45|1.55|1.65||||1.55|1.65|1.74||14|28|42|0.07|0.1|0.12|||||15.4|||8.7|||28||0|1.5|2.9|20|29|37|6|11|17|0|0|4|".15"|".28"|0|0|0|0|0|0|0|0|0|0|0|0|2.5|5.5|8.5|1.9|4.1|6.4||||3.5|4.8|6||||||||||4.4|9.3|14.4|||||||||||||||||||||"25942774"|"77518900"
"R"||"R"||||64|||203|||||||||||||||||||||||||||0|||||||||||||||||||||||||||||||||||||||||||||0|0.03|0.07|0|0|0.01|||||||||||||||||||||||||||||||||||||||||||||||||||||||||||||||||||||||||||||||||"Extremely high"||"25942774"|"77518901"
"A"||"A"||||0|||36|||||0|2|3|0|4|5|87|93|100|64|79|100|52|70|96|36|51|71||43|||4.2|||5.8|||7.6|||13.3|||12.1|||39.5||||||||10|17.5|25||||10|15|20||||1|1.1|1.2||||1.06|1.16|1.21||14|28|42|0.16|0.19|0.22|||||30.4|||20.3|||44||0|1.5|2.9|42|60|77|5|11|16|0|5|17|".20"|".20"|0|0|0|0|0|0|0|0|0|0|0|0|25|38.1|51.2|18.8|28.6|38.4||||3.5|4.5|5.5||||||||||30.5|46.2|61.9|||||||||||||||||||||"25942781"|"77518922"
"Bw"||"B"||||36|||122|||||0|1|3|0|3|11|89|94|100|69|83|100|47|64|84|21|32|46||67.2|||4.1|||14.7|||18.6|||20|||9.8|||15.3||||||||10|17.5|25||||0|0.5|1||||1.2|1.4|1.6||||1.27|1.47|1.67||14|28|42|0.09|0.11|0.13|||||18.1|||9.7|||40||0|1.5|2.9|20|29|37|6|11|17|0|0|4|".20"|".20"|0|0|0|0|0|0|0|0|0|0|0|0|2.5|5.5|8.5|1.9|4.1|6.4||||3.5|5.3|6||||||||||4.4|8.3|14.4|||||||||||||||||||||"25942781"|"77518923"
"C"||"C"||||122|||203|||||0|2|3|3|8|11|62|74|89|33|58|89|24|45|74|11|23|40||67.7|||4.9|||13.8|||16.8|||20.3|||11.9|||23.3||||||||3|9|15||||0|0.25|0.5||||1.4|1.53|1.65||||1.51|1.64|1.74||14|28|42|0.05|0.07|0.09|||||10.3|||4|||26||0|1.5|2.9|0|21|27|0|5|10|0|0|0|".10"|".28"|0|0|0|0|0|0|0|0|0|0|0|0|0.8|2.8|4.9|0.6|2.1|3.7||||3.5|5.3|6||||||||||3.3|6.3|11.6|||||||||||||||||||||"25942781"|"77518924"
"A"||"A"||||0|||28|||||2|6|8|6|19|27|76|84|96|52|71|96|42|63|90|30|45|66||43.8|||4.3|||5.9|||7.8|||13.5|||12.3|||40.2||||||||10|16|22||||10|15|20||||1.1|1.2|1.3||||1.18|1.28|1.35||14|28|42|0.11|0.14|0.16|||||24|||16.7|||31||0|1.5|2.9|42|59|75|5|10|14|0|2|13|".10"|".20"|0|0|0|0|0|0|0|0|0|0|0|0|25|37.8|50.5|18.8|28.3|37.9||||3.5|4.8|6||||||||||29.4|45.3|61.4|||||||||||||||||||||"25942782"|"77518925"
"Bw"||"B"||||28|||64|||||0|4|11|9|14|26|64|88|100|31|75|100|21|58|84|10|29|46||67.2|||4.1|||14.7|||18.6|||20|||9.8|||15.3||||||||10|17.5|25||||0|0.5|1||||1.45|1.55|1.65||||1.55|1.65|1.74||14|28|42|0.07|0.1|0.12|||||15.4|||8.7|||28||0|1.5|2.9|20|29|37|6|11|17|0|0|4|".15"|".28"|0|0|0|0|0|0|0|0|0|0|0|0|2.5|5.5|8.5|1.9|4.1|6.4||||3.5|4.8|6||||||||||4.4|9.3|14.4|||||||||||||||||||||"25942782"|"77518926"
"R"||"R"||||64|||203|||||||||||||||||||||||||||0|||||||||||||||||||||||||||||||||||||||||||||0|0.03|0.07|0|0|0.01|||||||||||||||||||||||||||||||||||||||||||||||||||||||||||||||||||||||||||||||||"Extremely high"||"25942782"|"77518927"
"A"||"A"||||0|||36|||||0|2|3|0|4|5|87|93|100|64|79|100|52|70|96|36|51|71||43|||4.2|||5.8|||7.6|||13.3|||12.1|||39.5||||||||10|17.5|25||||10|15|20||||1|1.1|1.2||||1.06|1.16|1.21||14|28|42|0.16|0.19|0.22||||23.2|30.5|38.3|11.7|20.3|30.8|34|42|51|0|1.5|2.9|42|60|77|5|11|16|0|5|17|".20"|".20"|0|0|0|0|0|0|0|0|0|0|0|0|25|38.1|51.2|18.8|28.6|38.4||||3.5|4.5|5.5||||||||||30.5|46.2|61.9|||||||||||||||||||||"25942767"|"77518875"
"Bw"||"B"||||36|||122|||||0|1|3|0|3|11|89|94|100|69|83|100|47|64|84|21|32|46||67.2|||4.1|||14.7|||18.6|||20|||9.8|||15.3||||||||10|17.5|25||||0|0.5|1||||1.2|1.4|1.6||||1.27|1.47|1.67||14|28|42|0.09|0.11|0.13||||11.4|18|24.2|4.4|9.6|16|28|39|52|0|1.5|2.9|20|29|37|6|11|17|0|0|4|".20"|".20"|0|0|0|0|0|0|0|0|0|0|0|0|2.5|5.5|8.5|1.9|4.1|6.4||||3.5|5.3|6||||||||||4.4|8.3|14.4|||||||||||||||||||||"25942767"|"77518876"
"C"||"C"||||122|||203|||||0|2|3|3|8|11|62|74|89|33|58|89|24|45|74|11|23|40||67.7|||4.9|||13.8|||16.8|||20.3|||11.9|||23.3||||||||3|9|15||||0|0.25|0.5||||1.4|1.53|1.65||||1.51|1.64|1.74||14|28|42|0.05|0.07|0.09||||3.9|10.4|18.3|0.8|4.1|9.5|15|26|41|0|1.5|2.9|0|21|27|0|5|10|0|0|0|".10"|".28"|0|0|0|0|0|0|0|0|0|0|0|0|0.8|2.8|4.9|0.6|2.1|3.7||||3.5|5.3|6||||||||||3.3|6.3|11.6|||||||||||||||||||||"25942767"|"77518877"
"A"||"A"||||0|||38|||||0|6|6|0|8|8|80|95|100|60|91|100|48|79|94|26|46|59||55.1|||1.3|||8.1|||14.6|||20|||11.1|||17.4||||||||20|27.5|35||||10|15|20||||1.1|1.2|1.3||||1.16|1.26|1.32||14|28|42|0.16|0.19|0.23|||||25.7|||20.6|||42||0|1.5|2.9|38|55|72|2|6|11|0|0|5|".10"|".10"|0|0|0|0|0|0|0|0|0|0|0|0|27.5|40.6|53.8|20.6|30.5|40.3||||3.5|4.8|6||||||||||31|47.2|63.5|||||||||||||||||||||"25942768"|"77518879"
"Bw"||"B"||||38|||61|||||0|0|0|0|0|13|76|91|100|51|84|100|37|66|85|18|34|47||65.7|||4.3|||13.3|||16.5|||19.9|||11.7|||22.8||||||||5|11.5|18||||0|0.5|1||||1.35|1.48|1.6||||1.42|1.55|1.63||14|28|42|0.1|0.13|0.15|||||16|||7.1|||38||0|1.5|2.9|16|23|31|2|7|12|0|1|6|".37"|".37"|0|0|0|0|0|0|0|0|0|0|0|0|1.2|4|6.8|0.9|3|5.1||||3.5|4.8|6||||||||||3.6|8.4|13.3|||||||||||||||||||||"25942768"|"77518880"
"Cr"||"C"||||61|||69|||||||||||||||||||||||||||0|||||||||||||||||||||||||||||0|0.25|0.5||||||||||||||0|7|14|0|0.01|0.01|||||||||||||||||||||||||||||||||||||||||||||||||||||||||||||||||||||||||||||||||"High"||"25942768"|"77518881"
"R"||"R"||||69|||203|||||||||||||||||||||||||||0|||||||||||||||||||||||||||||||||||||||||||||0|0.03|0.07|0|0|0.01|||||||||||||||||||||||||||||||||||||||||||||||||||||||||||||||||||||||||||||||||"Extremely high"||"25942768"|"77518878"
"A"||"A"||||0|||36|||||0|2|3|0|4|5|87|93|100|64|79|100|52|70|96|36|51|71||43|||4.2|||5.8|||7.6|||13.3|||12.1|||39.5||||||||10|17.5|25||||10|15|20||||1|1.1|1.2||||1.06|1.16|1.21||14|28|42|0.16|0.19|0.22|||||30.4|||20.3|||44||0|1.5|2.9|42|60|77|5|11|16|0|5|17|".20"|".20"|0|0|0|0|0|0|0|0|0|0|0|0|25|38.1|51.2|18.8|28.6|38.4||||3.5|4.5|5.5||||||||||30.5|46.2|61.9|||||||||||||||||||||"25942769"|"77518882"
"Bw"||"B"||||36|||122|||||0|1|3|0|3|11|89|94|100|69|83|100|47|64|84|21|32|46||67.2|||4.1|||14.7|||18.6|||20|||9.8|||15.3||||||||10|17.5|25||||0|0.5|1||||1.2|1.4|1.6||||1.27|1.47|1.67||14|28|42|0.09|0.11|0.13|||||18.1|||9.7|||40||0|1.5|2.9|20|29|37|6|11|17|0|0|4|".20"|".20"|0|0|0|0|0|0|0|0|0|0|0|0|2.5|5.5|8.5|1.9|4.1|6.4||||3.5|5.3|6||||||||||4.4|8.3|14.4|||||||||||||||||||||"25942769"|"77518883"
"C"||"C"||||122|||203|||||0|2|3|3|8|11|62|74|89|33|58|89|24|45|74|11|23|40||67.7|||4.9|||13.8|||16.8|||20.3|||11.9|||23.3||||||||3|9|15||||0|0.25|0.5||||1.4|1.53|1.65||||1.51|1.64|1.74||14|28|42|0.05|0.07|0.09|||||10.3|||4|||26||0|1.5|2.9|0|21|27|0|5|10|0|0|0|".10"|".28"|0|0|0|0|0|0|0|0|0|0|0|0|0.8|2.8|4.9|0.6|2.1|3.7||||3.5|5.3|6||||||||||3.3|6.3|11.6|||||||||||||||||||||"25942769"|"77518884"
"A"||"A"||||0|||38|||||0|6|6|0|8|8|80|95|100|60|91|100|48|79|94|26|46|59||55.1|||1.3|||8.1|||14.6|||20|||11.1|||17.4||||||||20|27.5|35||||10|15|20||||1.1|1.2|1.3||||1.16|1.26|1.32||14|28|42|0.16|0.19|0.23|||||25.7|||20.6|||42||0|1.5|2.9|38|55|72|2|6|11|0|0|5|".10"|".10"|0|0|0|0|0|0|0|0|0|0|0|0|27.5|40.6|53.8|20.6|30.5|40.3||||3.5|4.8|6||||||||||31|47.2|63.5|||||||||||||||||||||"25942770"|"77518885"
"Bw"||"B"||||38|||61|||||0|0|0|0|0|13|76|91|100|51|84|100|37|66|85|18|34|47||65.7|||4.3|||13.3|||16.5|||19.9|||11.7|||22.8||||||||5|11.5|18||||0|0.5|1||||1.35|1.48|1.6||||1.42|1.55|1.63||14|28|42|0.1|0.13|0.15|||||16|||7.1|||38||0|1.5|2.9|16|23|31|2|7|12|0|1|6|".37"|".37"|0|0|0|0|0|0|0|0|0|0|0|0|1.2|4|6.8|0.9|3|5.1||||3.5|4.8|6||||||||||3.6|8.4|13.3|||||||||||||||||||||"25942770"|"77518886"
"Cr"||"C"||||61|||69|||||||||||||||||||||||||||0|||||||||||||||||||||||||||||0|0.25|0.5||||||||||||||0|7|14|0|0.01|0.01|||||||||||||||||||||||||||||||||||||||||||||||||||||||||||||||||||||||||||||||||"High"||"25942770"|"77518887"
"R"||"R"||||69|||203|||||||||||||||||||||||||||0|||||||||||||||||||||||||||||||||||||||||||||0|0.03|0.07|0|0|0.01|||||||||||||||||||||||||||||||||||||||||||||||||||||||||||||||||||||||||||||||||"Extremely high"||"25942770"|"77518888"
"A"||"A"||||0|||36|||||0|2|3|0|4|5|87|93|100|64|79|100|52|70|96|36|51|71||43|||4.2|||5.8|||7.6|||13.3|||12.1|||39.5||||||||10|17.5|25||||10|15|20||||1|1.1|1.2||||1.06|1.16|1.21||14|28|42|0.16|0.19|0.22|||||30.4|||20.3|||44||0|1.5|2.9|42|60|77|5|11|16|0|5|17|".20"|".20"|0|0|0|0|0|0|0|0|0|0|0|0|25|38.1|51.2|18.8|28.6|38.4||||3.5|4.5|5.5||||||||||30.5|46.2|61.9|||||||||||||||||||||"25942771"|"77518889"
"Bw"||"B"||||36|||122|||||0|1|3|0|3|11|89|94|100|69|83|100|47|64|84|21|32|46||67.2|||4.1|||14.7|||18.6|||20|||9.8|||15.3||||||||10|17.5|25||||0|0.5|1||||1.2|1.4|1.6||||1.27|1.47|1.67||14|28|42|0.09|0.11|0.13|||||18.1|||9.7|||40||0|1.5|2.9|20|29|37|6|11|17|0|0|4|".20"|".20"|0|0|0|0|0|0|0|0|0|0|0|0|2.5|5.5|8.5|1.9|4.1|6.4||||3.5|5.3|6||||||||||4.4|8.3|14.4|||||||||||||||||||||"25942771"|"77518890"
"C"||"C"||||122|||203|||||0|2|3|3|8|11|62|74|89|33|58|89|24|45|74|11|23|40||67.7|||4.9|||13.8|||16.8|||20.3|||11.9|||23.3||||||||3|9|15||||0|0.25|0.5||||1.4|1.53|1.65||||1.51|1.64|1.74||14|28|42|0.05|0.07|0.09|||||10.3|||4|||26||0|1.5|2.9|0|21|27|0|5|10|0|0|0|".10"|".28"|0|0|0|0|0|0|0|0|0|0|0|0|0.8|2.8|4.9|0.6|2.1|3.7||||3.5|5.3|6||||||||||3.3|6.3|11.6|||||||||||||||||||||"25942771"|"77518891"
"A"||"A"||||0|||38|||||0|6|6|0|8|8|80|95|100|60|91|100|48|79|94|26|46|59||55.1|||1.3|||8.1|||14.6|||20|||11.1|||17.4||||||||20|27.5|35||||10|15|20||||1.1|1.2|1.3||||1.16|1.26|1.32||14|28|42|0.16|0.19|0.23|||||25.7|||20.6|||42||0|1.5|2.9|38|55|72|2|6|11|0|0|5|".10"|".10"|0|0|0|0|0|0|0|0|0|0|0|0|27.5|40.6|53.8|20.6|30.5|40.3||||3.5|4.8|6||||||||||31|47.2|63.5|||||||||||||||||||||"25942772"|"77518892"
"Bw"||"B"||||38|||61|||||0|0|0|0|0|13|76|91|100|51|84|100|37|66|85|18|34|47||65.7|||4.3|||13.3|||16.5|||19.9|||11.7|||22.8||||||||5|11.5|18||||0|0.5|1||||1.35|1.48|1.6||||1.42|1.55|1.63||14|28|42|0.1|0.13|0.15|||||16|||7.1|||38||0|1.5|2.9|16|23|31|2|7|12|0|1|6|".37"|".37"|0|0|0|0|0|0|0|0|0|0|0|0|1.2|4|6.8|0.9|3|5.1||||3.5|4.8|6||||||||||3.6|8.4|13.3|||||||||||||||||||||"25942772"|"77518893"
"Cr"||"C"||||61|||69|||||||||||||||||||||||||||0|||||||||||||||||||||||||||||0|0.25|0.5||||||||||||||0|7|14|0|0.01|0.01|||||||||||||||||||||||||||||||||||||||||||||||||||||||||||||||||||||||||||||||||"High"||"25942772"|"77518894"
"R"||"R"||||69|||203|||||||||||||||||||||||||||0|||||||||||||||||||||||||||||||||||||||||||||0|0.03|0.07|0|0|0.01|||||||||||||||||||||||||||||||||||||||||||||||||||||||||||||||||||||||||||||||||"Extremely high"||"25942772"|"77518895"
"A"||"A"||||0|||36|||||0|2|3|0|4|5|87|93|100|64|79|100|52|70|96|36|51|71||43|||4.2|||5.8|||7.6|||13.3|||12.1|||39.5||||||||10|17.5|25||||10|15|20||||1|1.1|1.2|||||1.16|||14|28|42|0.16|0.19|0.22||||23|30.3|38.3|11.6|20.1|30.8|33|41|51|0|1.5|2.9|42|60|77|5|11|16|0|5|17|".20"|".20"|0|0|0|0|0|0|0|0|0|0|0|0|25|38.1|51.2|18.8|28.6|38.4||||3.5|4.5|5.5||||||||||30.5|46.2|61.9|||||||||||||||||||||"25942871"|"77519274"
"Bw"||"B"||||36|||122|||||0|1|3|0|3|11|89|94|100|69|83|100|47|64|84|21|32|46||67.2|||4.1|||14.7|||18.6|||20|||9.8|||15.3||||||||10|17.5|25||||0|0.5|1||||1.2|1.4|1.6|||||1.47|||14|28|42|0.09|0.11|0.13||||11.3|18|24.2|4.3|9.6|16|27|39|52|0|1.5|2.9|20|29|37|6|11|17|0|0|4|".20"|".20"|0|0|0|0|0|0|0|0|0|0|0|0|2.5|5.5|8.5|1.9|4.1|6.4||||3.5|5.3|6||||||||||4.4|8.3|14.4|||||||||||||||||||||"25942871"|"77519275"
"C"||"C"||||122|||203|||||0|2|3|3|8|11|62|74|89|33|58|89|24|45|74|11|23|40||67.7|||4.9|||13.8|||16.8|||20.3|||11.9|||23.3||||||||3|9|15||||0|0.25|0.5||||1.4|1.53|1.65|||||1.64|||14|28|42|0.05|0.07|0.09||||3.8|10.3|18.3|0.8|4|9.5|15|26|41|0|1.5|2.9|0|21|27|0|5|10|0|0|0|".10"|".28"|0|0|0|0|0|0|0|0|0|0|0|0|0.8|2.8|4.9|0.6|2.1|3.7||||3.5|5.3|6||||||||||3.3|6.3|11.6|||||||||||||||||||||"25942871"|"77519276"
"A"||"A"||||0|||38|||||0|6|6|0|8|8|80|95|100|60|91|100|48|79|94|26|46|59||55.1|||1.3|||8.1|||14.6|||20|||11.1|||17.4||||||||20|27.5|35||||10|15|20||||1.1|1.2|1.3|||||1.26|||14|28|42|0.16|0.19|0.23|||||25.7|||20.6|||42||0|1.5|2.9|38|55|72|2|6|11|0|0|5|".10"|".10"|0|0|0|0|0|0|0|0|0|0|0|0|27.5|40.6|53.8|20.6|30.5|40.3||||3.5|4.8|6||||||||||31|47.2|63.5|||||||||||||||||||||"25942872"|"77519279"
"Bw"||"B"||||38|||61|||||0|0|0|0|0|13|76|91|100|51|84|100|37|66|85|18|34|47||65.7|||4.3|||13.3|||16.5|||19.9|||11.7|||22.8||||||||5|11.5|18||||0|0.5|1||||1.35|1.48|1.6|||||1.55|||14|28|42|0.1|0.13|0.15|||||16|||7.1|||38||0|1.5|2.9|16|23|31|2|7|12|0|1|6|".37"|".37"|0|0|0|0|0|0|0|0|0|0|0|0|1.2|4|6.8|0.9|3|5.1||||3.5|4.8|6||||||||||3.6|8.4|13.3|||||||||||||||||||||"25942872"|"77519280"
"Cr"||"C"||||61|||69|||||||||||||||||||||||||||0|||||||||||||||||||||||||||||0|0.25|0.5||||||||||||||0|7|14|0|0.01|0.01|||||||||||||||||||||||||||||||||||||||||||||||||||||||||||||||||||||||||||||||||"High"||"25942872"|"77519278"
"R"||"R"||||69|||203|||||||||||||||||||||||||||0|||||||||||||||||||||||||||||||||||||||||||||0|0.03|0.07|0|0|0.01|||||||||||||||||||||||||||||||||||||||||||||||||||||||||||||||||||||||||||||||||"Extremely high"||"25942872"|"77519277"
"Ap"||"A"||||0|||36|||||0|0|0|0|3|4|90|95|100|71|84|100|58|73|94|39|52|68||45.3|||4.5|||6.1|||8.1|||13.9|||12.7|||43.2||||||||5|11.5|18||||4|6|8||||1.3|1.4|1.5|||||1.47|||14|28|42|0.15|0.19|0.22||||19.4|26.2|33.2|6.6|12.9|20.5|30|36|45|0|1.5|2.9|25|38|50|2|7|11|0|2|8|".32"|".32"|0|0|0|0|0|0|0|0|0|0|0|0|10.2|18.6|27|7.7|14|20.2||||4.5|5.9|7.3||||||||||5.7|16.3|26.8|||||||||||||||||||||"25942837"|"77519139"
"Bt"||"B"||||36|||119|||||0|0|0|0|3|4|90|95|100|72|84|100|59|73|91|31|41|53||59.6|||4|||5.7|||14.3|||22.1|||13.5|||17.9||||||||18|22.5|27||||0|0.5|1||||1.35|1.45|1.55|||||1.52|||4|9|14|0.14|0.17|0.2||||16.4|20.6|25.4|8.8|12.8|17.7|31|38|46|0|1.5|2.9|27|33|39|12|15|19|0|2|6|".24"|".24"|0|0|0|0|0|0|0|0|0|0|0|0|4.5|6.8|9|3.4|5.1|6.8||||4.5|5.3|6||||||||||3.6|7.2|10.9|||||||||||||||||||||"25942837"|"77519140"
"Cg1"||"C"||1||119|||135|||||0|0|0|0|3|4|89|93|100|71|83|100|50|65|87|23|34|49||65.7|||4.3|||13.3|||16.5|||19.9|||11.7|||22.8||||||||3|11.5|20||||0|0.25|0.5||||1.4|1.5|1.6|||||1.58|||14|28|42|0.04|0.08|0.11||||7.3|15.2|22.3|1.5|6.7|13.3|30|36|45|0|1.5|2.9|0|23|32|0|7|13|0|0|3|".28"|".28"|0|0|0|0|0|0|0|0|0|0|0|0|0.8|3.4|6.1|0.6|2.6|4.6||||4.5|5.3|6||||||||||0|3.4|7.5|||||||||||||||||||||"25942837"|"77519141"
"Cg2"||"C"||2||135|||203|||||0|0|0|0|3|4|90|95|100|72|85|100|53|73|100|25|40|61||60.2|||4.2|||5.8|||14.4|||22.1|||13.7|||18.3||||||||8|21.5|35||||0|0.25|0.5||||1.35|1.48|1.6|||||1.56|||4|23|42|0.1|0.13|0.16||||11.4|20.2|28.2|4|12.2|22.4|30|37|46|0|1.5|2.9|18|31|44|4|14|25|0|1|12|".24"|".24"|0|0|0|0|0|0|0|0|0|0|0|0|2|5.9|9.9|1.5|4.5|7.4||||4.5|5.3|6||||||||||0.8|6.2|11.6|||||||||||||||||||||"25942837"|"77519142"
"A"||"A"||||0|||20|||||0|0|0|0|3|4|90|94|100|70|83|100|57|73|94|39|52|68||45.3|||4.5|||6.1|||8.1|||13.9|||12.7|||43.2||||||||5|11.5|18||||4|7|10||||1.3|1.4|1.5|||||1.47|||14|28|42|0.16|0.2|0.24||||19.2|26.9|34.6|6.6|14|23.1|29|36|44|0|1.5|2.9|30|40|50|0|5|10|0|0|5|".28"|".28"|0|0|0|0|0|0|0|0|0|0|0|0|10.2|18.6|27|5|9.5|14||||3.5|4.5|5.5||||||||||13.5|23.3|33.1|||||||||||||||||||||"25942838"|"77519143"
"Bg1"||"B"||1||20|||81|||||0|0|0|0|3|4|90|95|100|71|84|100|57|73|94|39|52|68||45.3|||4.5|||6.1|||8.1|||13.9|||12.7|||43.2||||||||5|11.5|18||||0.5|0.75|1||||1.35|1.45|1.55|||||1.52|||14|28|42|0.14|0.17|0.2||||14.3|20.9|27.3|2.9|6.9|11.8|31|38|46|0|1.5|2.9|25|32.5|40|0|5|10|0|0|4|".43"|".43"|0|0|0|0|0|0|0|0|0|0|0|0|2.4|4.7|6.8|2|3.5|5||||3.5|4.5|5.5||||||||||6|9.7|13.3|||||||||||||||||||||"25942838"|"77519144"
"Bg2"||"B"||2||81|||135|||||0|0|0|0|0|0|100|100|100|100|100|100|75|81|88|15|21|28||84.3|||0.7|||10.7|||28.8|||34.1|||10|||4.2||||||||5|11.5|18||||0.5|0.75|1||||1.35|1.45|1.55|||||1.52|||14|28|42|0.14|0.17|0.2|18.7|23.2|26.1|12.9|18.3|22.1|4|8.5|13.1|39|42|46|0|1.5|2.9|12|17|23|0|2|4|0|0|0|".10"|".10"|0|0|0|0|0|0|0|0|0|0|0|0|2.4|4.7|6.8|2|3.5|5||||3.5|4.5|5.5||||||||||6|9.7|13.3|||||||||||||||||||||"25942838"|"77519145"
"Cg"||"C"||||135|||203|||||0|0|0|0|3|4|90|95|100|71|84|100|51|68|94|9|18|35||84.1|||0.7|||10.6|||28.7|||34.1|||10|||1.9||||||||5|14|27||||0.5|0.75|1||||1.35|1.45|1.55|||||1.52|||4|23|42|0.14|0.17|0.2|14.9|21.6|29|10.3|17.6|26.2|3.2|9|18.9|31|38|46|0|1.5|2.9|12|21|31|0|5|10|0|0|4|".10"|".10"|0|0|0|0|0|0|0|0|0|0|0|0|2.4|5.7|9|2|4|6||||3.5|4.5|5.5||||||||||6|10.1|14.4|||||||||||||||||||||"25942838"|"77519146"
"Ap"||"A"||||0|||36|||||0|0|0|0|3|4|90|95|100|71|84|100|58|73|94|39|52|68||45.3|||4.5|||6.1|||8.1|||13.9|||12.7|||43.2||||||||5|11.5|18||||4|6|8||||1.3|1.4|1.5|||||1.47|||14|28|42|0.15|0.19|0.22||||19.4|26.2|33.2|6.6|12.9|20.5|30|36|45|0|1.5|2.9|25|38|50|2|7|11|0|0|5|".32"|".32"|0|0|0|0|0|0|0|0|0|0|0|0|10.2|18.6|27|7.7|14|20.2||||4.5|5.9|7.3||||||||||5.7|16.3|26.8|||||||||||||||||||||"25942839"|"77519147"
"Bt"||"B"||||36|||119|||||0|0|0|0|3|4|90|95|100|72|84|100|59|73|91|31|41|53||59.6|||4|||5.7|||14.3|||22.1|||13.5|||17.9||||||||18|22.5|27||||0|0.5|1||||1.35|1.45|1.55|||||1.52|||4|9|14|0.14|0.17|0.2||||16.4|20.6|25.4|8.8|12.8|17.7|31|38|46|0|1.5|2.9|27|33|39|12|15|19|0|1|7|".24"|".24"|0|0|0|0|0|0|0|0|0|0|0|0|4.5|6.8|9|3.4|5.1|6.8||||4.5|5.3|6||||||||||3.6|7.2|10.9|||||||||||||||||||||"25942839"|"77519148"
"Cg1"||"C"||1||119|||135|||||0|0|0|0|3|4|89|93|100|71|83|100|50|65|87|23|34|49||65.7|||4.3|||13.3|||16.5|||19.9|||11.7|||22.8||||||||3|11.5|20||||0|0.25|0.5||||1.4|1.5|1.6|||||1.58|||14|28|42|0.04|0.08|0.11||||7.3|15.2|22.3|1.5|6.7|13.3|30|36|45|0|1.5|2.9|0|23|32|0|7|13|0|0|0|".28"|".28"|0|0|0|0|0|0|0|0|0|0|0|0|0.8|3.4|6.1|0.6|2.6|4.6||||4.5|5.3|6||||||||||0|3.4|7.5|||||||||||||||||||||"25942839"|"77519149"
"Cg2"||"C"||2||135|||203|||||0|0|0|0|3|4|90|95|100|72|85|100|53|73|100|25|40|61||60.2|||4.2|||5.8|||14.4|||22.1|||13.7|||18.3||||||||8|21.5|35||||0|0.25|0.5||||1.35|1.48|1.6|||||1.56|||4|23|42|0.1|0.13|0.16||||11.4|20.2|28.2|4|12.2|22.4|30|37|46|0|1.5|2.9|18|31|44|4|14|25|0|0|5|".24"|".24"|0|0|0|0|0|0|0|0|0|0|0|0|2|5.9|9.9|1.5|4.5|7.4||||4.5|5.3|6||||||||||0.8|6.2|11.6|||||||||||||||||||||"25942839"|"77519150"
"A"||"A"||||0|||20|||||0|0|0|0|3|4|90|94|100|70|83|100|57|73|94|39|52|68||45.3|||4.5|||6.1|||8.1|||13.9|||12.7|||43.2||||||||5|11.5|18||||4|7|10||||1.3|1.4|1.5|||||1.47|||14|28|42|0.16|0.2|0.24||||19.2|26.9|34.6|6.6|14|23.1|29|36|44|0|1.5|2.9|30|40|50|0|5|10|0|0|5|".28"|".28"|0|0|0|0|0|0|0|0|0|0|0|0|10.2|18.6|27|5|9.5|14||||3.5|4.5|5.5||||||||||13.5|23.3|33.1|||||||||||||||||||||"25942840"|"77519151"
"Bg1"||"B"||1||20|||81|||||0|0|0|0|3|4|90|95|100|71|84|100|57|73|94|39|52|68||45.3|||4.5|||6.1|||8.1|||13.9|||12.7|||43.2||||||||5|11.5|18||||0.5|0.75|1||||1.35|1.45|1.55|||||1.52|||14|28|42|0.14|0.17|0.2||||14.3|20.9|27.3|2.9|6.9|11.8|31|38|46|0|1.5|2.9|25|32.5|40|0|5|10|0|0|4|".43"|".43"|0|0|0|0|0|0|0|0|0|0|0|0|2.4|4.7|6.8|2|3.5|5||||3.5|4.5|5.5||||||||||6|9.7|13.3|||||||||||||||||||||"25942840"|"77519152"
"Bg2"||"B"||2||81|||135|||||0|0|0|0|0|0|100|100|100|100|100|100|75|81|88|15|21|28||84.3|||0.7|||10.7|||28.8|||34.1|||10|||4.2||||||||5|11.5|18||||0.5|0.75|1||||1.35|1.45|1.55|||||1.52|||14|28|42|0.14|0.17|0.2|18.7|23.2|26.1|12.9|18.3|22.1|4|8.5|13.1|39|42|46|0|1.5|2.9|12|17|23|0|2|4|0|0|0|".10"|".10"|0|0|0|0|0|0|0|0|0|0|0|0|2.4|4.7|6.8|2|3.5|5||||3.5|4.5|5.5||||||||||6|9.7|13.3|||||||||||||||||||||"25942840"|"77519153"
"Cg"||"C"||||135|||203|||||0|0|0|0|3|4|90|95|100|71|84|100|51|68|94|9|18|35||84.1|||0.7|||10.6|||28.7|||34.1|||10|||1.9||||||||5|14|27||||0.5|0.75|1||||1.35|1.45|1.55|||||1.52|||4|23|42|0.14|0.17|0.2|14.9|21.6|29|10.3|17.6|26.2|3.2|9|18.9|31|38|46|0|1.5|2.9|12|21|31|0|5|10|0|0|4|".10"|".10"|0|0|0|0|0|0|0|0|0|0|0|0|2.4|5.7|9|2|4|6||||3.5|4.5|5.5||||||||||6|10.1|14.4|||||||||||||||||||||"25942840"|"77519154"
"A"||"A"||||0|||23|||||0|0|0|0|4|10|90|95|100|79|90|100|64|79|96|45|57|71||43|||4.2|||5.8|||7.6|||13.3|||12.1|||39.5||||||||10|17.5|25||||2|4|6||||1.35|1.5|1.65|||||1.58|||4|23|42|0.14|0.17|0.2||||20.1|28|34.6|7.2|14.8|23.1|27|35|44|0|1.5|2.9|25|36|47|6|11|17|0|4|14|".28"|".28"|0|0|0|0|0|0|0|0|0|0|0|0|9.5|17.8|26|7.1|13.3|19.5||||4.5|5.3|6||||||||||2.5|9.9|17.8|||||||||||||||||||||"25942844"|"77519168"
"Bt"||"B"||||23|||91|||||0|0|0|0|3|4|86|92|100|67|81|100|53|75|100|45|65|92||23.3|||3.2|||3.7|||4.3|||6.5|||5.6|||29.2||||||||35|47.5|60||||0|0.5|1||||1.2|1.3|1.4|||||1.37|||0.42|0.9|1.4|0.12|0.14|0.15||||22.4|35.7|42.8|14.5|22.5|32.5|35|42|52|0|1.5|2.9|42|54|67|24|34|43|13|30|53|".24"|".24"|0|0|0|0|0|0|0|0|0|0|0|0|17.5|24.9|31.7|13.1|18.7|24.2||||5.1|6.5|7.8||||||||||0.3|5.9|11.8|||||||||||||||||||||"25942844"|"77519169"
"BC"||"BC"||||91|||122|||||0|0|1|0|5|8|83|93|100|48|82|100|38|71|94|21|42|59||55.1|||1.3|||8.1|||14.6|||20|||11.1|||17.4||||||||20|27.5|35||||0|0.5|1||||1.3|1.4|1.5|||||1.47|||4|9|14|0.12|0.14|0.15||||12.6|21.6|27.9|7|14.6|21.8|24|39|48|0|1.5|2.9|29|37|45|13|19|25|0|6|15|".20"|".20"|0|0|0|0|0|0|0|0|0|0|0|0|10|14.9|19.8|7.5|11.2|14.8||||5.1|5.8|6.5||||||||||2.6|5.9|9.3|||||||||||||||||||||"25942844"|"77519170"
"Cr"||"C"||||122|||203||||||||||||||||||||||||||||||||||||||||||||||||||||||||0|0|0||||||||||||||0|7|14||||||||||||||||||||||||||||||||||||||||||||||||||||||||||||||||||||||||||||||||||||"High"||"25942844"|"77519167"
"A"||"A"||||0|||23|||||0|0|0|0|4|10|90|95|100|79|90|100|64|79|96|45|57|71||43|||4.2|||5.8|||7.6|||13.3|||12.1|||39.5||||||||10|17.5|25||||2|4|6||||1.35|1.5|1.65|||||1.58|||4|23|42|0.14|0.17|0.2||||20.1|28|34.6|7.2|14.8|23.1|27|35|44|0|1.5|2.9|25|36|47|6|11|17|0|4|14|".28"|".28"|0|0|0|0|0|0|0|0|0|0|0|0|9.5|17.8|26|7.1|13.3|19.5||||4.5|5.3|6||||||||||2.5|9.9|17.8|||||||||||||||||||||"25942842"|"77519160"
"BC"||"BC"||||91|||122|||||0|0|1|0|5|8|83|93|100|48|82|100|38|71|94|21|42|59||55.1|||1.3|||8.1|||14.6|||20|||11.1|||17.4||||||||20|27.5|35||||0|0.5|1||||1.3|1.4|1.5|||||1.47|||4|9|14|0.12|0.14|0.15||||12.6|21.6|27.9|7|14.6|21.8|24|39|48|0|1.5|2.9|29|37|45|13|19|25|0|6|15|".20"|".20"|0|0|0|0|0|0|0|0|0|0|0|0|10|14.9|19.8|7.5|11.2|14.8||||5.1|5.8|6.5||||||||||2.6|5.9|9.3|||||||||||||||||||||"25942842"|"77519161"
"Bt"||"B"||||23|||91|||||0|0|0|0|3|4|86|92|100|67|81|100|53|75|100|45|65|92||23.3|||3.2|||3.7|||4.3|||6.5|||5.6|||29.2||||||||35|47.5|60||||0|0.5|1||||1.2|1.3|1.4|||||1.37|||0.42|0.9|1.4|0.12|0.14|0.15||||22.4|35.7|42.8|14.5|22.5|32.5|35|42|52|0|1.5|2.9|42|54|67|24|34|43|13|30|53|".24"|".24"|0|0|0|0|0|0|0|0|0|0|0|0|17.5|24.9|31.7|13.1|18.7|24.2||||5.1|6.5|7.8||||||||||0.3|5.9|11.8|||||||||||||||||||||"25942842"|"77519162"
"Cr"||"C"||||122|||203||||||||||||||||||||||||||||||||||||||||||||||||||||||||0|0|0||||||||||||||0|7|14||||||||||||||||||||||||||||||||||||||||||||||||||||||||||||||||||||||||||||||||||||"High"||"25942842"|"77519159"
"A"||"A"||||0|||23|||||0|0|0|0|4|10|90|95|100|79|90|100|64|79|96|45|57|71||43|||4.2|||5.8|||7.6|||13.3|||12.1|||39.5||||||||10|17.5|25||||2|4|6||||1.35|1.5|1.65|||||1.58|||4|23|42|0.14|0.17|0.2||||20.1|28|34.6|7.2|14.8|23.1|27|35|44|0|1.5|2.9|25|36|47|6|11|17|0|4|14|".28"|".28"|0|0|0|0|0|0|0|0|0|0|0|0|9.5|17.8|26|7.1|13.3|19.5||||4.5|5.3|6||||||||||2.5|9.9|17.8|||||||||||||||||||||"25942843"|"77519164"
"Bt"||"B"||||23|||91|||||0|0|0|0|3|4|86|92|100|67|81|100|53|75|100|45|65|92||23.3|||3.2|||3.7|||4.3|||6.5|||5.6|||29.2||||||||35|47.5|60||||0|0.5|1||||1.2|1.3|1.4|||||1.37|||0.42|0.9|1.4|0.12|0.14|0.15||||22.4|35.7|42.8|14.5|22.5|32.5|35|42|52|0|1.5|2.9|42|54|67|24|34|43|13|30|53|".24"|".24"|0|0|0|0|0|0|0|0|0|0|0|0|17.5|24.9|31.7|13.1|18.7|24.2||||5.1|6.5|7.8||||||||||0.3|5.9|11.8|||||||||||||||||||||"25942843"|"77519165"
"BC"||"BC"||||91|||122|||||0|0|1|0|5|8|83|93|100|48|82|100|38|71|94|21|42|59||55.1|||1.3|||8.1|||14.6|||20|||11.1|||17.4||||||||20|27.5|35||||0|0.5|1||||1.3|1.4|1.5|||||1.47|||4|9|14|0.12|0.14|0.15||||12.6|21.6|27.9|7|14.6|21.8|24|39|48|0|1.5|2.9|29|37|45|13|19|25|0|6|15|".20"|".20"|0|0|0|0|0|0|0|0|0|0|0|0|10|14.9|19.8|7.5|11.2|14.8||||5.1|5.8|6.5||||||||||2.6|5.9|9.3|||||||||||||||||||||"25942843"|"77519166"
"Cr"||"C"||||122|||203||||||||||||||||||||||||||||||||||||||||||||||||||||||||0|0|0||||||||||||||0|7|14||||||||||||||||||||||||||||||||||||||||||||||||||||||||||||||||||||||||||||||||||||"High"||"25942843"|"77519163"
