IsLandslide,Sort_Date,X,Y,geometry,Max_Rainfall_30day,Avg_Rainfall_30day,MapMethod,County,GlobalID,SM_Rate_2,Col_Date,Project,Confidence,OBJECTID,Fatalities,Quad,SM_Rate_1,Slp_Config,SM_Type_2,SM_Mat_1,SM_Mat_2,SM_Type_1,SM_State,Mvmnt_Date,Process_ID
1,1981-03-25 00:00:00,288963.4943,226803.9998,POINT (-82.54577999979878 35.742911999929326),13.521,1.6638668,,Buncombe,{CD558049-66E5-4595-BB55-AFCDB6035B63},,1981-03-25,Landslide Hazard Mapping,,58172.0,,Weaverville,,Road embankment,,Debris,,Slide - rotational,,,661.0
1,1982-05-25 00:00:00,293471.065200001,216042.260299999,POINT (-82.49178999967216 35.64741000026867),21.59,3.7231333,,Buncombe,{C0F5BE0D-6A77-42A4-969C-74646BC49E8A},,1982-05-25,Landslide Hazard Mapping,,58173.0,,Craggy Pinnacle,,Road cut,Slide - rotational,Debris,Earth,Slide - rotational,,,662.0
1,1989-07-22 00:00:00,289777.368199997,230247.398600001,POINT (-82.53814400033042 35.77419099998552),23.754,3.1898334,,Buncombe,{C7DED0AC-84B4-4BB1-B1CE-829D5992A0C2},,1989-07-22,Landslide Hazard Mapping,,58178.0,,Mars Hill,,Road cut,,Earth,,Slide - translational,,,667.0
1,1990-05-22 00:00:00,287403.624899998,223755.447500002,POINT (-82.56180600048737 35.71494800035053),22.443,3.3064668,,Buncombe,{F5D566F9-1D86-46F5-8B34-5D0E88F70D6E},,1990-05-22,Landslide Hazard Mapping,,58190.0,,Weaverville,,Road cut,Fall,Rock,Debris,Slide,,,677.0
1,1990-05-23 00:00:00,295886.432400003,208999.858100001,POINT (-82.4624209997981 35.584732000344125),25.374,3.7131336,,Buncombe,{8DD9871F-3989-444B-A2C0-09F17D7D900E},,1990-05-23,Landslide Hazard Mapping,,58186.0,,Oteen,,Road cut,,Weathered rock,,Slide,,,676.0
1,1990-05-23 00:00:00,303556.827500001,210237.813000001,POINT (-82.37829500051298 35.598266000043985),34.709,4.897633,,Buncombe,{DD2FBB57-01E4-495F-85BB-01EF06D15603},,1990-05-23,Landslide Hazard Mapping,,58184.0,,Oteen,,Road embankment,,Earth,,Slide - rotational,,,673.0
1,1990-05-23 00:00:00,309170.0044,211623.693799999,POINT (-82.31689100031824 35.612457000190055),32.418,4.660733,,Buncombe,{A2FAA910-F4AC-4EFB-8B85-F1FA703FB312},,1990-05-23,Landslide Hazard Mapping,,58183.0,,Black Mountain,,Road cut,,Weathered rock,,Slide - rotational,,,672.0
1,1990-05-23 00:00:00,285236.660099998,207087.397999998,POINT (-82.57910000023442 35.56410000004779),40.502,3.6915002,,Buncombe,{870F1001-23AF-46D0-AF41-771E715F15B6},,1990-05-23,Landslide Hazard Mapping,,58181.0,,Asheville,,Road embankment,,Earth,,Slide,,,670.0
1,1990-05-23 00:00:00,286450.089000002,222595.9826,POINT (-82.57187700002726 35.7041950001828),24.229,3.3708,,Buncombe,{11782408-4559-404F-A996-AFC686876FB3},,1990-05-23,Landslide Hazard Mapping,,58179.0,,Weaverville,,Road embankment,,Debris,,Slide,,,668.0
1,1990-06-05 00:00:00,313888.132600002,200290.027899999,POINT (-82.2607299999578 35.51176000044017),41.719,3.4093332,,Buncombe,{CB274BCD-0EF7-49C1-9307-E2E04A1D92BD},,1990-06-05,Landslide Hazard Mapping,,58192.0,,Black Mountain,,Road embankment,Slide - rotational,Debris,Earth,Slide - rotational,,,679.0
1,1990-06-05 00:00:00,313235.048199996,200493.546500001,POINT (-82.26799999949816 35.513400000117166),41.719,3.4093332,,Buncombe,{53F2193A-86AB-425C-8691-9D2CD74BE308},,1990-06-05,Landslide Hazard Mapping,,58191.0,,Black Mountain,,Road embankment,,Earth,,Slide - translational,,,678.0
1,1990-06-05 00:00:00,318626.112300001,202637.203299999,POINT (-82.20935900044594 35.53429800030719),36.614,3.4179664,,Buncombe,{8AE25A50-98BA-41CA-943A-113608FFEBA1},,1990-06-05,Landslide Hazard Mapping,,57942.0,,Moffitt Hill,,Road cut,,Earth,,Slide,,,650.0
1,1990-08-30 00:00:00,275079.193000004,225903.812899999,POINT (-82.69880999947469 35.73023799983769),27.244,2.4905665,,Buncombe,{A5FB6A55-515C-4B25-A69B-72A25DEC94A6},,1990-08-30,Landslide Hazard Mapping,,58193.0,,Leicester,,Road embankment,,Earth,,Slide - rotational,,,680.0
1,1995-10-04 05:00:00,309606.524300002,225251.915600002,POINT (-82.31710100038053 35.73536099958211),15.137,2.4969332,,Buncombe,{A6312A34-7BD9-4531-9B7B-9AAE65925F41},,2004-05-12,Blue Ridge Parkway,,57878.0,,Montreat,Extremely rapid (>5 m/sec),Unmodified,,Debris,,Flow,,1995-10-04 05:00:00,68.0
1,2003-04-25 00:00:00,301086.2478,220467.2366,POINT (-82.40942200014746 35.6896569998485),40.116,4.889633,,Buncombe,{157BF64E-79EE-4F00-B4D1-ED64730F7633},,2003-04-25,Blue Ridge Parkway,,58033.0,,Craggy Pinnacle,,Road cut,,Rock,,Slide - translational,,,17.0
1,2003-09-30 00:00:00,296335.122900002,217650.357000001,POINT (-82.46080000047513 35.66279999987707),46.208,4.0689335,,Buncombe,{33E76FB8-D393-4E14-9B20-2603FEA420CD},,2003-09-30,Blue Ridge Parkway,,58897.0,,Craggy Pinnacle,,Road cut,,Debris,,Slide,,,2271.0
1,2003-09-30 00:00:00,296165.380099997,217978.2049,POINT (-82.4627999995528 35.66569999994177),46.208,4.0689335,,Buncombe,{405FD521-5FFF-4B92-A995-EF4144A33C99},,2003-09-30,Blue Ridge Parkway,,58898.0,,Craggy Pinnacle,,Road embankment,,Debris,,Slide,,,2272.0
1,2003-11-20 00:00:00,304831.121100001,222395.636100002,POINT (-82.3687919997661 35.708180999613106),86.455,5.793433,,Buncombe,{23E21C27-A88C-4FF3-99B1-BC386FEE46E6},,2003-11-20,Blue Ridge Parkway,,58937.0,,Montreat,,Road cut,,Rock,,Slide - translational,,,2301.0
1,2004-01-16 00:00:00,295714.1241,218106.860100001,POINT (-82.46783100029243 35.66671700009414),8.144,1.1553333,,Buncombe,{E7C9D5D2-5EBA-4D39-BB83-D75343AAC8C6},,2004-01-16,Blue Ridge Parkway,,58839.0,,Craggy Pinnacle,,Road cut,,Rock,,Slide - translational,,,2282.0
1,2004-01-16 00:00:00,294655.5612,217780.137800001,POINT (-82.47938999982618 35.66344000021515),7.988,1.1794333,,Buncombe,{2BCB5512-5D8A-4C7B-B904-F4F889CEBEB3},,2004-01-16,Blue Ridge Parkway,,57869.0,,Craggy Pinnacle,,Road cut,,Rock,,Slide,,,59.0
1,2004-01-16 00:00:00,295489.840499997,218112.369800001,POINT (-82.47030899956991 35.666695999608436),8.144,1.1553333,,Buncombe,{EA43E720-BA53-4CB4-B4C0-99BCEABC43A0},,2004-01-16,Blue Ridge Parkway,,58840.0,,Craggy Pinnacle,,Road cut,,Rock,,Slide - translational,,,2283.0
1,2004-02-04 00:00:00,283597.691299997,199444.660399999,POINT (-82.59411700009878 35.49471900039508),27.816,1.8671,,Buncombe,{1D77DE26-60B4-455B-8FEA-E3841B8D65DD},,2004-02-04,Blue Ridge Parkway,,57870.0,,Skyland,,Road cut,,Rock,,Slide,,,60.0
1,2004-02-04 00:00:00,283644.023100004,199929.314100001,POINT (-82.59379999964014 35.49910000025536),27.816,1.8671,,Buncombe,{B9EC3041-DEA3-48A0-AF71-A98E2998E06E},,2004-02-04,Blue Ridge Parkway,,58944.0,,Skyland,,Road cut,,Debris,,Slide - translational,,,2308.0
1,2004-02-04 00:00:00,283662.6197,200029.215100002,POINT (-82.59363499979773 35.50000600040573),27.816,1.8671,,Buncombe,{419C8400-BB35-42EB-B4B4-5C74A644503D},,2004-02-04,Blue Ridge Parkway,,58943.0,,Skyland,,Road cut,Slide,Rock,Rock,Fall,,,2307.0
1,2004-03-25 00:00:00,293388.061099999,212725.229800001,POINT (-82.49141799994197 35.61750300022639),10.937,1.7727666,,Buncombe,{11E0D52F-1915-46A0-BC96-C338291F6E40},,2004-03-25,Blue Ridge Parkway,,58941.0,,Oteen,,Road cut,,Rock,,Fall,,,2305.0
1,2004-03-26 00:00:00,293205.315099999,213142.061299998,POINT (-82.49359600000001 35.62120000014474),10.937,1.7727666,,Buncombe,{61B2AFFA-38FC-49E0-90B9-1FAF3EC23B7B},,2004-03-26,Blue Ridge Parkway,,58942.0,,Oteen,,Road cut,,Rock,,Slide - translational,,,2306.0
1,2004-05-12 00:00:00,309903.8178,224923.396499999,POINT (-82.31369499973893 35.73249100008648),25.34,3.8108666,,Buncombe,{6F97B6F9-0657-4E45-9D55-259520BB2965},,2004-05-12,Blue Ridge Parkway,,57879.0,,Montreat,Extremely rapid (>5 m/sec),Unmodified,,Debris,,Flow,,,69.0
1,2004-06-11 00:00:00,301079.830700003,220594.116999999,POINT (-82.40954100017794 35.69079799958314),24.224,4.3214006,,Buncombe,{17D54D7F-EF2F-4EF6-AA86-F1C46E8E708B},,2004-06-11,Blue Ridge Parkway,,58841.0,,Craggy Pinnacle,,Road cut,,Rock,,Fall,,,2284.0
1,2004-07-09 00:00:00,303784.158799998,221266.664299998,POINT (-82.37993100056424 35.697690000314886),16.085,4.2390003,,Buncombe,{2ECEB9C1-914C-4DD0-A333-BC79CBD5AD11},,2004-07-09,Blue Ridge Parkway,,58842.0,,Craggy Pinnacle,,Road cut,,Rock,,Slide - translational,,,2285.0
1,2004-08-11 00:00:00,288234.731299996,207699.099300001,POINT (-82.54628800018763 35.570579999713324),14.531,1.8985333,,Buncombe,{7F2640DA-5A36-4143-AD91-C75CA35DD365},Extremely rapid (>5 m/sec),2004-08-11,Geohazards,,57985.0,,Asheville,,Road embankment,Flow,Debris,Debris,Slide,,,403.0
1,2004-09-06 08:00:00,310791.233408644,224438.679714088,POINT (-82.303711979355 35.72839094689069),50.522,5.0841,,Buncombe,{7B9729CD-E35D-47E8-A5AD-731872270B8E},,2006-11-01,Blue Ridge Parkway,,58783.0,,Montreat,,Road embankment,,Debris,,Slide,,2004-09-06 08:00:00,2380.0
1,2004-09-06 17:00:00,272546.123800002,195966.2733,POINT (-82.71441199969577 35.45971900022504),25.813,3.362567,,Buncombe,{8B02C591-2D6E-441A-97B9-A494360E408E},,2008-02-15,Landslide Hazard Mapping,,59141.0,,Dunsmore Mountain,Extremely rapid (>5 m/sec),Unmodified,,Debris,,Flow,,2004-09-06 17:00:00,5050.0
1,2004-09-06 17:00:00,311539.132308753,215725.411460987,POINT (-82.2922553427865 35.650119502859894),45.514,4.7068334,,Buncombe,{16AAAEFE-AE37-4C99-ACBA-93A68817AA32},,2008-10-21,Landslide Hazard Mapping,,58909.0,,Montreat,,Road embankment,,Debris,,Slide,,2004-09-06 17:00:00,5300.0
1,2004-09-06 17:00:00,305931.935999997,226819.487799998,POINT (-82.35828700012736 35.74836899967036),30.925,4.0517335,,Buncombe,{6761AF67-A21A-4F76-A065-94B4ADCA3E3C},,,Landslide Hazard Mapping,,59273.0,,Montreat,Extremely rapid (>5 m/sec),Road embankment,,Debris,,Flow,,2004-09-06 17:00:00,4497.0
1,2004-09-06 17:00:00,266672.014899999,199768.924600001,POINT (-82.78067900032526 35.49197400003301),16.952,3.1872,,Buncombe,{9E5FCCDA-3131-4DF6-B49F-13EB173B9386},,2008-02-05,Landslide Hazard Mapping,,59283.0,,Cruso,Extremely rapid (>5 m/sec),Road embankment,,Debris,,Flow,,2004-09-06 17:00:00,4975.0
1,2004-09-06 17:00:00,309606.376699999,214998.569499999,POINT (-82.31332000029276 35.64299199968214),43.367,5.5509,,Buncombe,{5979DE8C-5DA4-4B8E-8720-AB69085BA0A0},,,Landslide Hazard Mapping,,59346.0,,Montreat,, ,,,,,,2004-09-06 17:00:00,5302.0
1,2004-09-06 17:00:00,310912.548299998,215675.790100001,POINT (-82.29915300020825 35.649485000374135),45.514,4.7068334,,Buncombe,{89A1B27D-107C-409B-9965-847097B84E1A},,,Landslide Hazard Mapping,,59347.0,,Montreat,, ,,,,,,2004-09-06 17:00:00,5303.0
1,2004-09-06 17:00:00,311394.8552,215188.2313,POINT (-82.29365100018084 35.64523700016579),40.422,4.3125,,Buncombe,{0C250D0E-BD86-43C5-A174-7B7FF11D02B3},,,Landslide Hazard Mapping,,59348.0,,Montreat,, ,,,,,,2004-09-06 17:00:00,5304.0
1,2004-09-06 17:00:00,310331.984300002,214936.297600001,POINT (-82.30528899947917 35.64264899997923),40.422,4.3125,,Buncombe,{6155CD51-0B3B-43D5-AF8A-820B8724624B},,,Landslide Hazard Mapping,,59349.0,,Montreat,,Unmodified,,,,,,2004-09-06 17:00:00,5305.0
1,2004-09-06 17:00:00,310530.0691,215015.617699999,POINT (-82.30313199950557 35.64342299994656),40.422,4.3125,,Buncombe,{E8ABB29D-2F53-403D-966F-178F6E844BC4},,2008-10-21,Landslide Hazard Mapping,,58908.0,,Montreat,,Stream bank,,Debris,,Slide,,2004-09-06 17:00:00,5299.0
1,2004-09-06 17:00:00,267378.01864657,213612.964980901,POINT (-82.77870994945589 35.61691637572169),37.136,3.1373668,,Buncombe,{2015AC67-DA5A-411E-91C8-C1AA0E68FF59},,2008-03-06,Landslide Hazard Mapping,,59355.0,,Canton,,Road embankment,,Debris,,Slide - translational,,2004-09-06 17:00:00,5085.0
1,2004-09-06 17:00:00,272198.554099999,212595.0031,POINT (-82.72511200028909 35.60938899994716),44.267,3.3371332,,Buncombe,{6EA83B46-93AB-4CA6-980F-C16F0F371123},,2008-03-03,Landslide Hazard Mapping,,59352.0,,Enka,,Cut slope - Not road related,,Weathered rock,,Slide - translational,,2004-09-06 17:00:00,5075.0
1,2004-09-06 17:00:00,269374.075300001,206684.954700001,POINT (-82.75380000031228 35.55519500014465),32.012,3.0269,,Buncombe,{C7966EB8-347D-47DF-BE37-65D3100D0AC2},,2008-02-12,Landslide Hazard Mapping,,60882.0,,Canton,,Stream bank,,Debris,,Slide - translational,,2004-09-06 17:00:00,5001.0
1,2004-09-06 17:00:00,300650.672791049,213087.424612187,POINT (-82.41143024486303 35.623041406846475),31.193,5.889734,,Buncombe,{147C1895-97B0-4686-98E7-0BDDC2C55D24},Extremely rapid (>5 m/sec),2008-05-01,Landslide Hazard Mapping,,60917.0,,Oteen,,Unmodified,Flow,Debris,Debris,Slide,,2004-09-06 17:00:00,20110221171.0
1,2004-09-06 17:00:00,274607.697490563,210040.296216526,POINT (-82.69748834166793 35.587188830087484),28.511,3.0409002,,Buncombe,{6B455B5E-0611-4FD8-927A-4CBC337F527A},,2013-07-09,Geohazards,,61379.0,,Enka,Very slow (>16 mm/yr),Embankment - Not road related,,Debris,,Slide,Active,2004-09-06 17:00:00,201308150001.0
1,2004-09-06 17:00:00,301634.7883,221666.383699998,POINT (-82.4038189997114 35.70062899955762),29.916,4.2329335,,Buncombe,{EF665E0A-A9EA-4DDA-AF16-2D07E006451E},,2005-05-11,Geohazards,,58158.0,,Craggy Pinnacle,Extremely rapid (>5 m/sec),Unmodified,,Debris,,Flow,,2004-09-06 17:00:00,640.0
1,2004-09-06 17:00:00,301653.486900002,221641.320599999,POINT (-82.40360300018142 35.70040899981438),29.916,4.2329335,,Buncombe,{D6FDA923-4241-497E-BBDE-CA2D4A80C223},,2005-05-11,Geohazards,,58157.0,,Craggy Pinnacle,Extremely rapid (>5 m/sec),Unmodified,,Debris,,Flow,,2004-09-06 17:00:00,639.0
1,2004-09-06 17:00:00,305247.961499996,222107.308200002,POINT (-82.36408000046133 35.70571100002525),42.59,5.0193334,,Buncombe,{3EB84A6D-4FE7-4BCF-9A3B-19F7F0780D57},,2008-09-18,Blue Ridge Parkway,,60600.0,,Montreat,Extremely rapid (>5 m/sec),Unmodified,,Debris,,Flow,,2004-09-06 17:00:00,5502.0
1,2004-09-06 17:00:00,305128.222199999,222234.1417,POINT (-82.36544999973606 35.70681700002752),42.59,5.0193334,,Buncombe,{93E5A57B-95C8-4E4E-BFF4-D5511666237E},,,Blue Ridge Parkway,,60599.0,,Montreat,Extremely rapid (>5 m/sec),Unmodified,,Debris,,Flow,,2004-09-06 17:00:00,5501.0
1,2004-09-06 17:00:00,304250.813600004,223190.075199999,POINT (-82.37550000006836 35.71515999995724),42.59,5.0193334,,Buncombe,{64A09BAB-EA4F-49A2-BC4F-93FC01F8743B},,,Geohazards,,58116.0,,Craggy Pinnacle,,Unmodified,,,,,,2004-09-06 17:00:00,615.0
1,2004-09-06 17:00:00,299544.2271,232056.324000001,POINT (-82.4308740004417 35.79357500012398),25.02,3.6817334,,Buncombe,{8BFF04EB-2B6F-4164-81B4-D6EECA52DB64},,2008-07-02,Landslide Hazard Mapping,,59521.0,,Barnardsville,Extremely rapid (>5 m/sec),Unmodified,,Debris,,Flow,,2004-09-06 17:00:00,5356.0
1,2004-09-06 17:00:00,311021.272600003,223068.556899998,POINT (-82.30066699974338 35.71611700007959),50.522,5.0841,,Buncombe,{57D92C25-52A6-4C29-94FC-A0724E5D0890},,2008-09-09,Landslide Hazard Mapping,,60597.0,,Montreat,Extremely rapid (>5 m/sec),Road embankment,,Debris,,Flow,,2004-09-06 17:00:00,5499.0
1,2004-09-06 17:00:00,302021.006399997,223662.391100001,POINT (-82.40030900047738 35.71872899953859),29.916,4.2329335,,Buncombe,{385BD110-045D-450E-86BD-3DDA1CD79B78},,,Landslide Hazard Mapping,,60786.0,,Craggy Pinnacle,Extremely rapid (>5 m/sec),Road embankment,,Debris,,Flow,,2004-09-06 17:00:00,4480.0
1,2004-09-06 17:00:00,301871.381700002,223876.770599999,POINT (-82.40204300025478 35.72061399979069),29.916,4.2329335,,Buncombe,{1D68D0EB-0AF7-48C0-A608-C1979354F413},,,Landslide Hazard Mapping,,60787.0,,Craggy Pinnacle,Extremely rapid (>5 m/sec),Road embankment,,Debris,,Flow,,2004-09-06 17:00:00,4481.0
1,2004-09-06 17:00:00,310999.046899997,214949.8464,POINT (-82.29793199966295 35.64297099997619),40.422,4.3125,,Buncombe,{01EBF686-0AE9-4564-9AC3-1D635EBE07A3},,2008-10-21,Landslide Hazard Mapping,,58777.0,,Montreat,Extremely rapid (>5 m/sec),Cut slope - Not road related,,Debris,,Flow,,2004-09-06 17:00:00,5628.0
1,2004-09-06 17:00:00,301706.839500003,221932.329799999,POINT (-82.40312399991531 35.70304699958267),29.916,4.2329335,,Buncombe,{589DC77B-A0B7-4105-BD95-0F8A34C2A407},,,Landslide Hazard Mapping,,60788.0,,Craggy Pinnacle,,Road cut,,,,,,2004-09-06 17:00:00,4483.0
1,2004-09-06 17:00:00,304674.343955282,224619.214791408,POINT (-82.37135801115191 35.72816396236022),42.59,5.0193334,,Buncombe,{ECC25666-BB80-4186-BF06-F10D94AF7C4F},,,Landslide Hazard Mapping,,60789.0,,Montreat,,Road cut,,,,,,2004-09-06 17:00:00,4484.0
1,2004-09-06 17:00:00,262140.619000003,220544.513999999,POINT (-82.83944100025866 35.67753900034189),23.166,1.9486667,,Buncombe,{3D724714-ECD4-4B4B-A1E2-7FD65090FCD6},Extremely rapid (>5 m/sec),2008-03-20,Landslide Hazard Mapping,,60903.0,,Sandymush,,Unmodified,Flow,Debris,Debris,Slide,,2004-09-06 17:00:00,5191.0
1,2004-09-16 17:00:00,269363.5198,194740.923099998,POINT (-82.7489419999372 35.447602999631904),192.526,10.099566,,Buncombe,{9DB0B13D-6396-4497-A084-D831B2577FE6},,2008-02-29,Landslide Hazard Mapping,,59143.0,,Dunsmore Mountain,Extremely rapid (>5 m/sec),Embankment - Not road related,,Debris,,Flow,,2004-09-16 17:00:00,5059.0
1,2004-09-16 17:00:00,277058.548811354,210219.775711354,POINT (-82.67053504352239 35.58962519709259),147.763,7.5538664,,Buncombe,{D151592A-69F9-40F5-986E-53C9E11457C7},,2004-09-23,Geohazards,,58069.0,,Enka,Extremely rapid (>5 m/sec),Road cut,,Debris,,Flow,,2004-09-16 17:00:00,441.0
1,2004-09-16 17:00:00,277082.840099998,210349.298,POINT (-82.67031999979274 35.59079999996125),147.763,7.5538664,,Buncombe,{3790C10B-47FA-4068-ADEF-8B210F0296D1},,2004-09-23,Geohazards,,58054.0,,Enka,Extremely rapid (>5 m/sec),Road embankment,,Debris,,Flow,,2004-09-16 17:00:00,440.0
1,2004-09-16 17:00:00,274236.265000001,196177.030200001,POINT (-82.69588999949505 35.46218599966082),211.26,10.974299,,Buncombe,{576C4F53-E27A-46EF-A81B-2B2BEB9A8A9F},,2008-02-14,Landslide Hazard Mapping,,59139.0,,Dunsmore Mountain,Extremely rapid (>5 m/sec),Road embankment,,Debris,,Flow,,2004-09-16 17:00:00,5048.0
1,2004-09-16 17:00:00,274091.8486,196498.5748,POINT (-82.69761199959464 35.46503400012341),211.26,10.974299,,Buncombe,{31A905A8-C8F8-4E7D-8361-B3DB20467B18},,2008-02-14,Landslide Hazard Mapping,,59138.0,,Dunsmore Mountain,Extremely rapid (>5 m/sec),Unmodified,,Debris,,Flow,,2004-09-16 17:00:00,5047.0
1,2004-09-16 17:00:00,277020.884599999,210096.255199999,POINT (-82.67090000039654 35.58849999977125),147.763,7.5538664,,Buncombe,{1CC71DDD-A855-4EDB-A384-94990F1FB650},,2004-09-23,Geohazards,,58071.0,,Enka,Extremely rapid (>5 m/sec),Road embankment,,Debris,,Flow,,2004-09-16 17:00:00,443.0
1,2004-09-16 17:00:00,268913.230700001,199742.534000002,POINT (-82.75598299989396 35.492502999686124),163.72,8.332733,,Buncombe,{AF4C02BB-30FC-4D98-B38A-B59D296AF4A9},,2008-02-05,Landslide Hazard Mapping,,60880.0,,Cruso,,Road cut,,Debris,,Slide,,2004-09-16 17:00:00,4993.0
1,2004-09-16 17:00:00,276982.017399997,210173.183499999,POINT (-82.67135999990084 35.58918000008341),147.763,7.5538664,,Buncombe,{B94766B1-1124-48A0-87FF-F51686DD28F8},,2004-09-23,Geohazards,,58070.0,,Enka,Extremely rapid (>5 m/sec),Road embankment,,Debris,,Flow,,2004-09-16 17:00:00,442.0
1,2004-09-16 17:00:00,280044.940700002,200164.847800001,POINT (-82.63354099965814 35.50004100043002),158.296,8.3174,,Buncombe,{DE66FDC0-E14B-45B1-B9F6-BCC776BE8C98},,2009-03-23,Landslide Hazard Mapping,,59197.0,,Dunsmore Mountain,Extremely rapid (>5 m/sec),Road cut,,Debris,,Flow,,2004-09-16 17:00:00,5319.0
1,2004-09-16 17:00:00,274155.238200001,196642.305500001,POINT (-82.6969730004102 35.46634999961458),211.26,10.974299,,Buncombe,{9CB57B7B-0852-4A04-AA91-E8B56077D145},,,Landslide Hazard Mapping,,58848.0,,Dunsmore Mountain,Extremely rapid (>5 m/sec),Unmodified,,Debris,,Flow,,2004-09-16 17:00:00,5645.0
1,2004-09-16 17:00:00,276977.151799999,209919.138999999,POINT (-82.67131000026225 35.58688999979305),147.763,7.5538664,,Buncombe,{BC9C311A-753E-4DEB-A5C9-F197FF1939FC},,2004-09-23,Geohazards,,58072.0,,Enka,Extremely rapid (>5 m/sec),Road cut,,Debris,,Flow,,2004-09-16 17:00:00,444.0
1,2004-09-16 17:00:00,270712.609702996,195163.949986,POINT (-82.73426622613597 35.45187182010403),192.526,10.099566,,Buncombe,{DE41599D-A3EF-4028-B2AF-C15A6D5E0834},,2005-10-25,Landslide Hazard Mapping,,58079.0,,Dunsmore Mountain,Extremely rapid (>5 m/sec),Road embankment,,Debris,,Flow,,2004-09-16 17:00:00,452.0
1,2004-09-16 17:00:00,271895.041100003,211471.022599999,POINT (-82.72799400036114 35.59916200004482),149.09,7.578734,,Buncombe,{82DEF1B8-E916-411E-A4EA-0E0365691C9A},,,Landslide Hazard Mapping,,58081.0,,Enka,Extremely rapid (>5 m/sec),Cut slope - Not road related,,Debris,,Flow,,2004-09-16 17:00:00,460.0
1,2005-01-10,311493.540100001,224218.409200001,POINT (-82.29587199990719 35.726617000258535),46.795,2.6099,,Buncombe,{11C3A2BF-384C-4E7D-A2BC-E1BD700DA91F},,2005-01-10,Blue Ridge Parkway,,58023.0,,Montreat,,Road cut,,Debris,,Slide - translational,,,524.0
1,2005-01-10,311465.130500004,224229.676199999,POINT (-82.29618999967778 35.72670999966632),46.795,2.6099,,Buncombe,{1FBCBC6A-DF04-4AA3-80D8-EA65E6716927},Extremely rapid (>5 m/sec),2005-01-10,Blue Ridge Parkway,,58024.0,,Montreat,,Road cut,Flow,Debris,Debris,Slide,,,525.0
1,2005-01-10,309707.939000003,224979.781199999,POINT (-82.31587999946579 35.732940000152276),39.408,2.2263,,Buncombe,{50BEFE2A-33D4-49AB-A4D4-31088A80DEBF},,2005-01-10,Blue Ridge Parkway,,59122.0,,Montreat,,Road embankment,,Debris,,Creep,,,2541.0
1,2005-01-11,307863.539800003,226780.522999998,POINT (-82.33692700032269 35.748605000107794),39.408,2.0733333,,Buncombe,{C168B7E6-AE05-4E51-A429-B3FB6C80825C},,2005-01-11,Blue Ridge Parkway,,58047.0,,Montreat,,Road cut,,Rock,,Slide - translational,,,532.0
1,2005-02-25,297772.001599997,209321.451299999,POINT (-82.44174999984845 35.58822000019903),20.769,2.2071335,,Buncombe,{D2EDBD68-A995-49E0-B9B1-5CE28D8578F4},,2005-02-25,State Map,,57948.0,,Oteen,,Embankment - Not road related,,Debris,,Slide,,,573.0
1,2005-02-25,298048.144599997,209361.830200002,POINT (-82.43871999965621 35.58866999956212),20.769,2.2071335,,Buncombe,{AB483B6E-606A-48A2-882A-CCF3DBC6BB8F},,2005-02-25,State Map,,57949.0,,Oteen,,Embankment - Not road related,,Debris,,Slide,,,574.0
1,2005-04-15,293288.683200002,215520.274099998,POINT (-82.49360000010077 35.64265000022067),28.516,4.1316004,,Buncombe,{84DE872E-BDE3-4716-9779-FCB3C9B5B100},,2005-04-15,Blue Ridge Parkway,,58237.0,,Craggy Pinnacle,,Road cut,,Rock,,Slide - translational,,,783.0
1,2005-05-11,301676.953400001,221776.3895,POINT (-82.40339500027554 35.70163299993604),18.163,2.2379,,Buncombe,{B45EC937-033E-44FC-848D-B68CD783798D},Extremely rapid (>5 m/sec),2005-05-11,Geohazards,,58159.0,,Craggy Pinnacle,,Unmodified,Flow,Debris,Debris,Slide,,,641.0
1,2005-07-07,314129.586978264,200111.68468841,POINT (-82.25800495741257 35.51022470712507),61.51,8.7962675,,Buncombe,{430B4290-D951-4EAF-B303-7C61D2E7C4FD},,2005-07-07,Landslide Hazard Mapping,,58216.0,,Black Mountain,,Cut slope - Not road related,Fall,Rock,Rock,Slide,,,725.0
1,2006-05-01,291228.618600003,198370.146899998,POINT (-82.50963999975288 35.487499999876846),27.411,3.4146996,,Buncombe,{F448458D-07FE-4DF2-B5B4-33104D94A360},,2006-05-01,Landslide Hazard Mapping,,59184.0,,Skyland,,Road embankment,,Weathered rock,,Slide,,,2818.0
1,2006-06-18,291240.65898107,198094.557280201,POINT (-82.50940002574568 35.48502117331873),19.733,2.2428002,,Buncombe,{8A608E92-6EF5-4495-8C42-5D566C809CCB},,2006-06-18,Geohazards,,61413.0,,Skyland,Very slow (>16 mm/yr),Embankment - Not road related,,Debris,,Subsidence,Active,,201610280001.0
1,2006-10-26,304052.827500001,222168.773600001,POINT (-82.37730299948873 35.7058990004636),26.24,2.8312998,,Buncombe,{2183E343-3971-4B05-8F44-FD675D5A64F9},Extremely rapid (>5 m/sec),2006-10-26,Blue Ridge Parkway,,59088.0,,Craggy Pinnacle,,Unmodified,Flow,Rock,Debris,Fall,,,2375.0
1,2006-11-01,309651.745499998,225031.611699998,POINT (-82.31652000033993 35.73339000031374),30.199,3.7048998,,Buncombe,{EC608A0A-310F-46BF-9CC8-D9A2F00DA4DE},,2006-11-01,Blue Ridge Parkway,,58046.0,,Montreat,,Road cut,,Rock,,Fall,,,528.0
1,2007-01-03,280813.774099998,196628.2487,POINT (-82.62364899987456 35.468436000133394),44.588,4.0688667,,Buncombe,{4CDC4033-65F3-43DA-ADDA-2E2FEDE93C6D},,2007-01-03,Blue Ridge Parkway,,59164.0,,Skyland,Extremely rapid (>5 m/sec),Road cut,,Debris,,Flow,,,2721.0
1,2007-03-13,308996.998099998,215471.607000001,POINT (-82.32021999943079 35.647069999571265),46.43,2.5725667,,Buncombe,{2AF75A35-C894-4506-AF7E-041719D63AE7},Extremely rapid (>5 m/sec),2007-03-13,Landslide Hazard Mapping,,58824.0,,Montreat,,Road embankment,Flow,Debris,Debris,Slide,,,2946.0
1,2007-03-22,310010.969400004,211451.654800002,POINT (-82.30754999985948 35.611159999862934),43.789,4.4169006,,Buncombe,{BBACE54F-361F-47E8-A43F-1CE7E71FAF98},,2007-03-22,Landslide Hazard Mapping,,59135.0,,Black Mountain,Extremely rapid (>5 m/sec),Road embankment,,Debris,,Flow,,,4445.0
1,2007-03-27,313309.555299997,200441.144400001,POINT (-82.26715999977489 35.51294999992414),57.442,4.2960334,,Buncombe,{A30FDFCB-5390-44E6-92FC-4785A355DD51},,2007-03-27,Landslide Hazard Mapping,,60785.0,,Black Mountain,,Road cut,,Debris,,Slide,,,4460.0
1,2007-03-27,313868.586199999,200308.318599999,POINT (-82.26095199944558 35.51191899958823),57.442,4.2960334,,Buncombe,{84C3DE73-A8A1-4846-9CBB-654913EE67B4},,2007-03-27,Landslide Hazard Mapping,,58849.0,,Black Mountain,,Road cut,,Weathered rock,,Slide - translational,,,5646.0
1,2007-03-27,314082.299000002,200487.550999999,POINT (-82.2586620002347 35.51359700014587),57.442,4.2960334,,Buncombe,{BB6715B4-0153-4B49-B57D-99540F5DE6C4},,2007-03-27,Landslide Hazard Mapping,,60784.0,,Black Mountain,,Road cut,,Weathered rock,,Slide,,,4459.0
1,2007-03-30,307808.162,204288.059300002,POINT (-82.32920000007974 35.54596000039461),51.964,3.7935667,,Buncombe,{2AB9FBCD-051F-446D-B0F2-389975834B66},,2007-03-30,Landslide Hazard Mapping,,59137.0,,Black Mountain,Extremely rapid (>5 m/sec),Unmodified,,Debris,,Flow,,,4452.0
1,2007-04-02,312614.8926,202985.910599999,POINT (-82.27573999958636 35.53567000007527),27.601,2.0327332,,Buncombe,{012E6626-4D7B-4C1D-92E5-66D2BEF294CD},,2007-04-02,Landslide Hazard Mapping,,60776.0,,Black Mountain,,Unmodified,,Weathered rock,,Slide - rotational,,,4437.0
1,2007-04-02,312631.341700003,203071.9461,POINT (-82.27559000015225 35.536449999887026),27.601,2.0327332,,Buncombe,{2DFE0617-82D2-44B7-A03E-B71C2B8B4106},Extremely rapid (>5 m/sec),2007-04-02,Landslide Hazard Mapping,,60777.0,,Black Mountain,,Unmodified,Flow,Earth,Earth,Slide,,,4438.0
1,2007-04-02,312646.016599998,203049.2621,POINT (-82.2754200003194 35.5362499999042),27.601,2.0327332,,Buncombe,{38AFC74E-6180-4879-8150-849617685A66},Extremely rapid (>5 m/sec),2007-04-02,Landslide Hazard Mapping,,60775.0,,Black Mountain,,Unmodified,Flow,Earth,Earth,Slide,,,4436.0
1,2007-04-03,314970.854400001,199930.4067,POINT (-82.2486700001037 35.50884000044253),24.248,1.9295334,,Buncombe,{5DC6D38E-C36E-4E4E-AB5A-C12ACC197C75},Extremely rapid (>5 m/sec),2007-04-03,Landslide Hazard Mapping,,59134.0,,Moffitt Hill,,Road embankment,Flow,Debris,Debris,Slide,,,4441.0
1,2007-04-03,314992.579800002,200039.581799999,POINT (-82.2484699995372 35.50982999982074),24.248,1.9295334,,Buncombe,{D06E3DF3-FB58-4414-BC60-26FDD6DDB478},,2007-04-03,Landslide Hazard Mapping,,59133.0,,Moffitt Hill,,Road cut,,Earth,,Slide - translational,,,4440.0
1,2007-04-03,314558.276699997,200877.293299999,POINT (-82.25355799961743 35.517248999756156),24.248,1.9295334,,Buncombe,{5F7E40A3-0E99-4372-9B56-C58E7A4600C7},Extremely rapid (>5 m/sec),2007-04-03,Landslide Hazard Mapping,,59132.0,,Black Mountain,,Unmodified,Flow,Earth,Earth,Slide,,,4439.0
1,2007-04-03,304750.848899998,202893.7412,POINT (-82.36238000029056 35.532470000405546),36.98,2.1457667,,Buncombe,{421D3273-E72F-4A9E-974C-0B6D0449ED33},,2007-04-03,Landslide Hazard Mapping,,60778.0,,Black Mountain,Extremely rapid (>5 m/sec),Road embankment,,Debris,,Flow,,,4453.0
1,2007-04-05,313756.401000001,202217.938099999,POINT (-82.26288000014272 35.52909000027797),25.512,2.1101665,,Buncombe,{C9558477-43A4-43A1-93A2-DA438B67BDE2},,2007-04-05,Landslide Hazard Mapping,,60779.0,,Black Mountain,Extremely rapid (>5 m/sec),Unmodified,,Debris,,Flow,,,4454.0
1,2007-04-09,321672.850699998,201736.919,POINT (-82.17546000003904 35.527070000331044),27.128,2.3230667,,Buncombe,{E17FEB6E-D117-4A9A-BB0D-61024287A860},,2007-04-09,Landslide Hazard Mapping,,60783.0,,Moffitt Hill,,Road cut,,Debris,,Slide,,,4458.0
1,2007-04-09,320125.182400003,202365.9692,POINT (-82.19273999981164 35.5322899997971),24.848,2.4037004,,Buncombe,{B7ABF0D9-C74F-4F0D-8CEC-763CDE5799F2},,2007-04-09,Landslide Hazard Mapping,,60782.0,,Moffitt Hill,,Road embankment,,Debris,,Slide,,,4457.0
1,2007-04-09,319973.415399998,202527.3563,POINT (-82.1944699998945 35.533699999769674),24.848,2.4037004,,Buncombe,{6E54B4EA-47C0-4F0B-A7D2-EA2D9E2AB7AD},,2007-04-09,Landslide Hazard Mapping,,60781.0,,Moffitt Hill,,Road cut,,Debris,,Slide,,,4456.0
1,2007-04-09,319941.108400002,202538.385899998,POINT (-82.19483000000128 35.53378999979055),24.848,2.4037004,,Buncombe,{F002FB32-332D-419D-A2D7-C8183E92E0C2},,2007-04-09,Landslide Hazard Mapping,,60780.0,,Moffitt Hill,,Road cut,,Debris,,Slide,,,4455.0
1,2007-04-09,318012.439125623,202369.548917982,POINT (-82.21602727584829 35.53170761398763),24.848,2.4037004,,Buncombe,{74D6958B-21CA-4390-944A-3F10D05E1715},,2007-04-09,Landslide Hazard Mapping,,60627.0,,Moffitt Hill,,Road embankment,,Debris,,Slide,,,5643.0
1,2008-01-30,279592.729900002,202972.804900002,POINT (-82.63965700023306 35.52518599993782),17.197,1.4422758,,Buncombe,{0F45D2C8-AF65-4591-AC3A-998D84D65FDE},,2008-01-30,Landslide Hazard Mapping,,59223.0,,Enka,Extremely rapid (>5 m/sec),Unmodified,,Debris,,Flow,,,4968.0
1,2008-01-30,277239.877700001,205733.063299999,POINT (-82.66670699982802 35.54927000031891),14.657,1.374862,,Buncombe,{D8AC76A9-CCA4-4C37-B3E5-B12362D9E1E9},,2008-01-30,Landslide Hazard Mapping,,59258.0,,Enka,Extremely rapid (>5 m/sec),Unmodified,,Debris,,Flow,,,4974.0
1,2008-02-02,266751.9749,199541.735100001,POINT (-82.7797030003921 35.48995499968423),37.498,3.1557667,,Buncombe,{17EA1E45-1635-4F17-9F5B-06841EBE17DC},,2008-02-02,Landslide Hazard Mapping,,60879.0,,Cruso,,Unmodified,,Debris,,Slide,,,4992.0
1,2008-02-05,273336.802000001,198733.800299998,POINT (-82.70684499989422 35.48491500036093),33.866,2.9174001,,Buncombe,{1DC61862-5554-4928-BDF5-9D0B7066DC43},,2008-02-05,Landslide Hazard Mapping,,60656.0,,Dunsmore Mountain,,Road embankment,,Debris,,Slide,,,4983.0
1,2008-02-05,275190.448100001,197917.515700001,POINT (-82.68609600010898 35.478183999601285),42.728,3.7120333,,Buncombe,{A1B00D4E-EAF3-4AFF-A097-05AF9C3DBB6F},,2008-02-05,Landslide Hazard Mapping,,60883.0,,Dunsmore Mountain,Extremely rapid (>5 m/sec),Road embankment,,Debris,,Flow,,,5003.0
1,2008-02-05,273278.821099997,198647.377599999,POINT (-82.7074480005124 35.484116999870686),33.866,2.9174001,,Buncombe,{A6C9C915-1F10-428E-A725-C7BFA5D9525E},,2008-02-05,Landslide Hazard Mapping,,60040.0,,Dunsmore Mountain,,Road cut,,Debris,,Slide,,,4982.0
1,2008-02-07,266772.209600002,197438.532400001,POINT (-82.77859800008667 35.47101699995772),41.483,3.7187998,,Buncombe,{B7C43B22-2793-4D71-9809-98D46EFBE127},,2008-02-07,Landslide Hazard Mapping,,60881.0,,Cruso,Extremely rapid (>5 m/sec),Road embankment,,Debris,,Flow,,,4997.0
1,2008-02-14,274977.972999997,197375.4549,POINT (-82.68821399958975 35.473229999942035),42.115,3.1645334,,Buncombe,{2621EDC9-6B72-472E-B801-64607A3DBA47},,2008-02-14,Landslide Hazard Mapping,,58813.0,,Dunsmore Mountain,,Road embankment,,Debris,,Slide,,,5043.0
1,2008-02-15,270152.894000001,208164.583700001,POINT (-82.74583099972536 35.56878800010957),30.658,2.5766335,,Buncombe,{EDF68225-F00A-4DC5-8825-DB108FD46A56},,2008-02-15,Landslide Hazard Mapping,,60884.0,,Enka,,Road cut,,Debris,,Slide,,,5024.0
1,2008-02-15,271874.306900002,207671.903999999,POINT (-82.72664899964887 35.56493399992945),31.011,2.5626333,,Buncombe,{D493CBD7-C130-49E5-8471-1D891992A3C8},,2008-02-15,Landslide Hazard Mapping,,60889.0,,Enka,Extremely rapid (>5 m/sec),Unmodified,,Debris,,Flow,,,5033.0
1,2008-02-19,272702.465899996,210829.794399999,POINT (-82.71882399978008 35.59365899992246),31.011,2.9615664,,Buncombe,{D3E41D13-CF92-43BD-B29E-FF52B0594FFC},,2008-02-19,Landslide Hazard Mapping,,60885.0,,Enka,,Road cut,,Rock,,Slide - translational,,,5027.0
1,2008-02-25,267434.192400001,209646.487599999,POINT (-82.77642500005464 35.58120799971032),31.382,3.0850668,,Buncombe,{2CFA0B25-574D-461F-A8F9-897ACBCF8991},,2008-02-25,Landslide Hazard Mapping,,58816.0,,Canton,,Road cut,,Debris,,Slide - translational,,,5054.0
1,2008-02-25,267427.415899999,209628.094300002,POINT (-82.77649199968124 35.58103999988893),31.382,3.0850668,,Buncombe,{22A412A4-F2D8-4835-B095-E64E4365E8EC},,2008-02-25,Landslide Hazard Mapping,,58815.0,,Canton,,Road cut,,Debris,,Slide - translational,,,5053.0
1,2008-02-25,267429.103500001,209605.7152,POINT (-82.77646400035819 35.58083899992372),31.382,3.0850668,,Buncombe,{59E8634F-8678-447E-9ECE-48E7AF4EFF1D},,2008-02-25,Landslide Hazard Mapping,,58814.0,,Canton,,Road cut,,Debris,,Slide - translational,,,5052.0
1,2008-02-25,267439.245499998,209621.982099999,POINT (-82.77635900010361 35.58098900007149),31.382,3.0850668,,Buncombe,{9A454C8E-E590-483C-AC56-155BC0A54C7C},,2008-02-25,Landslide Hazard Mapping,,58817.0,,Canton,,Road embankment,,Debris,,Slide,,,5055.0
1,2008-02-25,267436.547499999,209686.920000002,POINT (-82.77641600011937 35.58157299970623),31.382,3.0850668,,Buncombe,{735AFDC8-F08A-4B6E-AAF2-E0EB55D26070},,2008-02-25,Landslide Hazard Mapping,,59142.0,,Canton,,Road cut,,Debris,,Slide - translational,,,5056.0
1,2008-02-29,270050.686300002,213667.075199999,POINT (-82.74924999964212 35.61831700014253),31.463,3.5975,,Buncombe,{B6531ABA-68AF-4DEB-983B-BC2F5DB7BC3E},,2008-02-29,Landslide Hazard Mapping,,59276.0,,Enka,,Road cut,,Debris,,Slide - translational,,,5067.0
1,2008-02-29,269981.387000002,213315.764699999,POINT (-82.74986800025205 35.61512899973324),31.463,3.5975,,Buncombe,{504D3329-0BD2-4DAF-B0E8-4307903FF30F},,2008-02-29,Landslide Hazard Mapping,,60886.0,,Canton,,Unmodified,,Debris,,Slide - translational,,,5030.0
1,2008-02-29,269978.608599998,213369.381000001,POINT (-82.74992100043009 35.615611000219),31.463,3.5975,,Buncombe,{D88DD162-1311-4DFC-9527-EA4CBF3F6B2E},,2008-02-29,Landslide Hazard Mapping,,60887.0,,Canton,,Unmodified,,Debris,,Slide - translational,,,5031.0
1,2008-02-29,269976.4023,213392.556400001,POINT (-82.7499549996801 35.615819000452134),31.463,3.5975,,Buncombe,{DFE0220D-B784-488A-8B60-FCD6BDDB5B61},,2008-02-29,Landslide Hazard Mapping,,60888.0,,Canton,Extremely rapid (>5 m/sec),Unmodified,,Debris,,Flow,,,5032.0
1,2008-02-29,269967.997299999,213194.149700001,POINT (-82.74996499979876 35.614029000035934),31.463,3.5975,,Buncombe,{FF46422A-956C-4778-8B59-78706535037F},,2008-02-29,Landslide Hazard Mapping,,58203.0,,Canton,,Unmodified,,Debris,,Slide - translational,,,556.0
1,2008-02-29,270011.613200001,213319.174199998,POINT (-82.74953600019263 35.61516999957973),31.463,3.5975,,Buncombe,{FC52280E-5030-4A1F-9098-5D6F7E5EBD6B},,2008-02-29,Landslide Hazard Mapping,,58844.0,,Enka,,Road cut,,Debris,,Slide - translational,,,2279.0
1,2008-02-29,270057.140600003,213245.291499998,POINT (-82.74900299967051 35.61452000002749),31.463,3.5975,,Buncombe,{637BF43D-2D2C-4853-9153-D4720CD703A8},,2008-02-29,Landslide Hazard Mapping,,57963.0,,Enka,,Road cut,,Debris,,Slide - translational,,,544.0
1,2008-02-29,269944.726599999,213338.798999999,POINT (-82.75028199991387 35.61532399973916),31.463,3.5975,,Buncombe,{8AB4CE10-F85B-4775-AFFB-6BAF22F6EC7A},,2008-02-29,Landslide Hazard Mapping,,59144.0,,Canton,,Unmodified,,Debris,,Slide - translational,,,5062.0
1,2008-02-29,270060.966300003,213200.1842,POINT (-82.74894199951645 35.614114999894554),31.463,3.5975,,Buncombe,{C191E3E4-8652-41C8-9200-C543F406E398},,2008-02-29,Landslide Hazard Mapping,,58113.0,,Enka,,Road cut,,Debris,,Slide - translational,,,546.0
1,2008-02-29,269947.172200002,213377.119199999,POINT (-82.75027099953458 35.61566999967664),31.463,3.5975,,Buncombe,{309AF1A4-622F-49E8-8851-9E9733431C92},Extremely rapid (>5 m/sec),2008-02-29,Landslide Hazard Mapping,,59145.0,,Canton,,Unmodified,Flow,Debris,Debris,Slide,,,5063.0
1,2008-02-29,269985.797300003,213082.235800002,POINT (-82.74972200048799 35.61302699963483),31.463,3.5975,,Buncombe,{3BD4F417-C1A3-4AA1-A662-B80D95A1E2ED},,2008-02-29,Landslide Hazard Mapping,,58387.0,,Enka,,Road cut,,Debris,,Slide - translational,,,558.0
1,2008-02-29,270043.025200002,213428.340300001,POINT (-82.74923500005666 35.61616399986228),31.463,3.5975,,Buncombe,{96F99A6D-E4FE-45EC-9744-8C8A8DB51A1B},,2008-02-29,Landslide Hazard Mapping,,59146.0,,Enka,,Unmodified,,Debris,,Slide - translational,,,5064.0
1,2008-02-29,270001.057599999,213330.120000001,POINT (-82.74965700055962 35.615265000370904),31.463,3.5975,,Buncombe,{9B0821FC-D50E-4A3D-935E-2869C5F9CC64},,2008-02-29,Landslide Hazard Mapping,,58825.0,,Enka,,Road cut,,Debris,,Slide - translational,,,2300.0
1,2008-02-29,270032.854099996,213312.709600002,POINT (-82.74929899986708 35.615118999792884),31.463,3.5975,,Buncombe,{A9D29B75-3950-470C-9FF1-6737CA50EB61},,2008-02-29,Landslide Hazard Mapping,,58022.0,,Enka,,Road cut,,Rock,,Slide - translational,,,521.0
1,2008-02-29,270047.704300001,213453.808899999,POINT (-82.74919400048667 35.61639499962592),31.463,3.5975,,Buncombe,{4A6BD341-5ACB-4CA7-879D-70919690ED5E},,2008-02-29,Landslide Hazard Mapping,,59274.0,,Enka,,Road cut,,Weathered rock,,Slide - translational,,,5065.0
1,2008-02-29,270053.132299997,213602.258499999,POINT (-82.74919599989896 35.61773399955858),31.463,3.5975,,Buncombe,{388DA286-13B8-4428-8477-A2F888F5B5CC},,2008-02-29,Landslide Hazard Mapping,,59275.0,,Enka,,Road cut,,Debris,,Slide - translational,,,5066.0
1,2008-02-29,270002.640500002,213309.632599998,POINT (-82.74963099945316 35.61508099986058),31.463,3.5975,,Buncombe,{5D2B10C7-291C-46A6-8BCA-4AA41BF077D8},,2008-02-29,Landslide Hazard Mapping,,58843.0,,Enka,,Unmodified,,Debris,,Slide,,,2286.0
1,2008-02-29,270048.679300003,213182.1083,POINT (-82.74907000032047 35.613948000268785),31.463,3.5975,,Buncombe,{95751F43-B469-4A1F-B2CD-394D1C14E4E8},,2008-02-29,Landslide Hazard Mapping,,58202.0,,Enka,,Road cut,,Debris,,Slide - translational,,,555.0
1,2008-03-03,271755.331500001,213528.664900001,POINT (-82.73038799952192 35.61764900037657),26.974,2.4211335,,Buncombe,{25FF2B4E-6977-4C82-96AC-5E2F230E1221},,2008-03-03,Landslide Hazard Mapping,,59353.0,,Enka,Extremely rapid (>5 m/sec),Unmodified,,Debris,,Blowout,,,5077.0
1,2008-03-03,271979.346500002,212448.032200001,POINT (-82.7274690004771 35.607990999939744),25.135,2.3058667,,Buncombe,{8DA6C50C-9C32-4F82-8158-19E5D98B544C},,2008-03-03,Landslide Hazard Mapping,,59282.0,,Enka,Extremely rapid (>5 m/sec),Unmodified,,Debris,,Blowout,,,5073.0
1,2008-03-03,273191.268399999,213253.425099999,POINT (-82.71443400007732 35.6156549996034),25.135,2.3058667,,Buncombe,{DE4EF2CC-A044-4076-90EB-A8C2F7826464},,2008-03-03,Landslide Hazard Mapping,,59354.0,,Enka,Extremely rapid (>5 m/sec),Road cut,,Debris,,Flow,,,5080.0
1,2008-03-12,267444.672200002,218201.662799999,POINT (-82.77990299994235 35.65827099974946),39.291,3.5965002,,Buncombe,{B87520FB-EEB8-44D9-8373-8BE28C9E7D8B},,2008-03-12,Landslide Hazard Mapping,,60890.0,,Sandymush,,Unmodified,,Debris,,Slide,,,5122.0
1,2008-03-12,267495.0185,218179.427999999,POINT (-82.77933799994271 35.65808799977518),39.291,3.5965002,,Buncombe,{D0D75D57-70F4-4EF7-A700-387AD6590E7D},,2008-03-12,Landslide Hazard Mapping,,60891.0,,Sandymush,,Unmodified,,Debris,,Slide,,,5123.0
1,2008-03-18,266109.028099999,218981.285100002,POINT (-82.79497299949963 35.66483400041498),39.291,4.2620335,,Buncombe,{293C000E-EE77-4EAA-A324-BFC1641A14B8},,2008-03-18,Landslide Hazard Mapping,,60898.0,,Sandymush,,Road cut,,Weathered rock,,Slide - translational,,,5148.0
1,2008-03-18,264882.129500002,217402.473999999,POINT (-82.80784599970066 35.650189999676165),39.291,4.2620335,,Buncombe,{B29B3A7E-3660-4230-9805-E90C00CEA9A8},,2008-03-18,Landslide Hazard Mapping,,60895.0,,Sandymush,,Stream bank,,Weathered rock,,Slide - translational,,,5145.0
1,2008-03-18,265964.988499999,218699.912700001,POINT (-82.79644399964664 35.662249999592454),39.291,4.2620335,,Buncombe,{7D182403-2360-4EF8-943B-22CD1B630ED5},,2008-03-18,Landslide Hazard Mapping,,60896.0,,Sandymush,,Road cut,,Weathered rock,,Slide - translational,,,5146.0
1,2008-03-18,266104.169799998,218937.172800001,POINT (-82.79500800039786 35.664434999685746),39.291,4.2620335,,Buncombe,{1ACD8835-830C-46E0-A46F-91132D6D33BD},,2008-03-18,Landslide Hazard Mapping,,60897.0,,Sandymush,,Road cut,,Weathered rock,,Slide - translational,,,5147.0
1,2008-03-18,266010.9344,219597.661200002,POINT (-82.79631600017716 35.67035199991782),39.291,4.2620335,,Buncombe,{3FA5E303-1125-4890-9368-D5F70D679938},,2008-03-18,Landslide Hazard Mapping,,60892.0,,Sandymush,Extremely rapid (>5 m/sec),Unmodified,,Debris,,Flow,,,5136.0
1,2008-03-18,264848.489299998,217807.999200001,POINT (-82.80838900025938 35.65383100017196),39.291,4.2620335,,Buncombe,{AE37B540-5014-4DBC-ADF0-88F078DC6928},,2008-03-18,Landslide Hazard Mapping,,60894.0,,Sandymush,,Stream bank,,Weathered rock,,Slide - translational,,,5144.0
1,2008-03-18,265263.659599997,218755.196400002,POINT (-82.80420799956475 35.66250599958235),39.291,4.2620335,,Buncombe,{070BC1B0-858F-43DD-BBE0-7B6C8C43F19F},,2008-03-18,Landslide Hazard Mapping,,60900.0,,Sandymush,Extremely rapid (>5 m/sec),Unmodified,,Earth,,Blowout,,,5153.0
1,2008-03-18,266460.595399998,219501.530900002,POINT (-82.79131200052622 35.66964099980326),39.291,4.2620335,,Buncombe,{F58078CD-0245-497D-B34D-990B70FC7991},,2008-03-18,Landslide Hazard Mapping,,60899.0,,Sandymush,,Road cut,,Weathered rock,,Slide - translational,,,5149.0
1,2008-03-18,266020.921999998,219593.504299998,POINT (-82.7962039995822 35.67031799998435),39.291,4.2620335,,Buncombe,{411BDA88-5831-4356-B597-E5D2DD258EE6},,2008-03-18,Landslide Hazard Mapping,,60893.0,,Sandymush,Extremely rapid (>5 m/sec),Unmodified,,Debris,,Flow,,,5137.0
1,2008-03-20,268455.310000002,220493.6754,POINT (-82.76970999966723 35.679262000190356),39.737,3.4235666,,Buncombe,{A273A803-4410-4608-BE6E-369E366F5CEB},,2008-03-20,Landslide Hazard Mapping,,58176.0,,Sandymush,,Road embankment,,Debris,,Slide - rotational,,,665.0
1,2008-03-20,262189.538099997,220666.302900001,POINT (-82.83895300011058 35.67865299955513),38.611,3.2720335,,Buncombe,{88E1A3E5-F660-4BA3-845F-8C9A17E65826},,2008-03-20,Landslide Hazard Mapping,,60904.0,,Sandymush,,Unmodified,,Debris,,Slide - translational,,,5192.0
1,2008-03-20,262529.643399999,216118.591699999,POINT (-82.8332590000269 35.63780999962055),38.086,3.2076333,,Buncombe,{E1BE4FB9-022B-4218-ABEC-2F408A4D5834},,2008-03-20,Landslide Hazard Mapping,,60902.0,,Sandymush,,Unmodified,,Weathered rock,,Slide - translational,,,5186.0
1,2008-03-20,261898.313500002,220790.599100001,POINT (-82.8422209996461 35.67967100020259),38.611,3.2720335,,Buncombe,{1A678EC5-548B-405B-9687-06130F2BEFCA},,2008-03-20,Landslide Hazard Mapping,,60908.0,,Sandymush,,Unmodified,,Debris,,Slide,,,5196.0
1,2008-03-20,262041.816399999,220833.1171,POINT (-82.84065500037626 35.6801040001036),38.611,3.2720335,,Buncombe,{77746553-7DC5-47D1-942E-2EE13581225C},,2008-03-20,Landslide Hazard Mapping,,60906.0,,Sandymush,,Unmodified,,Debris,,Slide,,,5194.0
1,2008-03-20,268439.044200003,220470.867699999,POINT (-82.76987999985735 35.67905099982833),39.737,3.4235666,,Buncombe,{FCCC123A-F0A3-490D-90B4-113FACCA0217},,2008-03-20,Landslide Hazard Mapping,,60901.0,,Sandymush,,Road embankment,,Debris,,Slide,,,5170.0
1,2008-03-20,262010.469265547,220827.733355767,POINT (-82.84099875100044 35.68004457940266),38.611,3.2720335,,Buncombe,{6055D97C-94E2-4D04-9DD3-DEBF8A504AB2},,2008-03-20,Landslide Hazard Mapping,,60905.0,,Sandymush,,Unmodified,,Debris,,Slide,,,5193.0
1,2008-03-20,261893.869400002,220682.854699999,POINT (-82.84222400010694 35.67869899983955),38.611,3.2720335,,Buncombe,{37CA38FF-4F30-4C04-AE18-54029107D5D1},,2008-03-20,Landslide Hazard Mapping,,60909.0,,Sandymush,,Unmodified,,Earth,,Slide,,,5197.0
1,2008-03-20,261967.2764,220842.775199998,POINT (-82.84148199982927 35.68016499959671),38.611,3.2720335,,Buncombe,{8B82985F-F8FB-42E6-9801-5569F90F1D36},Extremely rapid (>5 m/sec),2008-03-20,Landslide Hazard Mapping,,60907.0,,Sandymush,,Unmodified,Flow,Debris,Debris,Slide,,,5195.0
1,2008-03-20,263835.151299998,216892.151500002,POINT (-82.81918299999697 35.645231000149025),38.086,3.2076333,,Buncombe,{2E11E81E-F9D5-472B-B481-8120CB02ECD2},,2008-03-20,Landslide Hazard Mapping,,58823.0,,Sandymush,,Unmodified,,Weathered rock,,Slide - translational,,,5178.0
1,2008-04-07,293278.329259848,200751.357855296,POINT (-82.4879852165674 35.509602348824885),20.466,3.4472337,,Buncombe,{B1152BF6-4E10-4CB2-B342-56384D38BF0D},,2008-04-07,Landslide Hazard Mapping,,60911.0,,Oteen,,Road cut,,Debris,,Slide - translational,,,5220.0
1,2008-04-07,293250.240599997,200894.171500001,POINT (-82.48834999996086 35.5108800000052),20.466,3.4472337,,Buncombe,{62A7CD23-396B-4209-82E8-1CFF54E36178},,2008-04-07,Landslide Hazard Mapping,,60910.0,,Oteen,,Road embankment,,Debris,,Slide - translational,,,5219.0
1,2008-04-07,293518.600500002,200637.643599998,POINT (-82.48529399969348 35.5086540001003),20.466,3.4472337,,Buncombe,{7E11E733-F760-4AF8-8E8D-0469FAD52336},,2008-04-07,Landslide Hazard Mapping,,60914.0,,Oteen,,Embankment - Not road related,,Debris,,Slide - translational,,,5244.0
1,2008-04-08,296790.754299998,203170.538400002,POINT (-82.45021300035464 35.532501999920456),19.01,2.8483665,,Buncombe,{F161DAC4-4742-45D1-9CB9-1AC6E7144230},,2008-04-08,Landslide Hazard Mapping,,60913.0,,Oteen,,Road cut,,Weathered rock,,Slide,,,5243.0
1,2008-04-08,296753.367700003,203157.4078,POINT (-82.45062000002213 35.532371999884695),19.01,2.8483665,,Buncombe,{ABDE7211-B481-4BB3-8DF1-12FBECA8DF0E},,2008-04-08,Landslide Hazard Mapping,,60912.0,,Oteen,,Road cut,,Weathered rock,,Slide - translational,,,5242.0
1,2008-04-17,295265.719400004,203206.709199999,POINT (-82.46703400002497 35.53234900025712),19.01,2.382733,,Buncombe,{BBA53249-2C0C-4674-B019-1F48342106B2},,2008-04-17,Landslide Hazard Mapping,,60915.0,,Oteen,,Road cut,,Debris,,Slide - translational,,,5246.0
1,2008-04-17,295505.634800002,203479.728,POINT (-82.46449499963359 35.534884000209075),19.01,2.382733,,Buncombe,{FD661C30-D6F0-4119-9AF2-0F25BB9ACDE2},,2008-04-17,Landslide Hazard Mapping,,58850.0,,Oteen,Extremely rapid (>5 m/sec),Unmodified,,Debris,,Flow,,,5649.0
1,2008-04-23,303799.397524657,221300.897550773,POINT (-82.37977558670082 35.6980030643292),15.55,2.703467,,Buncombe,{842E6D99-A00D-4538-AC30-C7ABA958CCCE},,2008-04-23,Blue Ridge Parkway,,61375.0,,Craggy Pinnacle,Very slow (>16 mm/yr),Road embankment,,Debris,,Slide,Inactive - stabilized,,201608180002.0
1,2008-05-02,296993.758400001,205369.480599999,POINT (-82.44881800039967 35.552374999858834),15.134,2.1175332,,Buncombe,{6B1CAAD3-CBA1-4564-9436-D4EF7D8A7EA9},,2008-05-02,Landslide Hazard Mapping,,59343.0,,Oteen,,Road cut,,Debris,,Slide,,,5280.0
1,2008-05-02,297318.707000002,205040.496599998,POINT (-82.4451100004146 35.54951299992057),15.134,2.1175332,,Buncombe,{B3132718-1DF6-41CD-8E45-7AA4C7CAB50D},,2008-05-02,Landslide Hazard Mapping,,59342.0,,Oteen,,Road cut,,Debris,,Slide,,,5279.0
1,2008-05-09,287462.722999997,207309.548599999,POINT (-82.55464599971513 35.56682200045419),12.34,1.0310667,,Buncombe,{CB1EA0DD-F08A-48B1-BF6C-4A973FD5022F},,2008-05-09,Landslide Hazard Mapping,,60916.0,,Asheville,,Road cut,,Weathered rock,,Slide - translational,,,5247.0
1,2008-05-12,300517.986400001,205113.4815,POINT (-82.409870999866 35.551166000398),15.407,1.6399667,,Buncombe,{784A459F-48C5-436E-924D-A0C219B9612B},,2008-05-12,Landslide Hazard Mapping,,59344.0,,Oteen,,Road cut,,Rock,,Slide - translational,,,5277.0
1,2008-05-16,301058.217699997,206489.137899999,POINT (-82.40443600024027 35.563725999631245),14.347,1.5303333,,Buncombe,{275D0049-77D2-4B59-B10C-A63C20796709},,2008-05-16,Landslide Hazard Mapping,,59345.0,,Oteen,,Road embankment,,Debris,,Slide,,,5286.0
1,2008-05-28,293909.478100002,218085.186700001,POINT (-82.48774400015228 35.665951999728854),14.617,2.2784998,,Buncombe,{1CA08478-F865-4A73-971B-6AABA62B5ED0},,2008-05-28,Landslide Hazard Mapping,,59447.0,,Craggy Pinnacle,Extremely rapid (>5 m/sec),Unmodified,,Debris,,Flow,,,5341.0
1,2008-05-28,294042.049999997,218357.054099999,POINT (-82.48638600054088 35.668442999929226),14.617,2.2784998,,Buncombe,{6821E828-7794-4160-83A0-F81853647AC7},,2008-05-28,Landslide Hazard Mapping,,59448.0,,Craggy Pinnacle,,Stream bank,,Debris,,Slide,,,5342.0
1,2008-06-10,303291.605700001,215757.0057,POINT (-82.38329599972135 35.64790499975231),15.281,2.2445,,Buncombe,{5AC855E8-928C-4317-A594-C70E3AAE9D19},,2008-06-10,Landslide Hazard Mapping,,59350.0,,Craggy Pinnacle,,Unmodified,,Debris,,Slide - translational,,,5309.0
1,2008-06-12,295407.023599997,225511.904300001,POINT (-82.47408300011112 35.73332599999616),12.499,1.7176334,,Buncombe,{AD7C2688-143C-4371-90E9-F7A9CA70E483},Extremely rapid (>5 m/sec),2008-06-12,Landslide Hazard Mapping,,58904.0,,Craggy Pinnacle,,Unmodified,Flow,Debris,Debris,Slide,,,5311.0
1,2008-06-17,296246.235799998,225194.9318,POINT (-82.46468900032801 35.73073500024228),12.66,1.7766334,,Buncombe,{F0DB6C48-1B66-4EC3-BBAA-48C09A86E45F},,2008-06-17,Landslide Hazard Mapping,,58905.0,,Craggy Pinnacle,,Road cut,,Weathered rock,,Slide - translational,,,5314.0
1,2008-06-23,302154.211199999,223446.800799999,POINT (-82.39875599979429 35.71682800009255),11.75,1.2604333,,Buncombe,{6B6CFFFD-F96F-45CF-A747-763CD9DC60D1},,2008-06-23,Landslide Hazard Mapping,,59449.0,,Craggy Pinnacle,,Road embankment,,Debris,,Slide,,,5343.0
1,2008-06-25,296269.931100003,228713.737500001,POINT (-82.4657850001956 35.762439999588324),12.66,1.3856667,,Buncombe,{65F254DD-DEDD-47B5-BBEC-723EFAC0917B},Extremely rapid (>5 m/sec),2008-06-25,Landslide Hazard Mapping,,59351.0,,Barnardsville,,Unmodified,Flow,Debris,Debris,Slide,,,5316.0
1,2008-06-25,296247.481899999,228672.003899999,POINT (-82.46601700014774 35.76205700035616),12.66,1.3856667,,Buncombe,{1DAFCDBD-573A-4A9F-ABF9-B3322D4B1176},,2008-06-25,Landslide Hazard Mapping,,59446.0,,Barnardsville,Extremely rapid (>5 m/sec),Unmodified,,Debris,,Flow,,,5317.0
1,2008-06-30,300484.553300001,233787.068399999,POINT (-82.42113700033116 35.80945799986468),18.742,1.7463,,Buncombe,{01504657-3D84-47CA-9E99-240B6418D800},,2008-06-30,Landslide Hazard Mapping,,59526.0,,Barnardsville,Extremely slow (<16 mm/yr),Unmodified,,Debris,,Slide - rotational,Inactive - dormant,,5362.0
1,2008-06-30,300827.453599997,233842.304400001,POINT (-82.41736599985306 35.81006199973679),18.742,1.7463,,Buncombe,{FF8147D4-30D3-420D-B5B0-06FB2E781C5C},,2008-06-30,Landslide Hazard Mapping,,59527.0,,Barnardsville,Extremely rapid (>5 m/sec),Unmodified,,Debris,,Flow,,,5363.0
1,2008-07-15,297406.575366076,231632.982416316,POINT (-82.45434579600585 35.78909349871144),20.496,3.0819001,,Buncombe,{DAA6C92E-A591-419D-ADEC-6D7131FDA2DA},,2008-07-15,Landslide Hazard Mapping,,59522.0,,Barnardsville,Very slow (>16 mm/yr),Unmodified,,Debris,,Slide - rotational,Active,,5369.0
1,2008-07-16,305517.819499999,232452.343800001,POINT (-82.3649740003145 35.79898500042564),14.192,2.640967,,Buncombe,{4254660D-ACB7-422F-BD86-22E23A703C5E},,2008-07-16,Landslide Hazard Mapping,,59524.0,,Mount Mitchell,,Road cut,,Debris,,Slide,,,5371.0
1,2008-07-16,305573.038800001,232459.2412,POINT (-82.36436599951116 35.79906399986693),14.192,2.640967,,Buncombe,{3D2A2D72-7231-42EB-B9DF-0260F45A8031},,2008-07-16,Landslide Hazard Mapping,,59525.0,,Mount Mitchell,,Road cut,,Debris,,Slide,,,5372.0
1,2008-07-16,305607.573600002,232509.579,POINT (-82.36400300032024 35.79952799978556),14.192,2.640967,,Buncombe,{5AA9A5FC-E404-4754-8D88-30E690C187BB},,2008-07-16,Landslide Hazard Mapping,,59528.0,,Mount Mitchell,,Road cut,,Debris,,Slide,,,5373.0
1,2008-07-16,305705.297300003,232516.479600001,POINT (-82.36292500006749 35.79961999998034),14.192,2.640967,,Buncombe,{476A55C9-1D1F-4B8D-A9A7-2843D2990F67},,2008-07-16,Landslide Hazard Mapping,,59529.0,,Mount Mitchell,,Road cut,,Debris,,Slide,,,5374.0
1,2008-07-16,306003.361599997,232649.697000001,POINT (-82.35967900044663 35.80091100014617),14.192,2.640967,,Buncombe,{D7BB6E44-9226-4C8A-9AA4-56A4AE152E5A},,2008-07-16,Landslide Hazard Mapping,,59530.0,,Mount Mitchell,,Road cut,,Debris,,Slide,,,5375.0
1,2008-07-16,305971.809299998,232479.033100002,POINT (-82.35996399984174 35.799363999886296),14.192,2.640967,,Buncombe,{EA9FA635-13F8-4EE4-9862-8CE924C5570E},,2008-07-16,Landslide Hazard Mapping,,59531.0,,Mount Mitchell,,Road cut,,Debris,,Slide,,,5376.0
1,2008-07-16,305455.534900002,232466.445099998,POINT (-82.36566799957018 35.7990929997585),14.192,2.640967,,Buncombe,{33B9CB68-E69F-4E9C-8356-EB8E86396127},,2008-07-16,Landslide Hazard Mapping,,59523.0,,Mount Mitchell,,Road cut,,Debris,,Slide,,,5370.0
1,2008-07-17,306223.857799999,232684.973200001,POINT (-82.35725400017336 35.80129600026039),14.192,2.640967,,Buncombe,{7473A2E2-CD53-402F-8F9E-8E172C17F673},,2008-07-17,Landslide Hazard Mapping,,59532.0,,Mount Mitchell,,Road cut,,Debris,,Slide,,,5377.0
1,2008-07-17,306380.304399997,232722.309300002,POINT (-82.35553800029753 35.80167999984412),14.192,2.640967,,Buncombe,{EE2845DF-FF92-44F1-86F9-D9C170DEB674},,2008-07-17,Landslide Hazard Mapping,,59533.0,,Mount Mitchell,,Road cut,,Debris,,Slide,,,5378.0
1,2008-07-21,301363.111500002,231097.4265,POINT (-82.41039900050296 35.785501999741726),19.602,2.7085996,,Buncombe,{B6F82E37-B53D-4F2A-8A82-00E83C61E887},,2008-07-21,Landslide Hazard Mapping,,60608.0,,Barnardsville,Very slow (>16 mm/yr),Cut slope - Not road related,,Debris,,Slide - rotational,Active,,5572.0
1,2008-07-21,301288.633400001,230783.271600001,POINT (-82.41110300047905 35.78264899971358),19.602,2.7085996,,Buncombe,{CAB65C5E-B6FE-4B3E-AB3E-F394BA1F76CA},,2008-07-21,Landslide Hazard Mapping,,60606.0,,Barnardsville,,Unmodified,,Debris,,Slide,,,5570.0
1,2008-07-21,301321.916000001,230854.173799999,POINT (-82.41076200052478 35.783297999908534),19.602,2.7085996,,Buncombe,{633966AD-CEF1-4180-AEA5-FDD581095A5B},,2008-07-21,Landslide Hazard Mapping,,60607.0,,Barnardsville,Very slow (>16 mm/yr),Cut slope - Not road related,,Debris,,Slide - rotational,Active,,5571.0
1,2008-08-20,270001.5929,213416.250599999,POINT (-82.74968700039172 35.61604099990962),5.583,0.7885666,,Buncombe,{5D47C727-F3CF-4B50-AFAE-D6F0E1970229},,2008-08-20,Landslide Hazard Mapping,,59242.0,,Enka,,Unmodified,,Weathered rock,,Slide - rotational,,,4519.0
1,2008-08-20,270015.888099998,213422.704599999,POINT (-82.74953200046787 35.61610399993881),5.583,0.7885666,,Buncombe,{7E06C526-318F-49B7-B1C6-9316EB6AFCF7},,2008-08-20,Landslide Hazard Mapping,,59666.0,,Enka,,Unmodified,,Weathered rock,,Slide - rotational,,,5403.0
1,2008-09-09,311107.591700003,223015.5121,POINT (-82.29969399969555 35.71566499966795),216.731,13.991067,,Buncombe,{08325343-C450-42B1-97A8-CECF0E49EFE6},Extremely rapid (>5 m/sec),2008-09-09,Landslide Hazard Mapping,,60596.0,,Montreat,,Road embankment,Flow,Debris,Debris,Slide,,,5498.0
1,2008-09-09,310987.518399999,222342.267200001,POINT (-82.30077299958087 35.70956399985875),216.731,13.991067,,Buncombe,{0803EDC5-810D-47A0-9851-8CA2747E7465},,2008-09-09,Landslide Hazard Mapping,,60594.0,,Montreat,,Road embankment,,Debris,,Slide,,,5496.0
1,2008-09-09,311743.630800001,222401.400899999,POINT (-82.29244300020157 35.71032300021922),216.731,13.991067,,Buncombe,{233732AC-0CC1-4B82-B145-B739A80B241E},,2008-09-09,Landslide Hazard Mapping,,60595.0,,Montreat,,Road embankment,,Debris,,Slide,,,5497.0
1,2008-09-12,289431.754600003,217625.019200001,POINT (-82.5369909995078 35.66037900001756),66.89,4.5368333,,Buncombe,{EBE86D25-4D58-4E8D-9246-064698439AE1},,2008-09-12,Landslide Hazard Mapping,,60598.0,,Weaverville,,Road embankment,,Debris,,Slide - translational,,,5500.0
1,2008-09-18,305738.023699999,223483.730300002,POINT (-82.35918200048087 35.71825999998273),110.538,8.814567,,Buncombe,{75BB6FB1-BC6B-4BEB-B036-64B38FCB20A0},,2008-09-18,Blue Ridge Parkway,,60601.0,,Montreat,,Road embankment,,Debris,,Slide,,,5503.0
1,2008-09-18,309751.676099966,224938.629746313,POINT (-82.315381573286 35.73258245024929),127.213,9.798833,,Buncombe,{8CDE61D5-0D78-4799-BFF2-1D2CC4567C07},,2008-09-18,Blue Ridge Parkway,,60602.0,,Montreat,Extremely rapid (>5 m/sec),Road embankment,,Debris,,Flow,,,5504.0
1,2008-09-18,310294.971100003,224583.321199998,POINT (-82.30924799958363 35.729544999601245),155.981,11.946766,,Buncombe,{8B6046B7-F692-42CA-BE14-E42AFC23E347},Extremely rapid (>5 m/sec),2008-09-18,Blue Ridge Parkway,,58892.0,,Montreat,,Unmodified,Flow,Debris,Debris,Slide,,,2296.0
1,2008-09-25,292607.376900002,221308.852899998,POINT (-82.50337399984294 35.694578000052324),61.904,4.6860337,,Buncombe,{682DD932-259B-420D-A390-4EFAB5F10AC0},,2008-09-25,Landslide Hazard Mapping,,59191.0,,Weaverville,,Road cut,,Debris,,Slide - translational,,,5506.0
1,2008-09-25,291410.435599998,221995.1741,POINT (-82.51685999983815 35.700378999873166),61.904,4.6860337,,Buncombe,{7F566468-B850-4E5F-AD19-E1D3024B7271},Extremely rapid (>5 m/sec),2008-09-25,Landslide Hazard Mapping,,59190.0,,Weaverville,,Unmodified,Flow,Debris,Debris,Slide,,,5505.0
1,2008-09-30,292418.915100001,218864.933400001,POINT (-82.50450199995367 35.67250299998824),19.832,1.9364334,,Buncombe,{2BDD6703-1F15-4EC3-A842-2E1AC369E512},,2008-09-30,Landslide Hazard Mapping,,60603.0,,Weaverville,,Road embankment,,Debris,,Slide - translational,,,5526.0
1,2008-10-01,289221.290700004,212651.340399999,POINT (-82.53735700034346 35.615507999793934),14.752,1.2918667,,Buncombe,{9515886B-2012-4BD9-86BD-C9321F075B8E},,2008-10-01,Landslide Hazard Mapping,,60604.0,,Asheville,,Road cut,,Debris,,Slide,,,5533.0
1,2008-10-07,292732.409699999,224588.732700001,POINT (-82.50327200033784 35.72416300015041),13.942,1.5251999,,Buncombe,{9B03776F-9FC1-43D3-BF4E-5CB897BECF11},Extremely rapid (>5 m/sec),2008-10-07,Landslide Hazard Mapping,,58792.0,,Weaverville,,Unmodified,Flow,Debris,Debris,Slide,,,5565.0
1,2008-10-07,292565.325000003,224533.0211,POINT (-82.5050959995774 35.72360799995174),13.942,1.5251999,,Buncombe,{08E5AF02-473B-4C73-B365-A722341E48D1},Extremely rapid (>5 m/sec),2008-10-07,Landslide Hazard Mapping,,60605.0,,Weaverville,,Unmodified,Flow,Debris,Debris,Slide,,,5562.0
1,2008-10-07,292608.238799997,224535.7238,POINT (-82.50462300037424 35.723645999720375),13.942,1.5251999,,Buncombe,{567DDA27-5F07-4F8E-A501-757E36020706},Extremely rapid (>5 m/sec),2008-10-07,Landslide Hazard Mapping,,58790.0,,Weaverville,,Unmodified,Flow,Debris,Debris,Slide,,,5563.0
1,2008-10-07,292623.145099998,224534.864300001,POINT (-82.50445800031012 35.72364299967355),13.942,1.5251999,,Buncombe,{C59A90E1-7B47-42BB-89BD-0EBF971D7A7F},Extremely rapid (>5 m/sec),2008-10-07,Landslide Hazard Mapping,,58791.0,,Weaverville,,Unmodified,Flow,Debris,Debris,Slide,,,5564.0
1,2008-10-09,294492.894299999,221449.072299998,POINT (-82.48260699970537 35.69643900002081),13.942,1.5536666,,Buncombe,{E4E6E8BE-FABA-4639-A412-801454886DB9},Extremely rapid (>5 m/sec),2008-10-09,Landslide Hazard Mapping,,60610.0,,Craggy Pinnacle,,Unmodified,Flow,Debris,Debris,Slide,,,5575.0
1,2008-10-09,294543.634923846,221202.254578511,POINT (-82.48195102783912 35.69423167433804),13.942,1.5536666,,Buncombe,{4471EE1E-99B0-407C-B622-3E7DA2886A4E},,2008-10-09,Landslide Hazard Mapping,,60611.0,,Craggy Pinnacle,Extremely rapid (>5 m/sec),Road cut,,Debris,,Flow,,,5576.0
1,2008-10-09,294492.468599997,221387.920200001,POINT (-82.48258800002128 35.69588799959266),13.942,1.5536666,,Buncombe,{7F858DCD-B9FC-4104-825E-9C3033E4F312},Extremely rapid (>5 m/sec),2008-10-09,Landslide Hazard Mapping,,60609.0,,Craggy Pinnacle,,Unmodified,Flow,Debris,Debris,Slide,,,5574.0
1,2008-10-15,315217.255199999,198839.6877,POINT (-82.24556199965792 35.499086000313305),57.552,3.0855331,,Buncombe,{2D19FBA9-97A8-4642-AF94-BB1E65602E50},,2008-10-15,Landslide Hazard Mapping,,60612.0,,Lake Lure,,Road embankment,,Debris,,Slide - translational,,,5577.0
1,2008-10-16,273955.661906714,199308.350719446,POINT (-82.70026523180641 35.49029857107743),7.809,0.65753335,,Buncombe,{5A74E0AE-8DE5-421D-8102-DD738651ECF0},,2008-10-16,Geohazards,,61424.0,,Dunsmore Mtn,,Road embankment,,Debris,,Flow,Inactive,,201707060001.0
1,2008-10-16,274029.764899999,199395.889199998,POINT (-82.69948500049397 35.491112000327085),7.809,0.65753335,,Buncombe,{F20F40B0-8CA6-4FE7-AB39-2CC977564B8F},,2008-10-16,Landslide Hazard Mapping,,60614.0,,Dunsmore Mountain,Extremely rapid (>5 m/sec),Unmodified,,Debris,,Flow,,,5588.0
1,2008-10-21,310942.372097208,214897.208799311,POINT (-82.29853817753495 35.64247982630454),61.987,2.974733,,Buncombe,{D63BB609-0530-4CA2-B072-E9558AB51026},,2008-10-21,Landslide Hazard Mapping,,58907.0,,Montreat,,Cut slope - Not road related,,Weathered rock,,Slide,,,5298.0
1,2008-10-21,310898.594400004,215010.795499999,POINT (-82.29906300046055 35.64348999986735),61.987,2.974733,,Buncombe,{316C7DA0-E7D2-4DFE-BC26-B72670C47358},,2008-10-21,Landslide Hazard Mapping,,58906.0,,Montreat,,Cut slope - Not road related,,Rock,,Slide,,,5297.0
1,2008-10-21,308926.512699999,214992.545600001,POINT (-82.32082100021084 35.64273299964513),49.143,2.4278333,,Buncombe,{775B6499-0609-4AC5-86E0-10EA5C8D0B29},,2008-10-21,Landslide Hazard Mapping,,57991.0,,Montreat,Extremely rapid (>5 m/sec),Unmodified,,Debris,,Flow,,,358.0
1,2008-10-21,309236.451200001,214885.717500001,POINT (-82.31736100028203 35.64186399981263),49.143,2.4278333,,Buncombe,{9A002E87-2A58-4C04-9355-A1362C8555FB},,2008-10-21,Landslide Hazard Mapping,,58910.0,,Montreat,Extremely rapid (>5 m/sec),Road embankment,,Debris,,Flow,,,5301.0
1,2008-10-22,312896.266000003,204623.284699999,POINT (-82.27323399961595 35.55050500040571),60.58,2.9513667,,Buncombe,{EB074877-BE10-4A0C-91EF-E04957FD0105},,2008-10-22,Landslide Hazard Mapping,,60619.0,,Black Mountain,Extremely rapid (>5 m/sec),Unmodified,,Debris,,Flow,,,5604.0
1,2008-10-22,312917.055699997,204596.292300001,POINT (-82.27299500049887 35.55026799985682),60.58,2.9513667,,Buncombe,{BE32A648-F038-420D-B81F-310147D41C9E},,2008-10-22,Landslide Hazard Mapping,,60618.0,,Black Mountain,Extremely rapid (>5 m/sec),Unmodified,,Debris,,Flow,,,5603.0
1,2008-10-23,277934.0942,217050.397700001,POINT (-82.6636609995184 35.651445000284596),12.499,0.8593999,,Buncombe,{BA7BDA0E-5492-4D83-A7BF-9DB46FC0BBB2},,2008-10-23,Landslide Hazard Mapping,,58080.0,,Leicester,,Road cut,,Rock,,Slide - translational,,,453.0
1,2008-10-29,309313.1796,209293.983899999,POINT (-82.31445299970471 35.59151200037527),24.973,1.6195666,,Buncombe,{8E54F170-C8F2-41BF-B2BA-B840B7BD0C55},,2008-10-29,Landslide Hazard Mapping,,58776.0,,Black Mountain,,Stream bank,,Debris,,Slide - translational,,,5627.0
1,2008-10-29,309325.902800001,209349.170499999,POINT (-82.31433300006891 35.592013000299154),24.973,1.6195666,,Buncombe,{417BB890-09DD-40D8-AEFF-525B99D5FA1F},,2008-10-29,Landslide Hazard Mapping,,58775.0,,Black Mountain,,Stream bank,,Debris,,Slide - translational,,,5626.0
1,2008-10-29,316836.361500002,201486.9593,POINT (-82.22867299946621 35.52341200009303),40.547,2.4954,,Buncombe,{5997E835-6433-467E-8893-5C740908652A},,2008-10-29,Landslide Hazard Mapping,,58774.0,,Moffitt Hill,Extremely rapid (>5 m/sec),Unmodified,,Debris,,Flow,,,5625.0
1,2008-10-30,270568.828599997,209322.791000001,POINT (-82.74172700019832 35.57936199982797),14.179,1.1723,,Buncombe,{1A6DA099-D9A9-4AE9-AEAF-70241A993909},,2008-10-30,Landslide Hazard Mapping,,58780.0,,Enka,Extremely rapid (>5 m/sec),Unmodified,,Debris,,Flow,,,5631.0
1,2008-10-30,270577.793399997,209363.307500001,POINT (-82.74164500013376 35.57973000008611),14.179,1.1723,,Buncombe,{659D2F99-FB13-4067-ADD8-BA3FED96D441},,2008-10-30,Landslide Hazard Mapping,,58779.0,,Enka,Extremely rapid (>5 m/sec),Unmodified,,Debris,,Flow,,,5630.0
1,2008-10-30,270295.457400002,209747.645,POINT (-82.74491800029604 35.58309599969625),14.179,1.1723,,Buncombe,{250DD2EF-27D3-411F-853B-C6FBDFD3749A},,2008-10-30,Landslide Hazard Mapping,,58781.0,,Enka,,Road cut,,Debris,,Slide - translational,,,5632.0
1,2008-11-05,294057.405500002,219095.731699999,POINT (-82.48650299986443 35.6751020004339),13.505,0.9422334,,Buncombe,{5A76F205-C366-4D9E-9F58-CBB3161CE174},,2008-11-05,Landslide Hazard Mapping,,57994.0,,Craggy Pinnacle,,Cut slope - Not road related,,Debris,,Slide - rotational,,,360.0
1,2008-11-05,293947.124600001,219200.0715,POINT (-82.48776100027808 35.67600699957866),13.505,0.9422334,,Buncombe,{044DC650-8966-40B0-BF8D-23D1AB7B9D2C},,2008-11-05,Landslide Hazard Mapping,,58232.0,,Craggy Pinnacle,,Unmodified,,Debris,,Slide - translational,,,369.0
1,2008-11-05,293920.939599998,219107.077100001,POINT (-82.48801399964616 35.675160999612025),13.505,0.9422334,,Buncombe,{9DABBEC1-A4C8-4B9D-B43A-E7EC540DEA5E},,2008-11-05,Landslide Hazard Mapping,,58231.0,,Craggy Pinnacle,,Unmodified,,Debris,,Slide - rotational,,,368.0
1,2008-12-18,302944.310900003,231811.638799999,POINT (-82.39318799981837 35.79242399983059),35.817,3.9177666,,Buncombe,{A006AA0A-6B85-40BF-82B0-8DF8E5EEBC45},,2008-12-18,Landslide Hazard Mapping,,59241.0,,Barnardsville,,Unmodified,,Debris,,Slide - rotational,,,4518.0
1,2009-04-23,277523.506399997,196775.540100001,POINT (-82.65993900012623 35.46867499982591),32.091,5.362767,,Buncombe,{B80664F5-4368-40C7-B867-552B235A7E1D},,2009-04-23,Landslide Hazard Mapping,,59230.0,,Dunsmore Mountain,,Stream bank,,Debris,,Slide,,,5324.0
1,2009-09-01,291331.167599998,211088.996599998,POINT (-82.5134708124695 35.60210932776315),19.69,4.1692667,,Buncombe,{EF81AEA3-9C0F-4877-ABFA-5135EE968D52},,2009-09-01,Landslide Hazard Mapping,,60918.0,,Asheville,Extremely rapid (>5 m/sec),Road cut,,Weathered rock,,Slide - translational,Suspended,,6058.0
1,2010-02-24,289250.20949911,210730.500303959,POINT (-82.53628279616125 35.59821400429776),38.614,4.858367,,Buncombe,{12805D41-13F8-4FD8-8BDA-C4FE191833D1},,2010-02-24,Landslide Hazard Mapping,,61048.0,,Asheville,Extremely rapid (>5 m/sec),Cut slope - Not road related,,Weathered rock,,Slide - translational,Inactive,,201002241001.0
1,2010-10-07,307462.915063701,205234.960509667,POINT (-82.33335631570942 35.55438618596029),26.511,3.2007668,,Buncombe,{ACB055E1-C881-4FA8-88D7-4D19B2ED0264},,2010-10-07,Landslide Hazard Mapping,,60926.0,,,Extremely rapid (>5 m/sec),Road embankment,,Debris,,Flow,Inactive,,201010071001.0
1,2011-02-21 00:00:00,267626.133400001,210050.288600001,POINT (-82.77447800049217 35.58491099995009),23.509,1.5843666,,Buncombe,{D877E75A-6F14-45A7-BB24-A5BF1FB84CCA},,2011-02-21,Landslide Hazard Mapping,,59140.0,4.0,Canton,Extremely rapid (>5 m/sec),Embankment - Not road related,,Debris,,Flow,Inactive,,5049.0
1,2012-10-04 00:00:00,280637.656781739,211981.6408623,POINT (-82.63177618930116 35.606682100081116),46.585,4.4644003,,Buncombe,{9959B948-6034-420C-A2DF-88E1692370B1},,2012-10-04,Geohazards,,61401.0,,Enka,Very rapid (>3 m/min),Embankment - Not road related,,Debris,,Flow,Inactive,,201609270001.0
1,2013-01-14 17:00:00,317829.703805999,202407.266679175,POINT (-82.21805479259582 35.53199405539515),55.185,5.1649003,,Buncombe,{C2664535-9163-4EE6-ADFE-C254AA9CD5A2},,2014-12-14,Geohazards,,61334.0,,Moffitt Hill,Extremely rapid (>5 m/sec),Road embankment,,Debris,,Flow,Inactive,2013-01-14 17:00:00,201412140001.0
1,2013-03-23 00:00:00,300433.077336856,215234.540436716,POINT (-82.41464622888672 35.64231630544611),26.775,3.5119002,,Buncombe,{18196DDF-2195-4A28-806D-79A79454F016},,2013-03-23,Geohazards,,61473.0,,Craggy Pinnacle,Rapid (>1.8 m/hr),Cut slope - Not road related,,Debris,,Slide,Active,,20180323001.0
1,2013-05-06 00:00:00,293926.645089061,218928.110342857,POINT (-82.48788156120467 35.67355064361002),58.44,5.8757,,Buncombe,{9DEBDDF6-92EA-4551-A15C-C4A2D28E1C77},,2013-05-06,Geohazards,,61228.0,,Craggy Pinnacle,Slow (>1.6 m/yr),Cut slope - Not road related,,Debris,,Slide,Active,,201305060001.0
1,2013-07-02 00:00:00,280448.375807977,211973.085958389,POINT (-82.63386054040524 35.60654261513876),49.718,5.2220335,,Buncombe,{21A8CBE2-13CB-41CE-8261-2B24F739DC5F},,2013-07-02,Landslide Hazard Mapping,,61340.0,,Enka,Very slow (>16 mm/yr),Road embankment,,Debris,,Slide,Active,,201307020001.0
1,2013-07-02 00:00:00,280634.130680968,212007.546965286,POINT (-82.63182554182133 35.60691429640329),49.718,5.2220335,,Buncombe,{5078FB7E-A157-4488-98DE-D5BB72E77F22},,2013-07-02,Geohazards,,61342.0,,Enka,Very slow (>16 mm/yr),Road embankment,,Debris,,Slide,Active,,201307020003.0
1,2013-07-02 00:00:00,280554.553510682,211977.871437984,POINT (-82.63269131316646 35.60662074314807),49.718,5.2220335,,Buncombe,{597AF764-E7EB-4B05-87E2-6726C103F14A},,2013-07-02,Geohazards,,61341.0,,Enka,Very slow (>16 mm/yr),Road embankment,,Debris,,Slide,Inactive,,201307020002.0
1,2013-07-04 05:00:00,288973.226063689,212937.465280502,POINT (-82.54020620866098 35.61800576357834),53.966,5.8908334,,Buncombe,{D5FC4294-5F4E-43CB-86C8-5088A78683F4},,2014-01-17,Geohazards,,61170.0,,Asheville,,Embankment - Not road related,,Debris,,Slide,Active,2013-07-04 05:00:00,201401170001.0
1,2013-07-04 05:00:00,289502.618598251,211942.336551483,POINT (-82.53397488400125 35.609211469341794),53.966,5.8908334,,Buncombe,{55BDD401-AD50-4701-A941-706FEDAEAB93},,2014-02-28,Geohazards,,61225.0,,Asheville,,Road embankment,,Debris,,Slide,Inactive,2013-07-04 05:00:00,201402280001.0
1,2013-07-04 06:00:00,288837.146417919,211534.740561249,POINT (-82.54115519707433 35.60532605529639),53.966,5.8908334,,Buncombe,{4EEE75D0-86AB-462F-9C9E-445ADE3FF7ED},,2017-10-23,Geohazards,,61447.0,,Asheville,Very rapid (>3 m/min),Road cut,,Debris,,Slide,Inactive - stabilized,2013-07-04 06:00:00,201710030002.0
1,2013-07-04 06:00:00,289198.416981483,213476.88681042,POINT (-82.53793405324019 35.622937300077496),53.966,5.8908334,,Buncombe,{605C59E4-86E7-4202-A8A5-E1D22F4E2138},,2014-01-13,Geohazards,,61201.0,,Asheville,,Road unspecified,,Debris,,Slide,Inactive,2013-07-04 06:00:00,201401140001.0
1,2013-07-04 06:00:00,290033.180985856,213554.268133497,POINT (-82.52875460192115 35.6239021257388),53.966,5.8908334,,Buncombe,{AB5BEA59-A923-42FD-83E1-C71F89D47EBC},,2014-06-03,Geohazards,,61233.0,,Asheville,Extremely rapid (>5 m/sec),Road embankment,Flow,Debris,,Slide,Inactive,2013-07-04 06:00:00,201406030001.0
1,2013-07-20 00:00:00,296363.17060871,217577.442939315,POINT (-82.46046232686841 35.662151980709965),67.301,13.816365,,Buncombe,{D75ED673-95F6-4547-9F84-9072DE93C446},,2013-07-20,Geohazards,,61297.0,,Craggy Pinnacle,Slow (>1.6 m/yr),Road embankment,,Debris,,Slide,Inactive - stabilized,,201307200001.0
1,2013-07-24 00:00:00,289953.6219576,216541.148534473,POINT (-82.53080496796575 35.650782838787364),67.208,12.762832,,Buncombe,{A41F4D13-D2CB-48CE-BA19-0456FFFBDACD},,2013-07-24,Geohazards,,61171.0,,Weaverville,Moderate (>13 m/mo),Embankment - Not road related,,Debris,,Slide,Active,,201307240001.0
1,2013-09-16 00:00:00,296868.064842677,195664.656992986,POINT (-82.44648787870791 35.464907841474336),20.802,2.4881334,,Buncombe,{3D73426C-8CEA-4D86-8DB1-DFA860053CDF},,2013-09-16,Geohazards,,61175.0,,Fruitland,Moderate (>13 m/mo),Embankment - Not road related,,Debris,,Slide,Inactive,,201309160001.0
1,2014-01-14 00:00:00,306789.103904331,213076.721157,POINT (-82.34369751623846 35.624827198895794),60.402,5.3078337,,Buncombe,{2D0D0E2C-4D51-42FF-B23D-2C09248B0102},,2014-01-14,Geohazards,,61298.0,,Black Mountain,Moderate (>13 m/mo),Road cut,,Rock,,Slide - translational,Active,,201401140001.0
1,2014-01-17 00:00:00,287742.409192344,206925.190331828,POINT (-82.55141076316455 35.563449826433555),62.019,4.213633,,Buncombe,{8F3B38D6-4208-4BA2-B214-5FD46722671D},,2014-01-17,Geohazards,,61202.0,,Asheville,,Road embankment,,Debris,,Slide,Inactive,,201401170001.0
1,2014-05-28 00:00:00,297239.724804215,205872.07921578,POINT (-82.44629899613575 35.55697969079055),36.871,3.4730997,,Buncombe,{8AB1054B-D4D3-4EF6-ABA6-60769EB186C6},,2014-05-28,Geohazards,,61295.0,,Oteen,,Road embankment,,,,,Inactive,,201405280001.0
1,2014-09-08 00:00:00,290811.318942589,197392.759144607,POINT (-82.5138551196126 35.47856211196587),50.805,4.4411674,,Buncombe,{2416CCE1-45F4-413F-BB91-E7253FB85D11},Slow (>1.6 m/yr),2014-09-08,Geohazards,,61239.0,,Skyland,Slow (>1.6 m/yr),Road embankment,,Debris,,Slide,Active,,201409080001.0
1,2014-10-16 00:00:00,310539.275415073,214996.970440267,POINT (-82.30302354400314 35.64325777075298),81.804,5.7768,,Buncombe,{F8B16AAF-E752-43B2-A2E9-937305EA656E},,2014-10-16,Geohazards,,61242.0,,Montreat,,Road cut,,Debris,,Slide,Active,,201410160002.0
1,2014-10-16 00:00:00,310560.06209074,215001.945029316,POINT (-82.30279595990102 35.643308818866906),81.804,5.7768,,Buncombe,{AE6FA000-C7C3-4744-92D7-0E764FBDE15F},,2014-10-16,Geohazards,,61241.0,,Montreat,Very rapid (>3 m/min),Road cut,,Debris,,Slide,Active,,201410160001.0
1,2014-10-28 00:00:00,288147.520167142,217764.642080676,POINT (-82.55122133229372 35.661223539380956),45.652,2.8206,,Buncombe,{0C6F130D-0ADA-425C-8E8F-B096F10A8DF0},,2014-10-28,Geohazards,,61243.0,,Weaverville,,Road embankment,,Debris,,Slide,Inactive,,201410280001.0
1,2015-02-13 00:00:00,295650.565448852,205041.559850009,POINT (-82.46349850564542 35.54899945178247),17.146,1.1457001,,Buncombe,{F0E9D672-369B-4508-8C9E-E27890DC27DD},,2015-02-13,Geohazards,,61296.0,,Oteen,,Embankment - Not road related,,,,,Inactive,,201502130001.0
1,2015-05-07 00:00:00,303781.856570284,221104.758869666,POINT (-82.3798955244722 35.696230777525244),40.312,5.39,,Buncombe,{D204A8CF-4CA1-4464-97CB-9FB7BEFCB006},,2015-05-07,Geohazards,,61300.0,,Craggy Pinnacle,Extremely rapid (>5 m/sec),Road cut,,Rock,,Slide,Inactive,,201505070001.0
1,2015-07-24 00:00:00,312480.833740239,213591.93757447,POINT (-82.28108273380991 35.63118027704737),20.55,1.9271,,Buncombe,{F3455B93-B170-4611-A543-6AAFDCCBA58C},,2015-07-24,Geohazards,,61310.0,,Montreat,,Cut slope - Not road related,,Debris,,Slide,Active,,201507240001.0
1,2015-08-28 00:00:00,306860.883000348,220426.471881404,POINT (-82.34563967127306 35.69106038624281),17.125,2.6224668,,Buncombe,{14BB0023-7434-4785-A4C8-25F9C758A5BC},,2015-08-28,Geohazards,,61416.0,,Montreat,Extremely rapid (>5 m/sec),Unmodified,,Rock,,Fall,Inactive,,201508280001.0
1,2016-07-26 00:00:00,292604.333234648,217420.831043785,POINT (-82.50189241609799 35.659553289777634),17.39,3.663333,,Buncombe,{F111D167-858C-43D5-B30E-AEA2552F5AFD},,2016-07-26,Geohazards,,61350.0,,Weaverville,Slow (>1.6 m/yr),Road cut,,Debris,,Slide,Inactive,,201607260001.0
1,2016-07-26 00:00:00,292596.367036019,217438.976273995,POINT (-82.50198741487904 35.65971421240318),17.39,3.663333,,Buncombe,{0533AC06-C8A2-479B-9523-0C0C7AF89FDA},,2016-07-26,Geohazards,,61351.0,,Weaverville,Very slow (>16 mm/yr),Cut slope - Not road related,,Debris,,Slide,Suspended,,201607260002.0
1,2016-09-19 00:00:00,313201.622075155,212522.026916107,POINT (-82.27273951046361 35.6217559410136),32.873,2.628167,,Buncombe,{E3914650-C631-460F-8AB9-2638CD69F97F},,2016-09-19,Geohazards,,61389.0,21.0,Black Mountain,Extremely rapid (>5 m/sec),Cut slope - Not road related,,Rock,,Fall,Inactive,,201609190002.0
1,2016-10-28 00:00:00,291234.192937792,198131.446886083,POINT (-82.50948561398813 35.48535143513396),6.262,0.29503337,,Buncombe,{FC7C4A9B-13EC-47CD-8F75-93F787EAAE91},,2016-10-28,Geohazards,,61414.0,,Skyland,Very slow (>16 mm/yr),Embankment - Not road related,,Debris,,Slide,Active,,201610280002.0
1,2017-03-31,282443.089345855,221376.021416519,POINT (-82.61563760732552 35.69189863839584),18.681,2.6923335,,Buncombe,{86BCC534-9FF6-4ED0-9429-04825F576CDD},,2017-03-31,Geohazards,,61419.0,,Weaverville,Extremely rapid (>5 m/sec),Road cut,,Rock,,Slide,Inactive,,201703310001.0
1,2017-04-02,295569.701691854,208980.027407448,POINT (-82.46590622992625 35.58445374742437),39.206,3.2393,,Buncombe,{74F29166-0AF7-4604-A74F-785EBA954B15},,2017-04-02,Geohazards,,61420.0,,Oteen,Very slow (>16 mm/yr),Road embankment,,Debris,,Slide,Inactive,,20704030001.0
1,2017-09-01,296036.679276733,219674.888286467,POINT (-82.46487470755633 35.68094367302426),23.468,3.2715998,,Buncombe,{A9487F5D-E4E4-45F2-A677-E7B6845D9646},,2017-09-01,Geohazards,,61432.0,,Craggy Pinnacle,,Unmodified,,Debris,,Slide,Inactive,,20170901001.0
1,2017-09-01,296039.343023068,219554.092170911,POINT (-82.46479872821526 35.67985635227031),23.468,3.2715998,,Buncombe,{8CB674FE-B65A-4DDD-B1B8-313D6B823F71},,2017-09-01,Geohazards,,61433.0,,Craggy Pinnacle,,Unmodified,,Debris,,Slide,Inactive,,20170901002.0
1,2017-09-01,294105.708358786,219387.756904371,POINT (-82.48608299500218 35.677747899811294),22.814,3.0453668,,Buncombe,{4F04E205-D3C9-4AC7-BBD3-7CCC363A077C},,2017-09-01,Geohazards,,61434.0,,Craggy Pinnacle,,Unmodified,,Debris,,Slide,Inactive,,20170901003.0
1,2017-09-15,288113.294022767,194002.916225691,POINT (-82.54223620008932 35.44716040953078),34.826,5.083134,,Buncombe,{58CC4DCA-26F1-4985-A0F9-8CC1F1C809AE},Slow (>1.6 m/yr),2017-09-15,Geohazards,,61441.0,,Skyland,Slow (>1.6 m/yr),Embankment - Not road related,,Earth,Debris,Slide,Active,,20170915001.0
1,2017-10-23,288838.666378573,211483.357881119,POINT (-82.54111820515628 35.60486367978466),39.008,2.1459334,,Buncombe,{1F0D013D-3315-4F75-B038-DA19363E83C3},,2017-10-23,Geohazards,,61446.0,,Asheville,Very rapid (>3 m/min),Road embankment,Flow,Debris,,Slide,Active,,20171023001.0
1,2018-02-10,287847.005825425,209499.271973898,POINT (-82.55127325730821 35.58667142674762),43.239,3.5708666,,Buncombe,{22C6394A-B063-4307-A29F-5AC54E208891},,2018-02-10,Geohazards,,61450.0,,Asheville,Very rapid (>3 m/min),Cut slope - Not road related,,Weathered rock,,Slide,Active,,20180210001.0
1,2018-03-23,300448.110850436,215248.331511158,POINT (-82.41448555731766 35.64244520226015),23.817,2.6160998,,Buncombe,{09696E3E-965C-47B9-8CC1-3770440C169C},,2018-03-23,Geohazards,,61472.0,,Craggy Pinnacle,,Road embankment,,Debris,,Slide,Inactive - stabilized,,20180323002.0
1,2018-04-02,286342.506832667,217385.879981303,POINT (-82.57099439484539 35.65722813497842),14.596,1.8115333,,Buncombe,{ACB8DFF5-A8B6-4522-8038-C96C5718493E},,2018-04-02,Landslide Hazard Mapping,,61477.0,,Weaverville,Rapid (>1.8 m/hr),Stream bank,,Debris,,Slide,Inactive,,20180402001.0
1,2019-01-17,306762.921053431,212977.261082992,POINT (-82.34394943156606 35.62392323998225),72.964,7.294767,,Buncombe,{00492D3C-3555-46BD-84C6-B835B8384628},,2019-01-17,Landslide Hazard Mapping,,61548.0,,Black Mountain,Rapid (>1.8 m/hr),Embankment - Not road related,,Debris,,Slide,Inactive,,20190117003.0
1,2019-01-17,306775.181431158,212935.868248097,POINT (-82.34379876475468 35.62355406422016),72.964,7.294767,,Buncombe,{A26D03E9-DCDA-41AE-A470-5EEE11CC4CB7},,2019-01-17,Landslide Hazard Mapping,,61549.0,,Black Mountain,Rapid (>1.8 m/hr),Embankment - Not road related,,Debris,,Slide,Active,,20190117002.0
1,2020-05-06,293557.550775355,209830.543391962,POINT (-82.48842546904787 35.59148037854059),57.599,5.1942673,,Buncombe,{99453A01-9D45-4EED-A4DD-C075E95F3D41},,2020-05-06,Landslide Hazard Mapping,,78695.0,,Oteen,,Embankment - Not road related,,Earth,,Slide,Inactive,,202005060501.0
1,2021-07-28,288614.446705812,208598.819395579,POINT (-82.54245553425638 35.57880707288175),27.845,5.069223,,Buncombe,{EABECD75-D132-4284-B222-F46C05BAE719},,2021-07-28,Landslide Hazard Mapping,,114247.0,,,,,,Debris,,Slide,Active,,202107280505.0
1,2021-08-24,291053.663153864,197796.478391123,POINT (-82.51134345129995 35.482276319994504),77.8573,9.66791,,Buncombe,{691D4CC2-5E9D-428E-A147-332FEAD93458},,2021-08-24,Landslide Hazard Mapping,,115169.0,,,,,,Debris,,Composite,,,202108240512.0
1,2021-08-24,291138.594573726,197990.153778474,POINT (-82.51048349846938 35.484048125866906),77.8573,9.66791,,Buncombe,{EBD86E53-50AF-4FD0-BCBC-8A2825ECB3E4},,2021-08-24,Landslide Hazard Mapping,,115168.0,,,,,,Debris,,Composite,,,202108240515.0
1,2021-08-24,291104.463255464,197895.697339561,POINT (-82.51082261326901 35.48318633191804),77.8573,9.66791,,Buncombe,{28083088-AFA1-463B-BF56-C1E97758E94B},,2021-08-24,Landslide Hazard Mapping,,115167.0,,,,,,Debris,,Composite,,,202108240514.0
1,2021-08-24,291056.044408626,197673.44689506,POINT (-82.51126927565198 35.48116874324858),77.8573,9.66791,,Buncombe,{B15A2A55-6109-4150-9F55-B80DBEE4969F},,2021-08-24,Landslide Hazard Mapping,,115165.0,,,,,,Debris,,Composite,,,202108240512.0
1,2021-08-24,291090.595984256,197467.814673878,POINT (-82.51080860767581 35.47932730692502),77.8573,9.66791,,Buncombe,{B6887BEF-3586-4FC1-8BA1-70C86A188B25},,2021-08-24,Landslide Hazard Mapping,,115164.0,,,,Road cut,,Debris,,Slide,Inactive,,202108240510.0
1,2021-08-24,291121.925790389,197742.503283173,POINT (-82.51057058935005 35.48181184067208),77.8573,9.66791,,Buncombe,{6F22756B-E31E-4596-9F70-29B9C75F21B2},,2021-08-24,Landslide Hazard Mapping,,115166.0,,,,,,Debris,,Composite,,,202108240513.0
1,2021-08-24,291106.557806895,197498.326182345,POINT (-82.5106447025712 35.47960725910572),77.8573,9.66791,,Buncombe,{5872EBDE-95BD-440B-8841-F1CEAE4CF01A},,2021-08-24,Landslide Hazard Mapping,,115162.0,,,,Road cut,,Debris,,Slide,Inactive,,202108240508.0
1,2021-08-24,290848.75334404,197346.177101562,POINT (-82.51342467949465 35.478154416291964),71.9235,8.784023,,Buncombe,{C5228436-BFC0-4FFA-AE14-F25381FCE6A3},,2021-08-24,Landslide Hazard Mapping,,115161.0,,,,Road embankment,,Debris,,Slide - rotational,Suspended,,202108240505.0
1,2021-08-24,290949.378779659,197448.488771794,POINT (-82.51235635309878 35.4791081881248),71.9235,8.784023,,Buncombe,{2960580A-BA89-44D3-877A-B2A9D47E782E},,2021-08-24,Landslide Hazard Mapping,,115159.0,,,,Road embankment,,Debris,,Slide,Suspended,,202108240502.0
1,2021-08-24,291100.355316782,197472.779558992,POINT (-82.51070305891241 35.479375143952595),77.8573,9.66791,,Buncombe,{4ED2764B-E3D1-49FA-8D96-316283F35E90},,2021-08-24,Landslide Hazard Mapping,,115163.0,,,,Road cut,,Debris,,Slide,Inactive,,202108240509.0
1,2021-08-26,291107.521993679,197546.187482795,POINT (-82.51065273264528 35.48003872779566),77.8573,9.575246,,Buncombe,{C86C6EF4-3B93-4BA0-BE15-95C2708F94BD},,2021-08-26,Landslide Hazard Mapping,,115160.0,,,,,,,,Slide,Suspended,,202108240503.0
1,2021-08-31,300721.040299028,211913.273796808,POINT (-82.41020865068984 35.61248579125426),116.5676,8.649146,,Buncombe,{7769BE11-9757-42B7-9D98-C1E3608D9A42},,2021-08-31,Landslide Hazard Mapping,,116005.0,,,,Unmodified,,Debris,,Slide,Active,,202108310502.0
1,2021-08-31,300912.878914493,212137.614985203,POINT (-82.40817731301715 35.61456615908574),116.5676,8.649146,,Buncombe,{0C15656D-7881-45B5-9DB5-A23D19C6D1BD},,2021-08-31,Landslide Hazard Mapping,,116006.0,,,,,,Debris,,Slide,Inactive,,202108310503.0
1,2021-08-31,302335.574520566,211995.426615799,POINT (-82.39242819169795 35.613724416523084),126.9376,9.440726,,Buncombe,{E47230CA-7C78-4224-840B-2D6C55E7E364},,2021-08-31,Landslide Hazard Mapping,,116007.0,,,,Road unspecified,,Debris,,Slide,Inactive,,202108310506.0
1,2021-08-31,299753.839430067,212970.638665523,POINT (-82.421280819444 35.621711185802575),116.5676,8.649146,,Buncombe,{295792FE-55C7-491B-A925-D15DE4FDA125},,2021-08-31,Landslide Hazard Mapping,,116008.0,,,,Road cut,,Debris,,Slide,Active,,202108310512.0
1,2021-08-31,299987.524743841,213225.981232492,POINT (-82.41879960899777 35.624083998538474),116.5676,8.649146,,Buncombe,{F714E7AC-81A8-4CBB-93BC-88560A7C33A4},,2021-08-31,Landslide Hazard Mapping,,116009.0,,,,Road cut,,Debris,,Slide,Inactive,,202108310514.0
1,2021-08-31,302983.348770287,212844.920917165,POINT (-82.38560160614956 35.62157649156314),126.9376,9.440726,,Buncombe,{66E885B9-5C99-444B-B8B4-5C07FE098625},,2021-08-31,Landslide Hazard Mapping,,116010.0,,,,Road cut,,Debris,,Slide,Active,,202108310516.0
1,2021-08-31,302687.353762656,212849.75516572,POINT (-82.38886919672173 35.62152902123545),126.9376,9.440726,,Buncombe,{087C5735-5435-4E67-B22E-7E64ADD4F59E},,2021-08-31,Landslide Hazard Mapping,,116011.0,,,,Unmodified,,Debris,,Slide,,,202108310518.0
1,2021-09-13,302454.781943289,211564.884411639,POINT (-82.39095077160103 35.609882525760696),126.9376,11.90334,,Buncombe,{55068D9B-3BF0-4295-A609-2EF84AC6C079},,2021-09-13,Landslide Hazard Mapping,,116012.0,,,,Road embankment,,Debris,,,Inactive,,202109130501.0
1,2021-10-08,285378.175106226,210101.916417347,POINT (-82.57873846937744 35.59130111563083),68.8832,4.0054197,,Buncombe,{33993078-EDBD-46F6-AAE5-CB538C092EA5},,2021-10-08,Landslide Hazard Mapping,,116435.0,,,,Road embankment,,Weathered rock,,Slide,Active,,202111080502.0
1,2021-12-30,271912.537071358,205305.564512294,POINT (-82.72524813939887 35.5436316979526),11.5962,0.71207327,,Buncombe,{EAD26B44-ADC7-47CA-A74B-01F328547ABB},,2021-12-30,Landslide Hazard Mapping,,118877.0,,,,Road cut,,Debris,,Slide,,,202112300506.0
0,2018-11-07 00:58:32,295977.8373816837,197386.61687492783,POINT (-82.4569513272791 35.48014159925555),66.73,6.256233,,,,,,,,,,,,,,,,,,,
0,2020-08-21 06:29:10,262297.38010475505,216006.24890743507,POINT (-82.83577377877184 35.63671726755446),27.62,6.5280004,,,,,,,,,,,,,,,,,,,
0,2021-04-23 23:05:49,296696.535899024,209154.00583584773,POINT (-82.4535463993798 35.586374953619455),71.489,4.74888,,,,,,,,,,,,,,,,,,,
0,2021-02-15 05:37:56,283780.0800445007,217134.0081634361,POINT (-82.59917563125322 35.65412533889618),19.9672,2.6129,,,,,,,,,,,,,,,,,,,
0,2019-02-06 01:44:00,284811.34456544067,218008.98112675853,POINT (-82.58814293094781 35.662343414048046),18.542,1.6483333,,,,,,,,,,,,,,,,,,,
0,2020-08-29 13:59:50,291305.7860813208,218032.6655896626,POINT (-82.51646493327748 35.664651100416755),37.541,6.9997,,,,,,,,,,,,,,,,,,,
0,2021-08-24 02:27:05,281199.8460000024,195284.1229707344,POINT (-82.61885797811759 35.45645472216802),110.217995,9.177709,,,,,,,,,,,,,,,,,,,
0,2019-02-02 09:57:43,262203.8620233211,220999.52141356491,POINT (-82.83893719871095 35.6816592826146),21.5,3.2020998,,,,,,,,,,,,,,,,,,,
0,2019-05-24 07:01:11,308883.7073431237,225747.69264348512,POINT (-82.3252709211942 35.739609283416236),38.141,4.4490333,,,,,,,,,,,,,,,,,,,
0,2021-01-21 06:30:51,296281.110349306,224787.33184031633,POINT (-82.46414651020743 35.72707426969258),35.762,2.4001234,,,,,,,,,,,,,,,,,,,
0,2020-08-29 10:11:03,296343.7659014195,232482.75778697917,POINT (-82.46642413763628 35.796414350627096),25.034,5.2078004,,,,,,,,,,,,,,,,,,,
0,2021-11-10 13:14:32,301681.4397773922,196382.0375348777,POINT (-82.39375370957899 35.472865193995645),18.854599,0.9939833,,,,,,,,,,,,,,,,,,,
0,2017-12-23 01:30:29,291993.7542757035,194023.70448519263,POINT (-82.49952399789164 35.448588063014974),23.97,1.9980333,,,,,,,,,,,,,,,,,,,
0,2020-02-09 14:49:16,294611.1845791601,210389.21022478509,POINT (-82.47702109582075 35.59684619773837),49.648,6.794634,,,,,,,,,,,,,,,,,,,
0,2020-04-09 15:45:28,298707.7642072787,227090.12609979487,POINT (-82.43821980332892 35.74857836099939),20.985,2.7064002,,,,,,,,,,,,,,,,,,,
0,2021-10-05 13:08:17,304678.1413204821,202295.9915056737,POINT (-82.36295806035832 35.52706272740791),55.9104,3.3955133,,,,,,,,,,,,,,,,,,,
0,2017-08-30 00:07:27,279983.61651590216,226497.5149395914,POINT (-82.64487179305344 35.737220461930626),39.761,3.5773666,,,,,,,,,,,,,,,,,,,
0,2019-07-14 10:26:07,286040.42641257646,194416.6296667824,POINT (-82.56521965645548 35.45021857467217),37.55,4.224833,,,,,,,,,,,,,,,,,,,
0,2017-09-16 17:40:14,268044.9334001469,199161.92772223736,POINT (-82.76530387673803 35.486976630094226),56.303,4.2339334,,,,,,,,,,,,,,,,,,,
0,2019-05-07 06:25:30,267446.6306215049,210865.48257283983,POINT (-82.77679946599535 35.59219227749128),55.958,5.849966,,,,,,,,,,,,,,,,,,,
0,2018-12-08 17:03:55,285172.870290744,195038.2330347438,POINT (-82.57501730244961 35.455537052453415),44.809,5.4906673,,,,,,,,,,,,,,,,,,,
0,2017-11-28 15:16:36,310075.0461938707,202373.72651988477,POINT (-82.30350912799197 35.52939621565686),52.615,3.3703668,,,,,,,,,,,,,,,,,,,
0,2018-11-10 14:36:43,308887.4663614198,206683.74023809473,POINT (-82.31818568076265 35.56786829831139),110.304,8.506633,,,,,,,,,,,,,,,,,,,
0,2019-04-20 16:24:05,269544.15107610024,199497.7643395347,POINT (-82.74893204892848 35.49051310874073),31.61,4.488567,,,,,,,,,,,,,,,,,,,
0,2019-01-22 11:55:47,287146.3582696513,213372.4193493001,POINT (-82.56053245882082 35.62133505928561),47.863,4.4084997,,,,,,,,,,,,,,,,,,,
0,2018-06-28 22:09:47,304326.3520483367,208759.80389638757,POINT (-82.36925354813374 35.58518670125728),85.417,7.8627334,,,,,,,,,,,,,,,,,,,
0,2021-03-17 12:41:47,298108.12061488384,212360.6144733499,POINT (-82.43920479310414 35.61570329474494),18.38,2.3006399,,,,,,,,,,,,,,,,,,,
0,2021-07-06 10:41:00,298720.9902987207,197121.84393160668,POINT (-82.42663801316611 35.478613467123246),29.3289,4.3407865,,,,,,,,,,,,,,,,,,,
0,2018-08-27 17:19:26,281428.9920811366,201967.2410436962,POINT (-82.61901875971182 35.51673281689056),46.069,5.978333,,,,,,,,,,,,,,,,,,,
0,2020-10-25 23:32:13,279410.43073679873,199717.0465938923,POINT (-82.64034958622085 35.495797658482346),51.416,5.2479663,,,,,,,,,,,,,,,,,,,
0,2018-04-16 09:40:45,288097.39490895916,227347.49111880505,POINT (-82.55556477911162 35.747528479348674),17.001,2.278567,,,,,,,,,,,,,,,,,,,
0,2019-04-25 01:55:03,294075.8732906035,213252.50891902455,POINT (-82.48403411403903 35.62247067221001),99.351,6.4946,,,,,,,,,,,,,,,,,,,
0,2018-04-02 11:53:40,302033.79271886166,213226.1425519652,POINT (-82.39622216583832 35.62471845603022),15.378,1.8965667,,,,,,,,,,,,,,,,,,,
0,2019-03-31 17:52:18,281095.53250811243,227267.8214535509,POINT (-82.63289893719204 35.744526291981565),11.157,2.1763666,,,,,,,,,,,,,,,,,,,
0,2019-04-21 18:49:01,300195.4524689377,204855.04798150068,POINT (-82.41332846523733 35.54873794957713),106.104,7.281,,,,,,,,,,,,,,,,,,,
0,2017-08-23 01:05:32,290868.6350536636,222783.36142191404,POINT (-82.52315237276883 35.70730584928219),24.938,4.8694,,,,,,,,,,,,,,,,,,,
0,2021-03-06 21:47:49,292428.9648212555,198806.89815639923,POINT (-82.49658823489895 35.49181625014146),19.032999,3.83675,,,,,,,,,,,,,,,,,,,
0,2018-12-12 00:55:04,260564.880950284,217961.05108540657,POINT (-82.85572719984764 35.65371942495867),41.942,5.807466,,,,,,,,,,,,,,,,,,,
0,2019-03-22 17:17:05,278407.22811708134,204781.2030359496,POINT (-82.6534537954343 35.54108359174672),24.096,4.4405,,,,,,,,,,,,,,,,,,,
0,2018-04-20 00:25:48,276837.54566956626,205400.0305907294,POINT (-82.67100579396129 35.546136074322376),34.587,2.4155328,,,,,,,,,,,,,,,,,,,
0,2017-04-08 04:50:40,314619.98691797385,197584.9568096937,POINT (-82.25168917285693 35.48760554575196),73.624,7.0045667,,,,,,,,,,,,,,,,,,,
0,2021-06-24 16:27:56,271444.98922802514,208735.8867930462,POINT (-82.73182299758224 35.57437262486027),17.172499,2.2289996,,,,,,,,,,,,,,,,,,,
0,2021-10-27 10:19:36,305876.2266789072,209102.19440395824,POINT (-82.35228850905258 35.5887441027035),69.7971,5.1861267,,,,,,,,,,,,,,,,,,,
0,2019-11-25 21:25:23,306327.5361796352,215167.30813653697,POINT (-82.34956897697764 35.64352046540274),54.745,4.4894333,,,,,,,,,,,,,,,,,,,
0,2021-05-07 11:46:26,275773.8905679177,203350.59604126352,POINT (-82.6818909777892 35.52731999050673),28.110899,2.816027,,,,,,,,,,,,,,,,,,,
0,2018-03-01 21:20:12,285994.14767036773,214806.13250433095,POINT (-82.57381383287122 35.6338768703929),18.978,2.1329665,,,,,,,,,,,,,,,,,,,
0,2020-10-18 01:44:32,286052.9129300516,208146.18274643112,POINT (-82.57052111023404 35.57390259424023),46.818,5.2707667,,,,,,,,,,,,,,,,,,,
0,2017-09-11 07:27:49,275347.2141801184,214676.60174837903,POINT (-82.69123539215661 35.629199108627425),18.233,3.3250337,,,,,,,,,,,,,,,,,,,
0,2021-01-27 14:21:07,308625.51698581566,220746.64462786613,POINT (-82.3262715229727 35.69447910472908),26.757399,2.90922,,,,,,,,,,,,,,,,,,,
0,2020-01-27 09:12:33,281328.9410088084,227268.55965138285,POINT (-82.63032030487628 35.74460988898533),19.192,2.5527,,,,,,,,,,,,,,,,,,,
0,2020-10-25 15:32:16,265954.62234147824,221524.94592675348,POINT (-82.797751843828 35.68769188602698),55.622,4.9921002,,,,,,,,,,,,,,,,,,,
0,2020-11-18 04:21:56,284681.2445665745,208784.25486948848,POINT (-82.58589928206368 35.579204853475744),62.905,3.8010666,,,,,,,,,,,,,,,,,,,
0,2019-02-24 04:53:31,277916.9486868576,210848.3918667915,POINT (-82.66132460341277 35.59557331590461),24.215,4.313033,,,,,,,,,,,,,,,,,,,
0,2020-08-02 01:48:49,285085.22295880236,221173.1100035229,POINT (-82.58638219179949 35.69093457115881),26.406,4.4452333,,,,,,,,,,,,,,,,,,,
0,2017-12-07 14:31:42,298733.8440708139,229834.503341134,POINT (-82.43898261446219 35.77330808175912),20.513,1.8759,,,,,,,,,,,,,,,,,,,
0,2017-01-13 00:43:17,288456.80762073083,202107.5731785522,POINT (-82.54163904585424 35.52028126532169),13.609,1.5643001,,,,,,,,,,,,,,,,,,,
0,2021-07-31 23:48:39,260950.9551570225,214720.13493842803,POINT (-82.85007877209061 35.624663414441784),20.276,2.8132768,,,,,,,,,,,,,,,,,,,
0,2020-03-15 01:49:11,264339.8298097158,217090.9862981884,POINT (-82.8136983581925 35.6471967799346),20.962,2.7645,,,,,,,,,,,,,,,,,,,
0,2017-01-03 17:02:35,267839.5864943174,193391.03910480737,POINT (-82.76515367136135 35.43492370479923),21.928,3.2389,,,,,,,,,,,,,,,,,,,
0,2021-09-06 07:11:12,280030.5912618503,206122.92272221457,POINT (-82.63610415118335 35.5537069079382),123.9451,9.842116,,,,,,,,,,,,,,,,,,,
0,2019-05-27 02:38:12,294206.7932488048,228669.13493605104,POINT (-82.48856949682995 35.76138698244345),31.317,3.5991004,,,,,,,,,,,,,,,,,,,
0,2018-12-18 09:20:20,289565.7030422309,228141.9769110301,POINT (-82.53965346359305 35.755157883177525),23.059,2.557067,,,,,,,,,,,,,,,,,,,
0,2017-11-17 00:52:06,267151.70780258504,211174.89333103248,POINT (-82.78018175639544 35.594878104436255),52.155,4.2021,,,,,,,,,,,,,,,,,,,
0,2020-04-29 15:59:30,267633.52194188227,215663.4263903174,POINT (-82.77675243881312 35.63547318031842),61.047,4.2039332,,,,,,,,,,,,,,,,,,,
0,2018-06-05 17:02:45,297627.52076492447,222831.5047620895,POINT (-82.44852136460325 35.70987834920306),55.334,9.2188,,,,,,,,,,,,,,,,,,,
0,2021-12-15 17:25:10,296768.4878471714,196040.35364425677,POINT (-82.4477281295075 35.4682612508409),7.0309997,0.40415,,,,,,,,,,,,,,,,,,,
0,2017-11-28 21:34:37,282764.39093243034,206995.0136206504,POINT (-82.60631856560106 35.56246144401474),39.403,2.4836,,,,,,,,,,,,,,,,,,,
0,2021-12-30 02:48:50,300177.2599256228,215329.19244520125,POINT (-82.41750538028111 35.64308964148854),9.564,0.57735664,,,,,,,,,,,,,,,,,,,
0,2017-02-14 23:14:33,287855.1961629901,194376.6811604608,POINT (-82.54522458368888 35.450444441908836),41.964,2.4444335,,,,,,,,,,,,,,,,,,,
0,2019-12-22 15:53:06,298843.41885343415,209286.9704263076,POINT (-82.42992073659518 35.58824357306753),42.703,4.2272663,,,,,,,,,,,,,,,,,,,
0,2017-10-18 12:36:12,271992.3493229556,223177.65924935855,POINT (-82.7317766113951 35.70464162426728),40.536,2.1010334,,,,,,,,,,,,,,,,,,,
0,2020-10-18 12:41:55,304307.948355871,222254.1331734181,POINT (-82.37451731776112 35.706746143533714),50.504,5.3816,,,,,,,,,,,,,,,,,,,
0,2018-04-27 07:35:16,290571.69142011966,209426.8205610155,POINT (-82.52119726614367 35.586893473817334),38.766,2.7475333,,,,,,,,,,,,,,,,,,,
0,2021-12-27 17:05:58,267100.69685084664,197948.22625584737,POINT (-82.7751945028742 35.475720793225605),14.486899,1.0051767,,,,,,,,,,,,,,,,,,,
0,2019-05-19 22:02:37,267104.2006332814,218388.5065648572,POINT (-82.78373928541998 35.659837058192785),65.23,6.5657,,,,,,,,,,,,,,,,,,,
0,2018-06-04 18:14:56,284201.97579311667,193096.21686332228,POINT (-82.58493424682239 35.43772703549023),58.79,12.225132,,,,,,,,,,,,,,,,,,,
0,2020-02-05 14:14:44,296830.48333557445,204631.03063258348,POINT (-82.45033482227502 35.54567146608687),47.138,3.6635332,,,,,,,,,,,,,,,,,,,
0,2020-04-14 01:02:52,269415.79234918347,219422.4598037967,POINT (-82.75865871923752 35.66994149483131),74.868,5.309767,,,,,,,,,,,,,,,,,,,
0,2019-01-23 08:40:04,303780.5449002297,211535.4612988252,POINT (-82.37631438057637 35.6100247108219),64.315,5.8363333,,,,,,,,,,,,,,,,,,,
0,2018-09-30 06:58:20,280311.6763841364,195494.62753160665,POINT (-82.62872132038987 35.458058802161865),34.627,4.5184,,,,,,,,,,,,,,,,,,,
0,2021-05-21 11:57:57,307301.77579457173,215498.9872315555,POINT (-82.33894008034743 35.64680424315143),19.3766,3.127423,,,,,,,,,,,,,,,,,,,
0,2019-08-01 01:36:40,288755.953494701,225609.16445015036,POINT (-82.54760114765162 35.73208233447402),50.9,4.3884664,,,,,,,,,,,,,,,,,,,
0,2018-09-22 06:15:55,305938.1394901694,217402.00979289704,POINT (-82.35470024329804 35.663533604155944),112.193,10.282667,,,,,,,,,,,,,,,,,,,
0,2020-11-24 00:32:53,298472.9905518534,199044.33388644672,POINT (-82.43010128998677 35.495855614511626),72.527,5.5285664,,,,,,,,,,,,,,,,,,,
0,2021-04-19 23:06:15,285845.62517962063,221739.07645708043,POINT (-82.57821126327913 35.69627997302279),57.5024,3.7045798,,,,,,,,,,,,,,,,,,,
0,2019-02-17 18:59:45,265545.9034812042,219440.78019839295,POINT (-82.80138274682933 35.66877858324948),20.626,2.8851666,,,,,,,,,,,,,,,,,,,
0,2018-03-16 23:06:57,283619.23303147923,224139.89328437115,POINT (-82.6037590984602 35.71718014801035),24.686,2.3114333,,,,,,,,,,,,,,,,,,,
0,2019-12-29 00:24:16,312957.1859961221,213027.37492935287,POINT (-82.27562058189852 35.626235942969),46.892,4.567633,,,,,,,,,,,,,,,,,,,
0,2018-10-24 15:09:20,295020.20716471673,211115.5840317018,POINT (-82.47279016435465 35.603518694476534),69.018,4.5117335,,,,,,,,,,,,,,,,,,,
0,2017-07-27 19:22:49,295052.9961631003,220336.00395053875,POINT (-82.47599118967241 35.686589224489886),25.098,3.9738998,,,,,,,,,,,,,,,,,,,
0,2017-02-21 17:59:42,293269.89815202216,230278.37641486523,POINT (-82.49955113174671 35.77558567626008),30.513,2.3555665,,,,,,,,,,,,,,,,,,,
0,2017-11-12 13:51:54,276202.6832523369,220628.58238229132,POINT (-82.68423524371693 35.6830983173819),75.566,5.300467,,,,,,,,,,,,,,,,,,,
0,2017-07-23 00:04:41,300995.54429584177,209176.0544303503,POINT (-82.40614384212734 35.58791218665026),29.779,4.858733,,,,,,,,,,,,,,,,,,,
0,2021-03-24 04:20:35,306456.71921938384,208689.4892348872,POINT (-82.34573285890897 35.58520260749927),29.0022,3.65662,,,,,,,,,,,,,,,,,,,
0,2020-11-14 04:21:32,319648.38946898264,202513.40578903785,POINT (-82.19804746227251 35.53347999748616),79.315,6.316467,,,,,,,,,,,,,,,,,,,
0,2021-05-01 04:38:57,313058.7396577496,222395.25442200448,POINT (-82.27791446224481 35.71065984203568),40.3695,3.0903802,,,,,,,,,,,,,,,,,,,
0,2017-02-01 10:19:35,310861.95070030005,222204.39045909143,POINT (-82.30210928141614 35.70828428187921),56.594,5.017667,,,,,,,,,,,,,,,,,,,
0,2020-04-29 12:54:25,297007.81538619235,211235.08680251407,POINT (-82.45091170449886 35.60521988966208),58.293,3.7783332,,,,,,,,,,,,,,,,,,,
0,2020-07-07 17:05:24,267617.9238032776,194364.93016134953,POINT (-82.7680004185078 35.443620516500125),12.171,2.521,,,,,,,,,,,,,,,,,,,
0,2018-10-30 14:06:13,282146.01503208856,204636.57235751787,POINT (-82.61218921527248 35.5410138018779),62.576,5.200866,,,,,,,,,,,,,,,,,,,
0,2017-09-08 06:53:07,294873.9878995816,194554.16893403852,POINT (-82.46801849062551 35.45427782082443),29.414,4.8144665,,,,,,,,,,,,,,,,,,,
0,2018-07-04 11:26:22,293583.13704552845,202184.39108550356,POINT (-82.48518150102068 35.522608392772334),33.531,4.179867,,,,,,,,,,,,,,,,,,,
0,2018-08-24 05:05:37,292670.11931039236,227691.4349989124,POINT (-82.50517082735317 35.752092143210206),41.431,5.618867,,,,,,,,,,,,,,,,,,,
0,2019-05-25 15:50:14,300457.8718929105,218604.9946880248,POINT (-82.41565293189014 35.67268653405367),49.901,4.3605,,,,,,,,,,,,,,,,,,,
0,2021-08-10 08:00:07,286751.4061245128,215787.8277622347,POINT (-82.56584737756764 35.64296538654205),23.574799,2.6049101,,,,,,,,,,,,,,,,,,,
0,2021-10-18 00:52:47,289230.0893147663,211949.81209238336,POINT (-82.53698407545556 35.60919133946637),52.059097,5.001863,,,,,,,,,,,,,,,,,,,
0,2017-08-04 13:35:40,261070.43721072492,217570.15151295063,POINT (-82.84998064692793 35.6503754120048),14.853,2.3660002,,,,,,,,,,,,,,,,,,,
0,2017-10-11 06:26:53,271940.7756022945,205642.95520063263,POINT (-82.72507651512126 35.54668036360773),42.813,3.0576663,,,,,,,,,,,,,,,,,,,
0,2021-02-04 20:00:01,302792.3401294827,200912.35878856768,POINT (-82.38322039812199 35.51402022313472),21.119,1.64973,,,,,,,,,,,,,,,,,,,
0,2017-04-01 16:57:51,294340.4252158123,232799.53252910724,POINT (-82.488697525224 35.798635384691956),32.041,3.9511,,,,,,,,,,,,,,,,,,,
0,2021-11-16 07:30:04,274170.1353511428,212613.67609420329,POINT (-82.70337259040448 35.610221977881395),14.5652,1.4248334,,,,,,,,,,,,,,,,,,,
0,2019-04-30 20:28:07,263117.7641575098,221585.25734002932,POINT (-82.82909763519048 35.68725307138324),64.857,5.781066,,,,,,,,,,,,,,,,,,,
0,2020-01-29 13:24:56,294424.89015212684,204597.95005167864,POINT (-82.47683776763732 35.544617040240915),47.138,4.5259333,,,,,,,,,,,,,,,,,,,
0,2017-06-30 07:02:59,282274.29914903303,202645.29086470412,POINT (-82.60997690297867 35.523118157799715),8.886,1.3324667,,,,,,,,,,,,,,,,,,,
0,2017-11-05 02:06:13,274123.6914793266,210497.0450807494,POINT (-82.70301357131616 35.59114049665067),88.676,6.6033664,,,,,,,,,,,,,,,,,,,
0,2017-06-05 19:58:12,301162.482642568,212799.98953286745,POINT (-82.40567443724615 35.62061040708604),36.626,5.476934,,,,,,,,,,,,,,,,,,,
0,2018-03-04 13:06:03,306341.54989334213,223893.8482513999,POINT (-82.35266820970456 35.722138397377385),59.609,6.5534,,,,,,,,,,,,,,,,,,,
0,2020-06-22 16:05:52,309441.43679327134,198124.02784937632,POINT (-82.30893037466576 35.490919936528705),10.656,3.1727667,,,,,,,,,,,,,,,,,,,
0,2021-02-23 08:32:16,307292.08575269795,217037.46136377376,POINT (-82.33961847433005 35.66066093622053),25.821,4.4483533,,,,,,,,,,,,,,,,,,,
0,2020-06-24 18:39:17,295808.48625471006,218307.39209112377,POINT (-82.46686667390831 35.66855314519557),31.788,3.2460663,,,,,,,,,,,,,,,,,,,
0,2017-12-25 21:14:01,317895.5608243001,203735.13651114597,POINT (-82.21780350411598 35.54397651615131),22.712,2.2127664,,,,,,,,,,,,,,,,,,,
0,2020-01-09 18:58:09,275517.8842169515,221092.5065125824,POINT (-82.69198625455454 35.68704783349028),22.077,3.6425004,,,,,,,,,,,,,,,,,,,
0,2021-03-28 13:54:16,294496.6340422133,219322.92251301857,POINT (-82.48174187049185 35.67728750009653),63.070797,5.1721964,,,,,,,,,,,,,,,,,,,
0,2019-11-01 08:17:00,300563.60961106914,210078.14163755477,POINT (-82.41124944853783 35.595905089403566),48.151,4.672834,,,,,,,,,,,,,,,,,,,
0,2020-02-03 06:13:54,302871.58543652843,216893.38570746803,POINT (-82.38835992744217 35.65801302627725),50.024,4.5160666,,,,,,,,,,,,,,,,,,,
0,2018-01-24 23:37:19,307420.7594237299,228549.31194607177,POINT (-82.34247841008101 35.76440472162562),59.713,3.8472667,,,,,,,,,,,,,,,,,,,
0,2021-08-18 10:05:36,305724.3912375411,225932.83387243113,POINT (-82.36024870507056 35.74031839372603),31.274899,4.887723,,,,,,,,,,,,,,,,,,,
0,2021-07-28 19:32:43,298447.3710759865,231993.94225830268,POINT (-82.44297739787162 35.79267084781479),28.7272,2.9869895,,,,,,,,,,,,,,,,,,,
0,2018-05-22 08:48:43,302222.7122031373,233120.1463085898,POINT (-82.40166226315974 35.80398861854505),24.701,5.1491,,,,,,,,,,,,,,,,,,,
0,2020-11-10 02:01:15,289832.5711933171,209555.7705659328,POINT (-82.5293988097526 35.587818543804595),65.541,4.421233,,,,,,,,,,,,,,,,,,,
0,2017-10-04 09:45:01,311253.54540926864,205636.68506329157,POINT (-82.29171374288241 35.55914528984043),134.224,6.733,,,,,,,,,,,,,,,,,,,
0,2019-04-21 01:05:06,279003.05079448276,213789.0761718137,POINT (-82.65053956996462 35.622422839451914),69.903,5.5545993,,,,,,,,,,,,,,,,,,,
0,2017-08-06 15:12:11,266201.3893780381,200391.34602811857,POINT (-82.78612404848592 35.49741889067789),14.817,1.8716666,,,,,,,,,,,,,,,,,,,
0,2021-11-17 21:20:22,295445.51491012407,226879.22579800023,POINT (-82.47418663993258 35.74565501646806),15.5777,1.46503,,,,,,,,,,,,,,,,,,,
0,2019-10-07 15:28:24,312056.2611729487,212150.64293607723,POINT (-82.28524130743271 35.618069205119916),22.158,1.6300666,,,,,,,,,,,,,,,,,,,
0,2017-05-02 08:42:18,296446.95718918456,209036.90837595877,POINT (-82.456253809539 35.58524180125098),33.976,5.0145006,,,,,,,,,,,,,,,,,,,
0,2017-04-26 00:30:56,301417.83150896226,213805.17043241585,POINT (-82.40323752084508 35.62974455809825),44.852,7.0185666,,,,,,,,,,,,,,,,,,,
0,2017-05-12 01:04:54,282775.4623067645,204734.56645592116,POINT (-82.60529107472746 35.54210275832415),46.79,6.2250333,,,,,,,,,,,,,,,,,,,
0,2017-06-07 12:31:53,274460.87657231826,213216.70915068057,POINT (-82.70041366122805 35.61575157839805),26.81,3.8338332,,,,,,,,,,,,,,,,,,,
0,2019-12-28 07:06:41,279930.5280857175,220779.47458048348,POINT (-82.64313888268778 35.68569731915836),43.069,4.1749005,,,,,,,,,,,,,,,,,,,
0,2017-09-28 09:21:43,286949.6255264719,208594.85573005996,POINT (-82.56081145311218 35.57823458201979),21.832,2.9992332,,,,,,,,,,,,,,,,,,,
0,2018-11-17 06:45:17,297656.6714168138,229958.02574809192,POINT (-82.45093678177668 35.77408391071446),35.565,5.1756,,,,,,,,,,,,,,,,,,,
0,2017-11-07 05:56:09,312014.8080332393,214718.11042153713,POINT (-82.2866368608375 35.64118692153928),93.325,10.453366,,,,,,,,,,,,,,,,,,,
0,2019-03-20 22:59:44,300175.7477587329,229992.33444231344,POINT (-82.42310435213035 35.77517894075461),20.482,5.476533,,,,,,,,,,,,,,,,,,,
0,2017-08-28 13:24:10,274132.6102465806,209309.9875876233,POINT (-82.70242675579095 35.58045085324017),21.232,3.1355002,,,,,,,,,,,,,,,,,,,
0,2017-01-15 11:21:30,287894.36374365474,202364.2414963602,POINT (-82.54793762601507 35.52241242466661),13.261,1.4801,,,,,,,,,,,,,,,,,,,
0,2020-09-07 00:12:54,309924.91019822314,224671.31595500023,POINT (-82.31336896362725 35.7302264635516),21.745,6.2329335,,,,,,,,,,,,,,,,,,,
0,2021-04-26 16:07:09,292944.23445740616,207788.4155586159,POINT (-82.49439642183594 35.57288969615768),28.9772,2.75506,,,,,,,,,,,,,,,,,,,
0,2017-11-21 13:26:02,290221.95105920447,195487.50090524252,POINT (-82.51960171394586 35.46121030945398),72.794,6.377067,,,,,,,,,,,,,,,,,,,
0,2021-04-01 03:42:58,286314.12697739754,227420.48939636676,POINT (-82.57529829876813 35.74760884680546),56.0995,3.7874637,,,,,,,,,,,,,,,,,,,
0,2019-09-01 01:34:40,259595.91549897497,217299.62295828556,POINT (-82.8661359226233 35.64742234754292),35.056,2.6697,,,,,,,,,,,,,,,,,,,
0,2019-03-15 16:51:59,287308.5707679151,203496.40727298308,POINT (-82.55483944820118 35.53242247540122),24.412,5.5508,,,,,,,,,,,,,,,,,,,
0,2019-09-25 01:11:32,284256.87658335123,215097.68190358407,POINT (-82.59309948589114 35.63593798290592),9.054,0.49916664,,,,,,,,,,,,,,,,,,,
0,2017-10-24 06:42:50,270769.7651927022,193227.06562026584,POINT (-82.73283484291451 35.434443937385815),89.477,4.620367,,,,,,,,,,,,,,,,,,,
0,2021-05-06 17:02:08,304470.3637651723,198896.829666516,POINT (-82.36397795402675 35.49637639058139),36.7934,3.44736,,,,,,,,,,,,,,,,,,,
0,2017-10-28 23:51:35,296627.51561175747,219512.35070897496,POINT (-82.45828873414192 35.67966516499271),91.705,6.0660663,,,,,,,,,,,,,,,,,,,
0,2018-11-26 12:36:55,299123.64000370336,229454.3431050934,POINT (-82.43452847987125 35.77000518692756),36.641,5.3195667,,,,,,,,,,,,,,,,,,,
0,2017-10-15 18:16:38,273149.36228952237,207667.92920174677,POINT (-82.71259089656076 35.565328747718276),43.098,1.9043334,,,,,,,,,,,,,,,,,,,
0,2019-11-07 20:48:11,268394.58817632415,201513.45192584823,POINT (-82.7624350276184 35.50827788076459),40.453,5.2923336,,,,,,,,,,,,,,,,,,,
0,2018-09-10 03:28:07,303814.9113502756,215991.67850415577,POINT (-82.37760852947467 35.65017966281776),55.291,5.466133,,,,,,,,,,,,,,,,,,,
0,2018-10-19 03:36:10,292695.8827559508,225276.53100512625,POINT (-82.50394379912993 35.73034705134999),37.211,3.1435666,,,,,,,,,,,,,,,,,,,
0,2018-04-12 15:08:04,280447.61520212475,202559.78795698224,POINT (-82.63007040476606 35.52174761874173),13.391,1.4645333,,,,,,,,,,,,,,,,,,,
0,2017-10-14 09:47:17,297890.83605359,204122.95176186244,POINT (-82.43845283581757 35.54142594337377),56.322,2.9742,,,,,,,,,,,,,,,,,,,
0,2019-09-26 11:01:06,302567.4916767175,214291.36068989095,POINT (-82.39073514565297 35.63447897781625),24.254,1.2310333,,,,,,,,,,,,,,,,,,,
0,2019-12-31 03:10:49,260419.0524350743,219819.07052843375,POINT (-82.85813382169391 35.67040347600561),46.07,5.2174997,,,,,,,,,,,,,,,,,,,
0,2021-01-17 22:04:59,286338.8924671991,220787.7003448659,POINT (-82.57238605712143 35.687870228325075),29.011,1.9813298,,,,,,,,,,,,,,,,,,,
0,2018-12-26 13:49:54,281118.9728679492,206139.6412876327,POINT (-82.6241136126466 35.55421618659263),32.304,4.3927,,,,,,,,,,,,,,,,,,,
0,2018-03-07 04:50:43,274430.3342265924,223067.84031844637,POINT (-82.70480804788428 35.70447536418107),26.035,3.7167668,,,,,,,,,,,,,,,,,,,
0,2017-07-29 07:29:41,293501.76363266027,194133.48369379176,POINT (-82.48296424461184 35.45005500535761),33.567,6.153499,,,,,,,,,,,,,,,,,,,
0,2021-03-23 22:40:59,277286.2135028819,207969.38373031624,POINT (-82.66710725105965 35.56942990791558),26.530699,3.24549,,,,,,,,,,,,,,,,,,,
0,2021-06-17 12:57:41,293530.7175218664,208372.6564577353,POINT (-82.48815620200098 35.57833866204202),17.9928,2.05541,,,,,,,,,,,,,,,,,,,
0,2021-10-08 00:10:45,310994.6807816474,207721.35371476173,POINT (-82.29533097132182 35.57784874376304),81.4077,7.2572103,,,,,,,,,,,,,,,,,,,
0,2018-08-03 23:21:42,265079.3759392973,216891.59221312543,POINT (-82.80545307829806 35.645656559288426),30.292,5.0109334,,,,,,,,,,,,,,,,,,,
0,2020-10-07 16:14:31,280660.1483568313,226104.869148552,POINT (-82.63723847351886 35.73390731699959),41.882,4.2913995,,,,,,,,,,,,,,,,,,,
0,2019-01-24 07:35:20,295904.365402789,207523.2172539229,POINT (-82.46165515740631 35.57143532768607),68.188,5.6860666,,,,,,,,,,,,,,,,,,,
0,2021-02-28 06:50:44,285006.5828301099,196358.07688805973,POINT (-82.57737200011078 35.46737272719237),21.4217,4.2828064,,,,,,,,,,,,,,,,,,,
0,2018-07-16 05:30:59,285043.72747405904,198222.8258206324,POINT (-82.57770333794852 35.48418310518302),18.22,2.1859667,,,,,,,,,,,,,,,,,,,
0,2018-08-30 05:53:41,294610.3628245119,226853.29451552025,POINT (-82.48340479565911 35.74515768375297),41.431,5.675267,,,,,,,,,,,,,,,,,,,
0,2019-03-02 12:48:44,304995.21510061785,211602.82161272372,POINT (-82.3629396678936 35.611003118416804),24.82,4.612167,,,,,,,,,,,,,,,,,,,
0,2017-05-02 17:55:01,268976.9865635206,193601.04951039093,POINT (-82.7527224251885 35.437203580696796),51.321,7.1688333,,,,,,,,,,,,,,,,,,,
0,2018-11-18 01:19:20,312999.56119531137,197893.38862871003,POINT (-82.2696507990377 35.48990461002034),46.664,6.218567,,,,,,,,,,,,,,,,,,,
0,2021-05-20 03:23:57,294951.5020343773,204709.48454238693,POINT (-82.47107624035807 35.54578788632337),17.6992,2.5168767,,,,,,,,,,,,,,,,,,,
0,2020-12-19 15:11:21,313059.4559413651,197481.94774668533,POINT (-82.26884171613307 35.48621559680717),30.629,3.1232,,,,,,,,,,,,,,,,,,,
0,2019-03-06 17:41:30,311024.6104192697,223847.15290475084,POINT (-82.30091622300765 35.72313208025375),30.371,7.283133,,,,,,,,,,,,,,,,,,,
0,2018-06-17 12:25:07,292188.4331981142,219103.4803053673,POINT (-82.50713952145082 35.674578503696736),38.816,6.0283337,,,,,,,,,,,,,,,,,,,
0,2018-11-11 17:16:59,289445.13043963205,196675.93731940584,POINT (-82.5286205157886 35.47166785621726),28.015,4.4884334,,,,,,,,,,,,,,,,,,,
0,2018-10-18 05:15:21,309881.99778392556,223226.46906170069,POINT (-82.31331007935104 35.717197542327256),107.277,8.675632,,,,,,,,,,,,,,,,,,,
0,2020-05-22 11:29:22,265992.91351827764,197908.39892606591,POINT (-82.78737642099033 35.47498176668277),37.8,5.4473667,,,,,,,,,,,,,,,,,,,
0,2020-04-11 04:33:49,292380.5792475665,229809.26045050364,POINT (-82.5091980381817 35.771077043864466),22.947,2.8045666,,,,,,,,,,,,,,,,,,,
0,2018-06-12 10:26:02,310071.60828277544,210905.05945342133,POINT (-82.30668009097258 35.60625398401917),142.32,14.922067,,,,,,,,,,,,,,,,,,,
0,2018-12-11 07:43:33,302297.18105443637,200059.6490337005,POINT (-82.38835552032461 35.50618605259169),42.571,6.300166,,,,,,,,,,,,,,,,,,,
0,2020-11-28 03:32:15,269447.7377896399,212776.11396186787,POINT (-82.75552929166076 35.61008632437746),40.04,3.4946334,,,,,,,,,,,,,,,,,,,
0,2018-03-05 23:39:42,276004.9731702638,200325.76420237316,POINT (-82.67810908398806 35.5001497193271),32.124,4.6701336,,,,,,,,,,,,,,,,,,,
0,2021-10-09 19:14:01,292626.1803574884,219269.45397100243,POINT (-82.50237147977323 35.676212889066065),41.459297,4.614306,,,,,,,,,,,,,,,,,,,
0,2019-05-24 07:36:20,305502.0984267687,208136.8628762082,POINT (-82.3560546457563 35.57993368491112),42.451,3.6550667,,,,,,,,,,,,,,,,,,,
0,2017-01-21 10:51:31,295891.9196566675,218110.94555954312,POINT (-82.46586988291472 35.66680975997912),12.781,1.8372666,,,,,,,,,,,,,,,,,,,
0,2017-03-12 00:50:33,302316.65627105825,204307.19468694608,POINT (-82.38973954420244 35.54445752078874),16.413,1.4782335,,,,,,,,,,,,,,,,,,,
0,2019-04-09 02:21:07,296566.6700286345,204679.07617171467,POINT (-82.45326116621219 35.54602161768744),7.838,1.3590333,,,,,,,,,,,,,,,,,,,
0,2020-05-02 14:07:47,299664.1511307223,233989.19395311913,POINT (-82.43028682339809 35.811023614069256),60.224,5.8588333,,,,,,,,,,,,,,,,,,,
0,2018-12-09 22:52:33,277323.6651872837,223470.67184313817,POINT (-82.67302062488172 35.7090727360934),37.484,3.8046,,,,,,,,,,,,,,,,,,,
0,2019-02-05 03:20:37,280694.2264250069,211158.4059042503,POINT (-82.63081994702944 35.599285143705984),24.613,2.1606667,,,,,,,,,,,,,,,,,,,
0,2020-05-09 13:52:58,306567.57460212853,200297.50065539044,POINT (-82.34139391353482 35.50963339269278),72.305,6.272534,,,,,,,,,,,,,,,,,,,
0,2020-05-31 13:42:44,301796.98863821855,222969.07926982743,POINT (-82.40252098174919 35.71241424559022),44.902,5.147467,,,,,,,,,,,,,,,,,,,
0,2021-02-10 05:04:51,269274.56757953943,210056.51720156812,POINT (-82.75630375955096 35.5855305784994),23.431599,2.1248164,,,,,,,,,,,,,,,,,,,
0,2017-09-07 17:40:38,260925.16197406047,214296.52335665797,POINT (-82.85018197634392 35.62083889350309),32.736,4.5656667,,,,,,,,,,,,,,,,,,,
0,2018-06-14 07:24:20,269359.3849993473,196829.460223544,POINT (-82.7498563925296 35.46641474785286),52.286,10.066,,,,,,,,,,,,,,,,,,,
0,2021-02-19 23:08:57,267908.5153880177,198623.27875369217,POINT (-82.7665811035035 35.48207800260462),19.3498,3.74307,,,,,,,,,,,,,,,,,,,
0,2019-12-06 13:18:58,274499.8136362695,205570.55919027937,POINT (-82.69684162319498 35.54689034889459),38.576,3.0629334,,,,,,,,,,,,,,,,,,,
0,2017-07-11 19:26:08,298463.2187657352,225119.83335380728,POINT (-82.44016729187055 35.73075333293689),22.743,4.2541327,,,,,,,,,,,,,,,,,,,
0,2019-07-21 21:01:14,280236.86925460555,208236.15322003912,POINT (-82.63468362421231 35.57281089371455),34.636,5.0102663,,,,,,,,,,,,,,,,,,,
0,2020-08-30 20:00:46,284430.4334146532,200101.35915365643,POINT (-82.58520555487598 35.50090609531825),24.939,7.3107667,,,,,,,,,,,,,,,,,,,
0,2018-05-22 19:40:04,267400.3094400747,210428.91915119064,POINT (-82.77712701288199 35.58824408440089),37.656,6.4851995,,,,,,,,,,,,,,,,,,,
0,2019-10-06 07:30:04,303614.5632368465,233779.08283082835,POINT (-82.3865197275736 35.810353219395246),13.031,1.3334999,,,,,,,,,,,,,,,,,,,
0,2018-05-18 02:53:20,292345.4429599116,229126.34506107823,POINT (-82.50931944936788 35.7649142589388),21.68,2.9525666,,,,,,,,,,,,,,,,,,,
0,2019-05-25 00:15:10,268870.4619992819,195243.5324100807,POINT (-82.75457898876675 35.45196247974112),39.947,3.1680996,,,,,,,,,,,,,,,,,,,
0,2019-02-03 00:57:41,303186.4657894686,207722.45760252705,POINT (-82.38143468229386 35.57549220296013),30.098,3.5450997,,,,,,,,,,,,,,,,,,,
0,2019-03-05 11:00:22,302243.8391301473,197190.22466360056,POINT (-82.38786388579666 35.480319237235676),33.916,6.6953664,,,,,,,,,,,,,,,,,,,
0,2021-05-13 02:51:45,284579.08381413826,198949.43256849775,POINT (-82.58310979109412 35.490577578603336),18.2017,1.9692465,,,,,,,,,,,,,,,,,,,
0,2017-11-16 12:49:40,306157.6270736998,198917.8511393791,POINT (-82.3453982990217 35.49707964999227),87.356,7.0094004,,,,,,,,,,,,,,,,,,,
0,2020-05-29 20:00:08,297517.4256453653,220362.35141033272,POINT (-82.44878952169591 35.68760118795675),52.745,5.6251664,,,,,,,,,,,,,,,,,,,
0,2019-01-01 15:20:01,270666.18493458413,215684.79670096043,POINT (-82.74329994400588 35.63670081720885),46.914,5.7523007,,,,,,,,,,,,,,,,,,,
0,2020-09-05 01:30:26,270029.7675016416,192567.0379115709,POINT (-82.74070566324262 35.42824743046651),40.767,7.3843994,,,,,,,,,,,,,,,,,,,
0,2020-08-24 19:32:34,289484.1915905319,207208.5837447692,POINT (-82.53231930659862 35.5665627682568),50.826,7.079867,,,,,,,,,,,,,,,,,,,
0,2017-09-11 00:28:16,287786.2987357876,199814.0522503174,POINT (-82.54812359583991 35.49940456315075),31.856,4.4125338,,,,,,,,,,,,,,,,,,,
0,2018-09-12 02:08:08,270355.9807887423,208204.06630976283,POINT (-82.74360847334647 35.56921268234811),16.557,1.6517667,,,,,,,,,,,,,,,,,,,
0,2019-12-21 15:14:10,284425.1048369537,201138.8159319614,POINT (-82.58567724142713 35.51025004290986),32.489,3.9478998,,,,,,,,,,,,,,,,,,,
0,2017-06-21 08:31:55,314777.6148511278,199774.1083923568,POINT (-82.25074277199332 35.50737484903889),22.908,5.1248,,,,,,,,,,,,,,,,,,,
0,2020-04-08 01:30:34,293361.9433719152,202459.30116298067,POINT (-82.48772538785934 35.525014919803375),26.939,2.4162002,,,,,,,,,,,,,,,,,,,
0,2018-11-28 12:16:00,268711.99080584646,198683.0461501372,POINT (-82.75775754893135 35.48289078996098),41.571,5.020433,,,,,,,,,,,,,,,,,,,
0,2020-12-31 17:39:03,285437.1482020046,222945.52762913116,POINT (-82.5832030006746 35.707014659750264),29.011,2.9401002,,,,,,,,,,,,,,,,,,,
0,2018-06-07 17:08:45,270625.39062132704,213152.41689583837,POINT (-82.7426960946303 35.61387666731552),30.206,7.1406665,,,,,,,,,,,,,,,,,,,
0,2018-02-20 14:20:50,316069.6559832852,198818.86586050031,POINT (-82.23616352794049 35.4991492125757),57.807,6.295533,,,,,,,,,,,,,,,,,,,
0,2018-04-21 03:28:18,291533.54709675256,197241.61442826336,POINT (-82.5058421879629 35.47743064878924),48.53,2.7764335,,,,,,,,,,,,,,,,,,,
0,2020-06-25 06:57:01,308369.5360690241,209386.80916998195,POINT (-82.3248950677229 35.59206386136995),13.917,2.5262334,,,,,,,,,,,,,,,,,,,
0,2019-01-06 08:02:48,297329.88817429787,211978.62079927843,POINT (-82.44764396369004 35.612018838350025),58.821,7.738066,,,,,,,,,,,,,,,,,,,
0,2021-06-16 16:19:34,261456.41342367703,215133.36817002585,POINT (-82.84467932007237 35.628561977766935),17.486,1.6320633,,,,,,,,,,,,,,,,,,,
0,2018-10-05 02:12:11,306336.1918490287,224924.59571084168,POINT (-82.35311216241158 35.73142220058926),155.53,11.062567,,,,,,,,,,,,,,,,,,,
0,2021-09-14 07:38:47,288588.28794894594,214534.9640293879,POINT (-82.54508252129763 35.632272423747764),85.540695,6.94045,,,,,,,,,,,,,,,,,,,
0,2017-08-12 02:33:36,301959.3348532913,224957.1974102205,POINT (-82.40148052795692 35.73037396973648),28.715,4.019,,,,,,,,,,,,,,,,,,,
0,2021-07-16 14:37:23,279022.6025019018,202472.24668915855,POINT (-82.64573661916688 35.520488415453336),20.9646,3.0148997,,,,,,,,,,,,,,,,,,,
0,2021-11-18 02:51:58,307792.5558648236,217915.2701434546,POINT (-82.33441952541845 35.668720435940706),19.6967,1.6865133,,,,,,,,,,,,,,,,,,,
0,2019-05-11 11:50:03,268867.7488400441,203736.0696190618,POINT (-82.75814993498537 35.52845995579409),58.268,5.276767,,,,,,,,,,,,,,,,,,,
0,2020-09-19 23:47:04,305999.4832345028,222255.18079503375,POINT (-82.35583484111041 35.70727233901777),44.64,8.632633,,,,,,,,,,,,,,,,,,,
0,2020-09-08 10:21:59,316910.65825590544,201169.86317122763,POINT (-82.22774055253501 35.520576948816455),41.306,5.6800995,,,,,,,,,,,,,,,,,,,
0,2020-11-03 19:34:57,273501.8831451801,216031.76617342135,POINT (-82.71215418409957 35.6407857390867),48.07,4.3598332,,,,,,,,,,,,,,,,,,,
0,2019-11-07 19:47:43,308601.532976085,222513.1558020294,POINT (-82.32719047919642 35.710385644216444),56.851,7.0926337,,,,,,,,,,,,,,,,,,,
0,2020-11-07 04:38:26,299059.3642533368,231153.7694129588,POINT (-82.43588934458208 35.78529365255834),34.56,3.2514334,,,,,,,,,,,,,,,,,,,
0,2021-09-26 13:01:53,280682.41714978556,212787.5872910945,POINT (-82.63160783295571 35.61395671326),26.676498,2.22012,,,,,,,,,,,,,,,,,,,
0,2021-09-23 11:47:56,287133.1323369441,198124.0309967203,POINT (-82.55465191212701 35.48396958148747),35.4687,2.5970767,,,,,,,,,,,,,,,,,,,
0,2020-10-05 12:30:18,273590.7640464894,222128.25716592875,POINT (-82.7136912361405 35.69572949161332),47.212,4.3852663,,,,,,,,,,,,,,,,,,,
0,2019-12-31 02:29:43,295267.3475991924,229594.2422237204,POINT (-82.47720661865539 35.77005560197527),44.387,4.8254333,,,,,,,,,,,,,,,,,,,
0,2021-03-02 12:09:00,308710.63925269997,216597.0589107924,POINT (-82.32379657154391 35.657122545359975),18.055899,4.4551663,,,,,,,,,,,,,,,,,,,
0,2021-11-25 02:21:59,288021.44871730893,206491.69951269543,POINT (-82.54816355652034 35.559634756194846),14.5508995,1.26252,,,,,,,,,,,,,,,,,,,
0,2017-12-07 23:05:54,284782.26479145756,215348.2647184162,POINT (-82.587402123772 35.63836645462929),17.934,1.5109333,,,,,,,,,,,,,,,,,,,
0,2017-12-16 18:07:04,318594.222085391,201644.94592678812,POINT (-82.20935679411991 35.525349088501834),22.712,1.2500999,,,,,,,,,,,,,,,,,,,
0,2019-12-18 17:39:54,280911.9441024406,197382.7150081389,POINT (-82.62287133189591 35.47526468222517),32.437,4.237267,,,,,,,,,,,,,,,,,,,
0,2018-11-14 19:26:47,293982.7955207145,204174.1533881043,POINT (-82.48154680280294 35.54065961989161),41.783,4.780633,,,,,,,,,,,,,,,,,,,
0,2021-02-04 07:06:38,280769.2097363242,218577.88903173985,POINT (-82.63298904526809 35.66614313784762),19.5236,1.8983634,,,,,,,,,,,,,,,,,,,
0,2020-11-07 08:40:32,295472.7389426399,197234.64646989873,POINT (-82.46245592181843 35.47861389167777),68.459,5.7104,,,,,,,,,,,,,,,,,,,
0,2021-05-31 05:22:37,292112.39535593806,224545.29351429225,POINT (-82.51010414000093 35.723574328042396),20.356699,3.206723,,,,,,,,,,,,,,,,,,,
0,2017-09-11 19:53:46,294380.8786765515,214724.81771393697,POINT (-82.48123888382386 35.63583010587767),16.248,2.6779666,,,,,,,,,,,,,,,,,,,
0,2020-05-30 23:11:50,291436.88744614896,232345.6938714155,POINT (-82.52062342053725 35.79362356427765),44.204,4.7919,,,,,,,,,,,,,,,,,,,
0,2017-04-15 23:17:03,286957.6154239172,197603.92400971384,POINT (-82.55637971892939 35.47922758913421),37.379,4.6131997,,,,,,,,,,,,,,,,,,,
0,2020-06-23 22:51:45,299163.6448964985,230882.13650727505,POINT (-82.43463254439813 35.78287929594873),13.97,2.5618005,,,,,,,,,,,,,,,,,,,
0,2018-09-12 06:29:34,272201.52026386245,216604.67000663045,POINT (-82.7267404206294 35.64550709525191),11.967,1.7314334,,,,,,,,,,,,,,,,,,,
0,2020-10-13 06:08:37,298241.5879155003,218895.35829298384,POINT (-82.44023174216888 35.67461253638643),40.079,6.006166,,,,,,,,,,,,,,,,,,,
0,2019-08-13 13:50:43,284900.8610596339,209591.15046414235,POINT (-82.58379899242053 35.58654491078039),36.146,4.0003667,,,,,,,,,,,,,,,,,,,
0,2018-10-22 00:55:17,309647.9648353904,197828.00596408025,POINT (-82.3065466589997 35.48831504534841),111.029,10.802699,,,,,,,,,,,,,,,,,,,
0,2020-08-31 04:32:25,315490.57468007924,204961.53017226025,POINT (-82.24475611252576 35.5543199014628),33.848,7.324533,,,,,,,,,,,,,,,,,,,
0,2017-01-09 10:25:06,300662.0013749176,204342.23896262108,POINT (-82.40799145852999 35.54426265345417),13.563,1.7069666,,,,,,,,,,,,,,,,,,,
0,2017-06-28 04:54:46,292048.68169977947,216058.79296700173,POINT (-82.50749422762603 35.64710703260148),18.611,2.3576999,,,,,,,,,,,,,,,,,,,
0,2017-10-17 14:11:10,259532.4738349472,220341.02108371916,POINT (-82.8681443847416 35.674793728865055),48.443,2.3916667,,,,,,,,,,,,,,,,,,,
0,2018-02-02 16:15:23,293749.5874157171,231972.27896635313,POINT (-82.49490822148672 35.79099635443366),23.244,1.9609333,,,,,,,,,,,,,,,,,,,
0,2017-04-06 09:57:19,269570.02133800293,203766.5488906611,POINT (-82.75042422897036 35.52897385183802),28.68,3.7830665,,,,,,,,,,,,,,,,,,,
0,2018-07-10 22:14:33,306916.126913019,223570.8149081925,POINT (-82.34620048992966 35.71940306945256),35.615,5.4173994,,,,,,,,,,,,,,,,,,,
0,2020-10-11 00:28:49,298951.161160911,197019.1416325704,POINT (-82.42406396579075 35.47775981687657),44.634,6.2023997,,,,,,,,,,,,,,,,,,,
0,2018-05-15 00:43:07,275409.0753543289,201811.4706178181,POINT (-82.68528104429838 35.51333370163504),50.452,4.497333,,,,,,,,,,,,,,,,,,,
0,2018-08-16 05:18:48,296328.2294862688,221770.2458078762,POINT (-82.46246295501315 35.69991075056471),60.844,7.969667,,,,,,,,,,,,,,,,,,,
0,2019-09-04 04:57:54,280545.9348669833,199840.56988130783,POINT (-82.62789157652908 35.49728499690183),53.533,2.9290001,,,,,,,,,,,,,,,,,,,
0,2018-07-29 04:00:48,295219.38354984793,215067.0674371044,POINT (-82.47211828973309 35.63917784398299),14.998,3.6420667,,,,,,,,,,,,,,,,,,,
0,2020-12-25 14:11:34,269397.99971077824,197955.0475902175,POINT (-82.7498996010553 35.47656694020235),33.131,3.2084665,,,,,,,,,,,,,,,,,,,
0,2018-03-10 20:11:21,289787.58904739184,194463.47782692607,POINT (-82.52398399004451 35.45184644466531),42.067,4.8258,,,,,,,,,,,,,,,,,,,
0,2020-05-09 08:28:30,277811.4681360164,217183.22009742455,POINT (-82.6650684650407 35.65260062621592),82.372,5.9778333,,,,,,,,,,,,,,,,,,,
0,2019-05-21 20:29:29,308368.4037893944,200337.67340606864,POINT (-82.32156678706043 35.51053998115484),32.485,2.6016002,,,,,,,,,,,,,,,,,,,
0,2017-01-24 16:09:21,282435.08782202,213662.83747648745,POINT (-82.61262516334946 35.622417173028644),31.78,2.7374663,,,,,,,,,,,,,,,,,,,
0,2020-04-02 17:44:00,304510.4334582392,200498.7403350632,POINT (-82.36413480079646 35.51082019257736),31.512,2.7845,,,,,,,,,,,,,,,,,,,
0,2019-02-19 11:33:31,295420.40203443926,198550.2906002751,POINT (-82.46353808853978 35.49044968290702),31.054,4.0656333,,,,,,,,,,,,,,,,,,,
0,2019-04-22 13:57:08,298834.26149902324,227895.0048986005,POINT (-82.43713004260795 35.75586827535117),79.993,6.2557664,,,,,,,,,,,,,,,,,,,
0,2021-07-09 08:35:45,292562.7154405225,198192.88804664204,POINT (-82.49487674299104 35.48632733356684),18.2141,2.8942266,,,,,,,,,,,,,,,,,,,
0,2019-07-28 22:38:32,313122.7704773906,203351.4324828592,POINT (-82.27027496323043 35.53911396308146),38.095,5.0739665,,,,,,,,,,,,,,,,,,,
0,2019-02-22 21:53:11,290972.6327091258,227279.42056608008,POINT (-82.5237671549896 35.747839203276286),17.8,3.4246995,,,,,,,,,,,,,,,,,,,
0,2019-12-19 15:45:00,265255.21024119854,220037.65818609815,POINT (-82.80484404334928 35.67405437936562),46.381,5.3694334,,,,,,,,,,,,,,,,,,,
0,2020-03-22 21:40:40,290373.91743072,195537.37163446145,POINT (-82.51794789456096 35.461708120044655),17.375,1.6733334,,,,,,,,,,,,,,,,,,,
0,2017-07-25 21:12:40,277695.69340203813,205885.4375565974,POINT (-82.66174485141244 35.55079419844558),11.729,1.9807334,,,,,,,,,,,,,,,,,,,
0,2017-01-07 09:13:15,306376.56817884743,223401.10487766512,POINT (-82.35209748358936 35.717710191763054),15.406,1.9497666,,,,,,,,,,,,,,,,,,,
0,2018-04-30 20:19:54,278753.0108915058,222677.21053725097,POINT (-82.65691189530617 35.70240117373224),37.122,2.8774996,,,,,,,,,,,,,,,,,,,
0,2019-09-19 09:45:20,263427.89783268864,219886.74639756215,POINT (-82.8249507500449 35.67206229266935),30.816,1.7256,,,,,,,,,,,,,,,,,,,
0,2019-09-27 11:29:47,274179.25363814173,211049.3281445721,POINT (-82.70262811355853 35.59613395547256),13.934,0.6704999,,,,,,,,,,,,,,,,,,,
0,2018-01-21 19:32:08,308937.20760639437,218054.09313207935,POINT (-82.32183403068271 35.67031689019004),52.005,2.9055333,,,,,,,,,,,,,,,,,,,
0,2017-03-13 04:32:07,274434.9566113146,218518.15047214457,POINT (-82.70288200356127 35.6634958963777),11.67,1.6031,,,,,,,,,,,,,,,,,,,
0,2020-12-04 06:00:05,291880.80318924977,227543.69388008068,POINT (-82.5138353524501 35.75050984055151),30.684,2.1421,,,,,,,,,,,,,,,,,,,
0,2020-06-21 14:26:25,286416.93256917445,225598.07203386995,POINT (-82.57343714326797 35.731226397530484),10.069,1.5044001,,,,,,,,,,,,,,,,,,,
0,2020-06-07 13:00:42,273003.47700598463,196668.81133637571,POINT (-82.70966575627833 35.46620153868207),37.715,5.0948668,,,,,,,,,,,,,,,,,,,
0,2019-06-09 01:36:12,295948.0478529803,216936.79822097416,POINT (-82.4647977057976 35.6562503768532),40.269,3.8260999,,,,,,,,,,,,,,,,,,,
0,2020-11-27 09:56:03,283051.24660056474,198177.61591558595,POINT (-82.5996298535482 35.483126697544115),83.882,4.704667,,,,,,,,,,,,,,,,,,,
0,2017-01-16 23:59:22,273599.2976474085,217177.42237615772,POINT (-82.7115521375083 35.651138067989216),11.128,1.3572333,,,,,,,,,,,,,,,,,,,
0,2020-03-03 08:40:57,288964.15693009633,210358.52904694265,POINT (-82.53929145848821 35.59477133893495),48.406,5.1087337,,,,,,,,,,,,,,,,,,,
0,2019-10-02 13:20:17,278613.54739302606,196183.82132391792,POINT (-82.6476965983793 35.46370630387775),6.062,0.7016,,,,,,,,,,,,,,,,,,,
0,2019-01-27 13:18:16,282281.4862967299,227342.67955766848,POINT (-82.61982545555422 35.74559098621483),41.868,4.6895337,,,,,,,,,,,,,,,,,,,
0,2020-04-04 21:49:40,313564.3553141538,203382.3915450209,POINT (-82.26541885172506 35.53952388736795),33.744,2.3802335,,,,,,,,,,,,,,,,,,,
0,2019-09-26 05:25:56,278367.3105559267,220554.28903998632,POINT (-82.66030642219181 35.683150728745524),8.434,0.4632667,,,,,,,,,,,,,,,,,,,
0,2021-01-19 01:27:21,302692.02995816607,225660.2125500327,POINT (-82.39365133483501 35.73693292153306),37.65,2.7422001,,,,,,,,,,,,,,,,,,,
0,2019-09-14 23:51:59,307054.01838618825,232841.94264514,POINT (-82.34813276329211 35.802962680059565),20.175,2.1525667,,,,,,,,,,,,,,,,,,,
0,2018-05-31 11:22:18,262496.2285342017,221720.7862060923,POINT (-82.83601743975892 35.68825753948084),26.823,5.6655335,,,,,,,,,,,,,,,,,,,
0,2020-04-18 07:43:38,292808.6231601033,198774.45702808583,POINT (-82.49239366197793 35.49164444796038),70.249,4.5693,,,,,,,,,,,,,,,,,,,
0,2021-05-28 10:00:31,290473.9539115434,199044.18010596352,POINT (-82.51821545835537 35.49333129760551),15.762799,2.05359,,,,,,,,,,,,,,,,,,,
0,2019-12-31 23:37:17,261727.7069977189,216223.92355406296,POINT (-82.84215222029617 35.6384793541199),43.39,4.8855333,,,,,,,,,,,,,,,,,,,
0,2017-01-19 18:05:17,302015.6485005634,198932.6172858232,POINT (-82.391032976674 35.49594610254217),14.174,1.6043334,,,,,,,,,,,,,,,,,,,
0,2018-05-13 21:56:10,290022.73389131064,219784.79443995457,POINT (-82.53131620925326 35.68002392734717),44.968,3.098733,,,,,,,,,,,,,,,,,,,
0,2020-09-24 16:54:00,304285.754999981,206534.47888450153,POINT (-82.36886809314838 35.56512679729911),46.147,5.295533,,,,,,,,,,,,,,,,,,,
0,2019-06-26 07:31:02,310667.7847360951,222966.00418063693,POINT (-82.3045340404903 35.71508715871241),82.688,10.187834,,,,,,,,,,,,,,,,,,,
0,2018-01-28 18:10:59,296394.66311237606,225175.82621798688,POINT (-82.463041841167 35.73060956837515),30.846,1.9278334,,,,,,,,,,,,,,,,,,,
0,2021-01-16 19:11:44,303115.78729244304,217941.5686082451,POINT (-82.38605918865314 35.667530689883854),36.11,2.9771833,,,,,,,,,,,,,,,,,,,
0,2018-05-07 13:26:17,299865.6873245554,225940.91738343835,POINT (-82.42498601149603 35.73858682737129),55.432,4.2749333,,,,,,,,,,,,,,,,,,,
0,2017-08-09 15:41:13,270656.18324837455,216106.6776143556,POINT (-82.74358592793048 35.640497475378),25.017,3.398233,,,,,,,,,,,,,,,,,,,
0,2018-03-25 16:10:53,294032.1108595751,232292.77715283167,POINT (-82.49190936323576 35.79397293861179),23.571,3.3216002,,,,,,,,,,,,,,,,,,,
0,2020-11-01 11:04:24,286607.1023607586,203293.07121034717,POINT (-82.5624894539312 35.53036414132661),78.625,5.2176,,,,,,,,,,,,,,,,,,,
0,2017-11-03 16:14:24,297904.6456346985,218171.543490611,POINT (-82.44367433300845 35.66798689642701),91.705,8.101534,,,,,,,,,,,,,,,,,,,
0,2017-10-26 12:58:22,272580.6472471593,195834.74316368692,POINT (-82.71397769547796 35.458545826817954),93.765,6.903967,,,,,,,,,,,,,,,,,,,
0,2018-11-08 06:43:10,289167.77032129787,202524.4719975044,POINT (-82.53396865398037 35.52426519374083),55.25,5.6606336,,,,,,,,,,,,,,,,,,,
0,2017-01-05 05:10:10,309444.1707362149,213755.5421062101,POINT (-82.31465193269875 35.63174500707482),17.43,2.149933,,,,,,,,,,,,,,,,,,,
0,2020-11-26 17:49:20,286284.33546866564,220016.6481059272,POINT (-82.57268191683036 35.680906997877536),42.227,2.9787002,,,,,,,,,,,,,,,,,,,
0,2017-08-16 12:58:30,293326.56738434336,224781.5486078195,POINT (-82.4967835457106 35.7260886668964),27.588,4.9194665,,,,,,,,,,,,,,,,,,,
0,2020-08-02 09:44:10,314266.2320031271,197505.98831619744,POINT (-82.2555574149522 35.48678959584505),35.625,6.418833,,,,,,,,,,,,,,,,,,,
0,2018-12-16 09:07:39,311381.95337452594,211198.81519977344,POINT (-82.29233257803823 35.609292915356164),33.268,4.5686,,,,,,,,,,,,,,,,,,,
0,2017-09-19 08:33:39,293560.58605861105,211247.54034492665,POINT (-82.4889414681907 35.604246159443164),48.378,3.1802332,,,,,,,,,,,,,,,,,,,
0,2021-06-25 03:57:34,286487.59922976734,194150.6513377406,POINT (-82.56019155792586 35.44796715582064),19.5866,3.63181,,,,,,,,,,,,,,,,,,,
0,2019-10-03 07:43:34,261191.65874466184,217760.7002666963,POINT (-82.84872450242142 35.652134046856936),5.752,0.53173333,,,,,,,,,,,,,,,,,,,
0,2020-07-31 08:54:10,297340.9741673002,196121.75135868168,POINT (-82.4414549062186 35.46917357573807),25.463,4.3894,,,,,,,,,,,,,,,,,,,
0,2017-10-07 06:04:02,279671.5449363191,208808.8701195438,POINT (-82.64114835872984 35.57778318389605),21.077,1.3570333,,,,,,,,,,,,,,,,,,,
0,2021-07-06 15:40:48,278835.4922352347,206124.149954107,POINT (-82.64927814575498 35.553322751645844),21.4117,3.3519332,,,,,,,,,,,,,,,,,,,
0,2017-10-03 08:51:17,269379.98793639714,203400.74319085348,POINT (-82.75236579744926 35.525614082055476),46.177,2.3679664,,,,,,,,,,,,,,,,,,,
0,2018-10-23 11:09:04,309240.3853018687,211388.26458618068,POINT (-82.31602774965556 35.61035724116971),99.149,7.4736667,,,,,,,,,,,,,,,,,,,
0,2018-06-23 09:57:48,303678.78127640666,220054.54328597855,POINT (-82.38063870542956 35.68673832188169),115.557,8.6616,,,,,,,,,,,,,,,,,,,
0,2018-09-07 06:48:03,298711.15985031443,200123.3062841391,POINT (-82.42788822231273 35.505649976297974),33.274,3.7010667,,,,,,,,,,,,,,,,,,,
0,2019-08-29 21:42:19,259849.0962064728,216757.5811208776,POINT (-82.86310924754704 35.64262900988816),45.879,3.9604998,,,,,,,,,,,,,,,,,,,
0,2017-05-15 01:48:12,319340.67219414935,203558.64882439616,POINT (-82.20181079906133 35.54280759811796),60.112,7.4964,,,,,,,,,,,,,,,,,,,
0,2020-11-12 23:19:43,292223.4092833479,220389.8633193597,POINT (-82.5072553446244 35.68617749388404),52.67,3.083433,,,,,,,,,,,,,,,,,,,
0,2020-09-05 07:24:17,286656.7981548552,209591.63027257985,POINT (-82.56443516493428 35.58711897793041),15.466,3.5723002,,,,,,,,,,,,,,,,,,,
0,2018-01-12 06:39:20,276110.3282834636,199947.80258327603,POINT (-82.67679426196388 35.49678022483251),18.761,1.3408333,,,,,,,,,,,,,,,,,,,
0,2020-04-12 15:59:22,276026.91465331946,212495.9821328013,POINT (-82.68284323783301 35.60978434024371),30.659,2.6034331,,,,,,,,,,,,,,,,,,,
0,2020-12-23 19:17:25,272012.3431848304,214646.86607362737,POINT (-82.72801628335637 35.62780821122154),27.166,2.7229002,,,,,,,,,,,,,,,,,,,
0,2018-10-03 16:17:23,275139.2110911675,208592.6706820655,POINT (-82.69103335387757 35.57432726853817),38.389,4.085833,,,,,,,,,,,,,,,,,,,
0,2020-04-01 17:19:16,269065.6868857902,220851.6300395312,POINT (-82.76312158581067 35.68269487139575),31.829,3.5452666,,,,,,,,,,,,,,,,,,,
0,2019-03-24 04:06:50,279410.5848929893,220677.1042497932,POINT (-82.64883795987721 35.68460311479986),18.178,3.6575334,,,,,,,,,,,,,,,,,,,
0,2017-05-27 11:25:02,282397.3670368399,209016.23997469255,POINT (-82.61117567517616 35.58054847945301),40.731,5.9852004,,,,,,,,,,,,,,,,,,,
0,2021-02-09 13:22:25,301565.45889227226,200752.12377914487,POINT (-82.39667840208804 35.51219910074822),20.994299,1.6010567,,,,,,,,,,,,,,,,,,,
0,2020-04-02 11:36:16,298658.68242322595,217936.97716048863,POINT (-82.43526062519648 35.66610928485531),27.528,3.3722336,,,,,,,,,,,,,,,,,,,
0,2021-06-09 20:57:04,282804.7421304438,218240.6656546828,POINT (-82.61038460230901 35.66377474785899),17.7719,2.0591733,,,,,,,,,,,,,,,,,,,
0,2021-02-17 23:02:54,297382.01103578776,232001.91005731377,POINT (-82.45475937956941 35.79240907560288),21.9513,3.7140398,,,,,,,,,,,,,,,,,,,
0,2021-04-16 10:41:07,291816.3937725756,222787.24619108604,POINT (-82.51268647215761 35.707643516692414),62.782997,5.5683894,,,,,,,,,,,,,,,,,,,
0,2021-05-03 09:55:17,287529.15129576286,203896.96889712889,POINT (-82.55256659916428 35.53610201880568),28.2617,1.5909,,,,,,,,,,,,,,,,,,,
0,2018-08-05 13:29:30,281791.5350340255,217815.06854623443,POINT (-82.62139695491263 35.659608473500064),40.672,6.936066,,,,,,,,,,,,,,,,,,,
0,2020-06-05 20:21:12,282980.26829679613,220279.6009599185,POINT (-82.60926576293868 35.68219854015086),35.316,3.7422,,,,,,,,,,,,,,,,,,,
0,2020-03-13 00:23:47,311069.82187873067,203833.0275674679,POINT (-82.29307940572141 35.54284107773455),17.74,2.7201333,,,,,,,,,,,,,,,,,,,
0,2019-12-03 22:14:19,261972.2471837521,222762.663769675,POINT (-82.84224785983349 35.6974590601073),47.184,4.1077337,,,,,,,,,,,,,,,,,,,
0,2021-02-12 14:23:58,261419.0959126719,214957.14110180337,POINT (-82.84501567613218 35.62696165942921),24.452799,2.5790334,,,,,,,,,,,,,,,,,,,
0,2020-05-12 07:40:20,295802.1891799971,215012.48948200297,POINT (-82.46566582473577 35.638869722246625),58.293,5.6028,,,,,,,,,,,,,,,,,,,
0,2019-06-25 13:53:09,283022.50606241456,223149.1319670389,POINT (-82.60995202938935 35.708060304302435),32.758,6.020867,,,,,,,,,,,,,,,,,,,
0,2018-10-09 13:01:11,293673.733583491,223336.38962043665,POINT (-82.49238650772011 35.71318077521546),33.736,3.4709334,,,,,,,,,,,,,,,,,,,
0,2017-12-20 14:37:31,295048.5496476993,203246.1578296096,POINT (-82.4694425738009 35.53263599739477),25.424,1.2277666,,,,,,,,,,,,,,,,,,,
0,2017-07-28 21:56:55,273460.43585882086,205332.0694321553,POINT (-82.70819916532943 35.5443927266305),11.998,1.8360999,,,,,,,,,,,,,,,,,,,
0,2017-07-13 04:16:07,286909.3111681818,221891.97146393883,POINT (-82.56652600934353 35.69800217808287),26.825,4.7876334,,,,,,,,,,,,,,,,,,,
0,2021-06-11 23:55:31,303883.54885748704,205566.27340268405,POINT (-82.3729397968428 35.55628132258141),20.694,2.1095734,,,,,,,,,,,,,,,,,,,
0,2017-11-16 15:00:31,290576.17151655944,228899.28535399152,POINT (-82.52878453500597 35.762303744660166),67.663,5.1063333,,,,,,,,,,,,,,,,,,,
0,2020-05-09 13:09:17,302959.42989746283,196270.01377840116,POINT (-82.37963716166448 35.47224891775921),74.327,6.446033,,,,,,,,,,,,,,,,,,,
0,2020-11-14 04:40:06,289690.9688597981,210509.0967478037,POINT (-82.53133455460721 35.59636095259852),65.541,4.2131333,,,,,,,,,,,,,,,,,,,
0,2017-10-04 08:42:14,280313.22366552264,203391.2490746385,POINT (-82.63188655440466 35.52919317652687),23.155,1.7124,,,,,,,,,,,,,,,,,,,
0,2021-06-09 00:14:55,292796.9760267923,194586.0300679489,POINT (-82.4908988817734 35.45390874472297),24.1502,1.9367133,,,,,,,,,,,,,,,,,,,
0,2018-10-15 01:32:08,302991.0469044087,218956.15979932336,POINT (-82.38781864619239 35.676632271415215),112.193,11.060367,,,,,,,,,,,,,,,,,,,
0,2020-11-14 13:24:24,306242.4195526956,226595.8659452457,POINT (-82.3547724260012 35.74644913638442),61.563,4.5386,,,,,,,,,,,,,,,,,,,
0,2021-09-14 15:14:58,292596.73478217615,201563.98998288155,POINT (-82.49581014177156 35.51670690991241),77.8573,10.555286,,,,,,,,,,,,,,,,,,,
0,2018-11-11 06:04:06,311296.45911671256,196948.54323633277,POINT (-82.28806674530666 35.480885263482016),26.338,4.279033,,,,,,,,,,,,,,,,,,,
0,2019-11-26 06:50:23,306873.3667825411,221471.19371665872,POINT (-82.34589080489542 35.700475611724606),56.851,5.634433,,,,,,,,,,,,,,,,,,,
0,2021-08-12 12:16:47,291621.4781574693,195133.2000272134,POINT (-82.50405381452713 35.458464760141055),33.439598,4.285273,,,,,,,,,,,,,,,,,,,
0,2017-02-01 03:22:10,287953.52879655367,211060.44927562456,POINT (-82.55071460331352 35.6007691172495),29.437,2.6981332,,,,,,,,,,,,,,,,,,,
0,2020-09-11 12:29:10,294751.14976582484,203876.8578712273,POINT (-82.47296342343625 35.53822397830194),17.194,4.2356668,,,,,,,,,,,,,,,,,,,
0,2017-04-21 15:37:05,269772.38437140733,203012.70001059305,POINT (-82.74788059071993 35.52225230678165),28.68,3.2870667,,,,,,,,,,,,,,,,,,,
0,2019-10-21 08:01:25,270456.18737176183,218888.83480595244,POINT (-82.7469520432747 35.66548940563493),30.735,2.2206666,,,,,,,,,,,,,,,,,,,
0,2021-08-23 06:49:29,290862.33389584965,230600.15528114745,POINT (-82.52628993012418 35.777716432615456),82.1355,6.246597,,,,,,,,,,,,,,,,,,,
0,2017-08-29 20:51:33,302636.9408337584,232103.56863652493,POINT (-82.39669691112162 35.79495901180752),36.274,2.9992998,,,,,,,,,,,,,,,,,,,
0,2019-09-02 19:50:57,303995.16885467665,215490.58536511924,POINT (-82.3754308752734 35.645720776339516),31.639,2.6795666,,,,,,,,,,,,,,,,,,,
0,2019-09-27 00:10:19,312674.5027572546,212436.65407875847,POINT (-82.27852442676313 35.620830066723556),22.158,1.1732999,,,,,,,,,,,,,,,,,,,
0,2020-12-09 21:41:35,289813.26119848224,203576.14951895553,POINT (-82.52726766575988 35.533946008721266),19.359,2.4339666,,,,,,,,,,,,,,,,,,,
0,2017-11-15 02:11:02,287401.62311392,206132.94910164116,POINT (-82.55485490267601 35.55620319804058),75.581,5.6425004,,,,,,,,,,,,,,,,,,,
0,2017-03-19 04:16:16,263647.03029759164,220340.75069469525,POINT (-82.82272497487453 35.6762275949966),27.614,2.8244333,,,,,,,,,,,,,,,,,,,
0,2021-02-14 21:48:15,269519.4519137236,211883.40219341996,POINT (-82.75436569423125 35.60206970562546),23.431599,2.77908,,,,,,,,,,,,,,,,,,,
0,2018-12-30 21:38:59,277007.6534033538,198953.8937791304,POINT (-82.66650556048232 35.48812619212673),67.78,8.029599,,,,,,,,,,,,,,,,,,,
