X,Y,OBJECTID,Process_ID,Project,County,Quad,Col_Date,Mvmnt_Date,SM_State,SM_Rate_1,SM_Mat_1,SM_Type_1,SM_Rate_2,SM_Mat_2,SM_Type_2,Slp_Config,Fatalities,Confidence,MapMethod,GlobalID,geometry,Sort_Date,IsLandslide
277162.503399998,199737.891800001,60623.0,5610.0,Landslide Hazard Mapping,Buncombe,Dunsmore Mountain,,1977-11-05 06:00:00,,Extremely rapid (>5 m/sec),Debris,Flow,,,,Unmodified,,,,{E76BA3B5-30EE-4B4B-AAFB-AA092E4AC0A5},POINT (277162.503399998 199737.891800001),1977-11-05 06:00:00,1
278038.0876,197074.510200001,58004.0,386.0,Geohazards,Buncombe,Dunsmore Mountain,,1977-11-05 06:00:00,,Extremely rapid (>5 m/sec),Debris,Flow,,,,Unmodified,,,,{E0565A0C-C7D7-4ED9-AF16-51CB93D3A6E3},POINT (278038.0876 197074.510200001),1977-11-05 06:00:00,1
278242.174800001,198400.1296,58003.0,385.0,Geohazards,Buncombe,Dunsmore Mountain,,1977-11-05 06:00:00,,,Debris,Slide,,,,Unmodified,,,,{38B77C31-6A6D-412E-A559-113E9558A0F2},POINT (278242.174800001 198400.1296),1977-11-05 06:00:00,1
279165.488399997,199821.765900001,58002.0,383.0,Geohazards,Buncombe,Dunsmore Mountain,,1977-11-05 06:00:00,,Extremely rapid (>5 m/sec),Debris,Flow,,,,Unmodified,,,,{AF01A193-30C5-4D28-B1EA-F3FC66DF5140},POINT (279165.488399997 199821.765900001),1977-11-05 06:00:00,1
280654.162699997,193339.762499999,58001.0,382.0,Geohazards,Buncombe,Dunsmore Mountain,,1977-11-05 06:00:00,,Extremely rapid (>5 m/sec),Debris,Flow,,,,Unmodified,,,,{3C6D6EE1-E271-4592-946D-F8EC332686A5},POINT (280654.162699997 193339.762499999),1977-11-05 06:00:00,1
280299.663900003,193543.208900001,58000.0,381.0,Geohazards,Buncombe,Dunsmore Mountain,,1977-11-05 06:00:00,,,Debris,Slide,,,,Unmodified,,,,{D6040E51-8709-4AD7-8BB5-3367AF31A691},POINT (280299.663900003 193543.208900001),1977-11-05 06:00:00,1
278449.765600003,195739.4397,57999.0,365.0,Geohazards,Buncombe,Dunsmore Mountain,,1977-11-05 06:00:00,,Extremely rapid (>5 m/sec),Debris,Flow,,,,Unmodified,,,,{8F9E081B-A0C5-4A94-9306-25F18C24416E},POINT (278449.765600003 195739.4397),1977-11-05 06:00:00,1
277985.642999999,196868.629000001,58005.0,387.0,Geohazards,Buncombe,Dunsmore Mountain,,1977-11-05 06:00:00,,Extremely rapid (>5 m/sec),Debris,Flow,,,,Unmodified,,,,{CCEF6450-913C-4478-A420-8D8CACBB7DC8},POINT (277985.642999999 196868.629000001),1977-11-05 06:00:00,1
278538.078299999,195478.425700001,57998.0,364.0,Geohazards,Buncombe,Dunsmore Mountain,,1977-11-05 06:00:00,,Extremely rapid (>5 m/sec),Debris,Slide,,,,Road embankment,,,,{61F2E2F6-F534-45B1-8D43-59DEE97D4B13},POINT (278538.078299999 195478.425700001),1977-11-05 06:00:00,1
278355.705600001,195449.054400001,57996.0,362.0,Geohazards,Buncombe,Dunsmore Mountain,,1977-11-05 06:00:00,,Extremely rapid (>5 m/sec),Debris,Flow,,,,Unmodified,,,,{E13F7EA8-CB53-4284-927E-DFD5A6A4DD23},POINT (278355.705600001 195449.054400001),1977-11-05 06:00:00,1
277546.771399997,196739.047400001,60626.0,5623.0,Landslide Hazard Mapping,Buncombe,Dunsmore Mountain,2009-04-23,1977-11-05 06:00:00,,,Debris,Slide - translational,,,,Stream bank,,,,{215D9C28-5867-4B5D-8630-F69C241BFE3E},POINT (277546.771399997 196739.047400001),1977-11-05 06:00:00,1
274684.3477,198228.850099999,60615.0,5600.0,Landslide Hazard Mapping,Buncombe,Dunsmore Mountain,,1977-11-05 06:00:00,,Extremely rapid (>5 m/sec),Debris,Flow,,,,Road unspecified,,,,{86606E9B-7081-4D4B-AE4A-0B656541A7FD},POINT (274684.3477 198228.850099999),1977-11-05 06:00:00,1
278505.722099997,194949.207400002,57990.0,357.0,Landslide Hazard Mapping,Buncombe,Dunsmore Mountain,,1977-11-05 06:00:00,,Extremely rapid (>5 m/sec),Debris,Flow,,,,Unmodified,,,,{637CC2B3-FAA7-410D-A36E-415EC1E80F5F},POINT (278505.722099997 194949.207400002),1977-11-05 06:00:00,1
276570.263800003,196042.772799999,57989.0,356.0,Geohazards,Buncombe,Dunsmore Mountain,,1977-11-05 06:00:00,,Extremely rapid (>5 m/sec),Debris,Flow,,,,Unmodified,,,,{B2498398-26C9-417E-8A44-A217B598B87C},POINT (276570.263800003 196042.772799999),1977-11-05 06:00:00,1
278894.340800002,196189.122000001,57988.0,355.0,Landslide Hazard Mapping,Buncombe,Dunsmore Mountain,,1977-11-05 06:00:00,,Extremely rapid (>5 m/sec),Debris,Flow,,,,Unmodified,,,,{723DAEBF-9315-4055-97C1-83011BB9DC57},POINT (278894.340800002 196189.122000001),1977-11-05 06:00:00,1
278540.475699998,194921.065200001,57997.0,363.0,Geohazards,Buncombe,Dunsmore Mountain,,1977-11-05 06:00:00,,Extremely rapid (>5 m/sec),Debris,Flow,,,,Unmodified,,,,{49D6D7CA-42EA-4D5D-91C2-C87F44022446},POINT (278540.475699998 194921.065200001),1977-11-05 06:00:00,1
279344.117700003,202660.103700001,58006.0,392.0,Geohazards,Buncombe,Enka,,1977-11-05 06:00:00,,Extremely rapid (>5 m/sec),Debris,Flow,,,,Road embankment,,,,{729C6ED8-9EA4-4F0A-B11C-36B64B281AD9},POINT (279344.117700003 202660.103700001),1977-11-05 06:00:00,1
279616.674800001,202838.8233,58007.0,393.0,Geohazards,Buncombe,Enka,,1977-11-05 06:00:00,,Extremely rapid (>5 m/sec),Debris,Flow,,,,Road embankment,,,,{C7C8AFA0-4621-4BD1-BDF8-B01CB16BF34B},POINT (279616.674800001 202838.8233),1977-11-05 06:00:00,1
281797.4507,197141.432,58008.0,396.0,Geohazards,Buncombe,Skyland,,1977-11-05 06:00:00,,Extremely rapid (>5 m/sec),Debris,Flow,,,,Unmodified,,,,{29A9B4C1-5237-46E5-950C-732B87EB696A},POINT (281797.4507 197141.432),1977-11-05 06:00:00,1
279621.443099998,195648.800700001,58233.0,370.0,Geohazards,Buncombe,Dunsmore Mountain,2009-04-30,1977-11-05 06:00:00,,Extremely rapid (>5 m/sec),Debris,Flow,,,,Unmodified,,,,{1402A435-69E6-4054-BA58-722C85C3AD3F},POINT (279621.443099998 195648.800700001),1977-11-05 06:00:00,1
280208.284000002,193764.572900001,58234.0,379.0,Geohazards,Buncombe,Dunsmore Mountain,,1977-11-05 06:00:00,,,Debris,Slide,,,,Unmodified,,,,{A4EC6BAE-6A20-4164-A10C-1096F90E8146},POINT (280208.284000002 193764.572900001),1977-11-05 06:00:00,1
280247.073600002,193635.3825,58235.0,380.0,Geohazards,Buncombe,Dunsmore Mountain,,1977-11-05 06:00:00,,Extremely rapid (>5 m/sec),Debris,Flow,,,,Unmodified,,,,{1E253805-39AB-4FD3-89BC-13EA7AA611F0},POINT (280247.073600002 193635.3825),1977-11-05 06:00:00,1
316880.544100001,201492.292599998,58773.0,5624.0,Landslide Hazard Mapping,Buncombe,Moffitt Hill,2008-10-29,1977-11-05 06:00:00,,Extremely rapid (>5 m/sec),Debris,Flow,,,,Unmodified,,,,{15A01C44-89E2-40DB-AD0B-BCD4CFD6A063},POINT (316880.544100001 201492.292599998),1977-11-05 06:00:00,1
270343.773500003,209297.642299999,58778.0,5629.0,Landslide Hazard Mapping,Buncombe,Enka,2008-10-30,1977-11-05 06:00:00,,Extremely rapid (>5 m/sec),Debris,Flow,,,,Unmodified,,,,{8C61171E-652F-4D20-80F3-BC8EB9419ADA},POINT (270343.773500003 209297.642299999),1977-11-05 06:00:00,1
277232.458800003,199611.4186,60622.0,5609.0,Landslide Hazard Mapping,Buncombe,Dunsmore Mountain,,1977-11-05 06:00:00,,Extremely rapid (>5 m/sec),Debris,Flow,,,,Unmodified,,,,{0E326784-A521-4FCB-B2E7-902E8E064758},POINT (277232.458800003 199611.4186),1977-11-05 06:00:00,1
278181.462899998,198472.523899999,59166.0,5614.0,Landslide Hazard Mapping,Buncombe,Dunsmore Mountain,,1977-11-05 06:00:00,,,Debris,Slide,,,,Unmodified,,,,{2F065143-D321-4F59-8738-F8AFE9D23AE2},POINT (278181.462899998 198472.523899999),1977-11-05 06:00:00,1
278141.242299996,198398.6281,59167.0,5615.0,Landslide Hazard Mapping,Buncombe,Dunsmore Mountain,,1977-11-05 06:00:00,,,Debris,Slide,,,,Unmodified,,,,{8084562E-FC34-433F-9909-73DF4C9F5A7A},POINT (278141.242299996 198398.6281),1977-11-05 06:00:00,1
276954.101599999,196483.2863,59168.0,5620.0,Landslide Hazard Mapping,Buncombe,Dunsmore Mountain,,1977-11-05 06:00:00,,Extremely rapid (>5 m/sec),Debris,Flow,,,,Unmodified,,,,{76743A6C-EAE7-42EF-9AE7-D09F3229A215},POINT (276954.101599999 196483.2863),1977-11-05 06:00:00,1
278109.8376,198712.059900001,59537.0,5384.0,Landslide Hazard Mapping,Buncombe,Dunsmore Mountain,2008-07-22,1977-11-05 06:00:00,,Extremely rapid (>5 m/sec),Debris,Flow,,,,Unmodified,,,,{C5D210D8-A0EA-4D8F-83E0-99D058614BB4},POINT (278109.8376 198712.059900001),1977-11-05 06:00:00,1
278187.966499999,195316.352400001,59538.0,5385.0,Landslide Hazard Mapping,Buncombe,Dunsmore Mountain,2008-07-23,1977-11-05 06:00:00,,Extremely rapid (>5 m/sec),Debris,Flow,,,,Unmodified,,,,{F1075FBE-439C-474A-8FE4-135E5AFD5556},POINT (278187.966499999 195316.352400001),1977-11-05 06:00:00,1
278221.975699998,195361.836199999,59663.0,5389.0,Landslide Hazard Mapping,Buncombe,Dunsmore Mountain,2008-07-23,1977-11-05 06:00:00,,Extremely rapid (>5 m/sec),Debris,Flow,,,,Unmodified,,,,{379A63FA-D19E-4DE6-92A7-109601D61F0B},POINT (278221.975699998 195361.836199999),1977-11-05 06:00:00,1
278320.686499998,195353.874600001,59664.0,5390.0,Landslide Hazard Mapping,Buncombe,Dunsmore Mountain,2008-07-23,1977-11-05 06:00:00,,Extremely rapid (>5 m/sec),Debris,Flow,,,,Unmodified,,,,{AE0BF1AE-9B08-48C2-AFF2-B5F779B58F8F},POINT (278320.686499998 195353.874600001),1977-11-05 06:00:00,1
273959.977399997,199294.471700001,60613.0,5587.0,Landslide Hazard Mapping,Buncombe,Dunsmore Mountain,2008-10-16,1977-11-05 06:00:00,,Extremely rapid (>5 m/sec),Debris,Flow,,,,Road cut,,,,{0A080260-0725-4304-8119-0A33E34C0F88},POINT (273959.977399997 199294.471700001),1977-11-05 06:00:00,1
278473.948299997,197179.692299999,58009.0,389.0,Landslide Hazard Mapping,Buncombe,Dunsmore Mountain,2008-07-23,1977-11-05 06:00:00,,Extremely rapid (>5 m/sec),Debris,Flow,,,,Unmodified,,,,{48DA9B5C-03B0-44E6-A432-7EFDEB3E0C06},POINT (278473.948299997 197179.692299999),1977-11-05 06:00:00,1
278299.841200002,197768.7951,57987.0,354.0,Geohazards,Buncombe,Dunsmore Mountain,,1977-11-05 06:00:00,,Extremely rapid (>5 m/sec),Debris,Flow,,,,Road embankment,,,,{698A7F36-EECA-48BA-9E4E-E6970907C579},POINT (278299.841200002 197768.7951),1977-11-05 06:00:00,1
278193.608199999,198681.555300001,57986.0,353.0,Geohazards,Buncombe,Dunsmore Mountain,2008-07-22,1977-11-05 06:00:00,,Extremely rapid (>5 m/sec),Debris,Flow,,,,Unmodified,,,,{770D8C88-3835-4E0B-8AEB-D969A1EFFFC0},POINT (278193.608199999 198681.555300001),1977-11-05 06:00:00,1
278200.682999998,195355.848200001,57995.0,361.0,Landslide Hazard Mapping,Buncombe,Dunsmore Mountain,2008-07-23,1977-11-05 06:00:00,,Extremely rapid (>5 m/sec),Debris,Flow,,,,Unmodified,,,,{AC3C3CC8-7569-4DDC-976E-ABAEB67B7292},POINT (278200.682999998 195355.848200001),1977-11-05 06:00:00,1
274117.452100001,197217.316799998,57984.0,331.0,Geohazards,Buncombe,Dunsmore Mountain,,1977-11-05 06:00:00,,Extremely rapid (>5 m/sec),Debris,Flow,,,,Unmodified,,,,{5DA4E4F5-F0DE-427A-AD60-B2963C95B6B6},POINT (274117.452100001 197217.316799998),1977-11-05 06:00:00,1
276486.747500002,198576.600000001,60617.0,5602.0,Landslide Hazard Mapping,Buncombe,Dunsmore Mountain,,1977-11-05 06:00:00,,Extremely rapid (>5 m/sec),Debris,Flow,,,,Unmodified,,,,{CEB528E4-0C6F-460E-B2DF-FD06836C886A},POINT (276486.747500002 198576.600000001),1977-11-05 06:00:00,1
276946.3574,196841.473499998,60625.0,5622.0,Landslide Hazard Mapping,Buncombe,Dunsmore Mountain,,1977-11-05 06:00:00,,Extremely rapid (>5 m/sec),Debris,Flow,,,,Unmodified,,,,{CDE744C1-4347-4B86-8D9F-C20D2E01835A},POINT (276946.3574 196841.473499998),1977-11-05 06:00:00,1
277019.888400003,196464.5372,60624.0,5621.0,Landslide Hazard Mapping,Buncombe,Dunsmore Mountain,,1977-11-05 06:00:00,,Extremely rapid (>5 m/sec),Debris,Flow,,,,Unmodified,,,,{7056DF74-83CE-4521-ACD4-091B46F38B78},POINT (277019.888400003 196464.5372),1977-11-05 06:00:00,1
274868.799699999,197675.362300001,57926.0,336.0,Geohazards,Buncombe,Dunsmore Mountain,,1977-11-05 06:00:00,,Extremely rapid (>5 m/sec),Debris,Flow,,,,Unmodified,,,,{3D7CD3AC-E65D-4FC2-B89A-F4AC4926CFD2},POINT (274868.799699999 197675.362300001),1977-11-05 06:00:00,1
275979.351899996,198941.195799999,60616.0,5601.0,Landslide Hazard Mapping,Buncombe,Dunsmore Mountain,,1977-11-05 06:00:00,,Extremely rapid (>5 m/sec),Debris,Flow,,,,Unmodified,,,,{186EA753-37E1-4E04-B8F0-E94E9AA36AC6},POINT (275979.351899996 198941.195799999),1977-11-05 06:00:00,1
275046.8957,198294.076299999,57924.0,334.0,Geohazards,Buncombe,Dunsmore Mountain,,1977-11-05 06:00:00,,Extremely rapid (>5 m/sec),Debris,Flow,,,,Unmodified,,,,{C70EE88A-49AE-4B2B-B7B2-78F8F2FBCC34},POINT (275046.8957 198294.076299999),1977-11-05 06:00:00,1
275505.967399999,198476.9595,57966.0,337.0,Geohazards,Buncombe,Dunsmore Mountain,,1977-11-05 06:00:00,,Extremely rapid (>5 m/sec),Debris,Flow,,,,Unmodified,,,,{FCE99EE3-8C6D-4798-8627-5256DBD33DE2},POINT (275505.967399999 198476.9595),1977-11-05 06:00:00,1
274831.793200001,198221.0341,57923.0,333.0,Geohazards,Buncombe,Dunsmore Mountain,,1977-11-05 06:00:00,,Extremely rapid (>5 m/sec),Debris,Flow,,,,Road unspecified,,,,{7E58D8FB-1C8F-4F4A-AC8A-146871CB1D2E},POINT (274831.793200001 198221.0341),1977-11-05 06:00:00,1
277183.502700001,197102.916200001,57921.0,330.0,Geohazards,Buncombe,Dunsmore Mountain,,1977-11-05 06:00:00,,Extremely rapid (>5 m/sec),Debris,Flow,,,,Unmodified,,,,{6268007A-6B58-4F6D-89DF-5C3483D4EF6D},POINT (277183.502700001 197102.916200001),1977-11-05 06:00:00,1
278342.997299999,199955.242400002,57915.0,391.0,Geohazards,Buncombe,Dunsmore Mountain,,1977-11-05 06:00:00,,Extremely rapid (>5 m/sec),Debris,Flow,,,,Road embankment,,,,{B302CC0F-DD60-4F32-B2DE-BD5E02BEE767},POINT (278342.997299999 199955.242400002),1977-11-05 06:00:00,1
277000.372000001,196806.5075,57914.0,390.0,Geohazards,Buncombe,Dunsmore Mountain,,1977-11-05 06:00:00,,Extremely rapid (>5 m/sec),Debris,Flow,,,,Unmodified,,,,{48038266-95E8-48FD-B3B5-CAFEC7BF26B2},POINT (277000.372000001 196806.5075),1977-11-05 06:00:00,1
275138.453299999,197994.27,57913.0,388.0,Geohazards,Buncombe,Dunsmore Mountain,,1977-11-05 06:00:00,,Extremely rapid (>5 m/sec),Debris,Flow,,,,Road embankment,,,,{43CEDE15-37B9-48A2-85E8-5B886F37F7EE},POINT (275138.453299999 197994.27),1977-11-05 06:00:00,1
277169.203500003,199462.112199999,60620.0,5606.0,Landslide Hazard Mapping,Buncombe,Dunsmore Mountain,,1977-11-05 06:00:00,,Extremely rapid (>5 m/sec),Debris,Flow,,,,Unmodified,,,,{645B3144-B831-4D65-ADF6-FDB7738C11F8},POINT (277169.203500003 199462.112199999),1977-11-05 06:00:00,1
277056.746600002,199408.873300001,60621.0,5607.0,Landslide Hazard Mapping,Buncombe,Dunsmore Mountain,,1977-11-05 06:00:00,,Extremely rapid (>5 m/sec),Debris,Flow,,,,Unmodified,,,,{72C9FEC0-4D0A-41C6-8029-840407F09AA3},POINT (277056.746600002 199408.873300001),1977-11-05 06:00:00,1
274690.545400001,198180.661899999,57922.0,332.0,Geohazards,Buncombe,Dunsmore Mountain,,1977-11-05 06:00:00,,Extremely rapid (>5 m/sec),Debris,Flow,,,,Road unspecified,,,,{1C111B23-80B9-4138-8008-C9FB586F6B02},POINT (274690.545400001 198180.661899999),1977-11-05 06:00:00,1
275525.265299998,198595.692899998,57967.0,338.0,Geohazards,Buncombe,Dunsmore Mountain,,1977-11-05 06:00:00,,,Debris,Slide,,,,Unmodified,,,,{976DDA2E-2D7B-45C1-8F2C-457EC81DAFB6},POINT (275525.265299998 198595.692899998),1977-11-05 06:00:00,1
274221.723800004,197117.8497,57925.0,335.0,Geohazards,Buncombe,Dunsmore Mountain,,1977-11-05 06:00:00,,Extremely rapid (>5 m/sec),Debris,Flow,,,,Unmodified,,,,{281858E0-C280-415B-991C-5B0DE53D4C41},POINT (274221.723800004 197117.8497),1977-11-05 06:00:00,1
275804.451700002,199055.473499998,57969.0,340.0,Geohazards,Buncombe,Dunsmore Mountain,,1977-11-05 06:00:00,,Extremely rapid (>5 m/sec),Debris,Flow,,,,Unmodified,,,,{898FB9FF-3067-41AF-AFF5-258A581EC423},POINT (275804.451700002 199055.473499998),1977-11-05 06:00:00,1
278149.0612,198712.058600001,57983.0,352.0,Geohazards,Buncombe,Dunsmore Mountain,2008-07-22,1977-11-05 06:00:00,,Extremely rapid (>5 m/sec),Debris,Flow,,,,Unmodified,,,,{9ED428EA-F658-4F9A-984B-3A9B7D48DA93},POINT (278149.0612 198712.058600001),1977-11-05 06:00:00,1
277894.7311,198842.319200002,57982.0,351.0,Geohazards,Buncombe,Dunsmore Mountain,2008-07-22,1977-11-05 06:00:00,,Extremely rapid (>5 m/sec),Debris,Flow,,,,Unmodified,,,,{969FCDC7-5AC0-42E8-8B28-738F9BA83C64},POINT (277894.7311 198842.319200002),1977-11-05 06:00:00,1
278446.238899998,199731.306899998,57981.0,350.0,Geohazards,Buncombe,Dunsmore Mountain,2008-07-22,1977-11-05 06:00:00,,Extremely rapid (>5 m/sec),Debris,Flow,,,,Unmodified,,,,{D343FE0A-5CA4-4A53-A3D0-D3D42E05E694},POINT (278446.238899998 199731.306899998),1977-11-05 06:00:00,1
276805.7016,196537.282499999,57980.0,349.0,Geohazards,Buncombe,Dunsmore Mountain,,1977-11-05 06:00:00,,Extremely rapid (>5 m/sec),Debris,Flow,,,,Unmodified,,,,{38BC4705-9602-49F0-9245-9D1B6E6CEFAA},POINT (276805.7016 196537.282499999),1977-11-05 06:00:00,1
275999.318599999,198842.986699998,57968.0,339.0,Geohazards,Buncombe,Dunsmore Mountain,,1977-11-05 06:00:00,,Extremely rapid (>5 m/sec),Debris,Flow,,,,Unmodified,,,,{A2984A60-D71F-44CD-A495-402E346E35CF},POINT (275999.318599999 198842.986699998),1977-11-05 06:00:00,1
276855.431199998,196661.553599998,57979.0,348.0,Geohazards,Buncombe,Dunsmore Mountain,,1977-11-05 06:00:00,,Extremely rapid (>5 m/sec),Debris,Flow,,,,Unmodified,,,,{921488E4-F2D9-4CAC-BE3A-D6B8CE8C8F38},POINT (276855.431199998 196661.553599998),1977-11-05 06:00:00,1
281491.271399997,197112.289299998,57977.0,398.0,Geohazards,Buncombe,Skyland,,1977-11-05 06:00:00,,Extremely rapid (>5 m/sec),Debris,Flow,,,,Unmodified,,,,{B5FA9627-3228-4654-8A13-C77ECB9E086E},POINT (281491.271399997 197112.289299998),1977-11-05 06:00:00,1
276980.117799997,197071.907299999,57976.0,346.0,Geohazards,Buncombe,Dunsmore Mountain,,1977-11-05 06:00:00,,Extremely rapid (>5 m/sec),Debris,Flow,,,,Unmodified,,,,{A9A244FE-649B-4E39-9F8B-354C493B9CEF},POINT (276980.117799997 197071.907299999),1977-11-05 06:00:00,1
276901.8125,196945.916299999,57978.0,347.0,Geohazards,Buncombe,Dunsmore Mountain,,1977-11-05 06:00:00,,Extremely rapid (>5 m/sec),Debris,Flow,,,,Unmodified,,,,{7892F7FF-036D-45CC-A26F-3C4DD428E1A6},POINT (276901.8125 196945.916299999),1977-11-05 06:00:00,1
277421.681199998,199466.888900001,57974.0,344.0,Geohazards,Buncombe,Dunsmore Mountain,,1977-11-05 06:00:00,,Extremely rapid (>5 m/sec),Debris,Flow,,,,Unmodified,,,,{01C8C50B-C5A6-46CE-9D40-FE1CD43B2464},POINT (277421.681199998 199466.888900001),1977-11-05 06:00:00,1
277205.434,199403.2698,57973.0,343.0,Geohazards,Buncombe,Dunsmore Mountain,,1977-11-05 06:00:00,,Extremely rapid (>5 m/sec),Debris,Flow,,,,Unmodified,,,,{146E6F67-BBB2-42EA-AE23-CB49159E0BF7},POINT (277205.434 199403.2698),1977-11-05 06:00:00,1
277152.242899999,199524.0174,57972.0,342.0,Geohazards,Buncombe,Dunsmore Mountain,,1977-11-05 06:00:00,,Extremely rapid (>5 m/sec),Debris,Flow,,,,Unmodified,,,,{5D3E12A0-2A1F-440B-9820-7E099B20C6A9},POINT (277152.242899999 199524.0174),1977-11-05 06:00:00,1
280718.0044,193465.979499999,57971.0,397.0,Geohazards,Buncombe,Skyland,,1977-11-05 06:00:00,,Extremely rapid (>5 m/sec),Debris,Flow,,,,Unmodified,,,,{2BA9E80D-1602-4B23-878D-401F94B3E81A},POINT (280718.0044 193465.979499999),1977-11-05 06:00:00,1
276250.692299999,198746.306899998,57970.0,341.0,Geohazards,Buncombe,Dunsmore Mountain,,1977-11-05 06:00:00,,Extremely rapid (>5 m/sec),Debris,Flow,,,,Unmodified,,,,{24DCD034-A328-474D-9738-C987F7154D2A},POINT (276250.692299999 198746.306899998),1977-11-05 06:00:00,1
277504.395499997,198507.358399998,57975.0,345.0,Geohazards,Buncombe,Dunsmore Mountain,,1977-11-05 06:00:00,,Extremely rapid (>5 m/sec),Debris,Flow,,,,Unmodified,,,,{026F61F1-003A-4E4E-86B6-E5A7DAD194E7},POINT (277504.395499997 198507.358399998),1977-11-05 06:00:00,1
288963.4943,226803.9998,58172.0,661.0,Landslide Hazard Mapping,Buncombe,Weaverville,1981-03-25,,,,Debris,Slide - rotational,,,,Road embankment,,,,{CD558049-66E5-4595-BB55-AFCDB6035B63},POINT (288963.4943 226803.9998),1981-03-25 00:00:00,1
293471.065200001,216042.260299999,58173.0,662.0,Landslide Hazard Mapping,Buncombe,Craggy Pinnacle,1982-05-25,,,,Debris,Slide - rotational,,Earth,Slide - rotational,Road cut,,,,{C0F5BE0D-6A77-42A4-969C-74646BC49E8A},POINT (293471.065200001 216042.260299999),1982-05-25 00:00:00,1
289777.368199997,230247.398600001,58178.0,667.0,Landslide Hazard Mapping,Buncombe,Mars Hill,1989-07-22,,,,Earth,Slide - translational,,,,Road cut,,,,{C7DED0AC-84B4-4BB1-B1CE-829D5992A0C2},POINT (289777.368199997 230247.398600001),1989-07-22 00:00:00,1
287403.624899998,223755.447500002,58190.0,677.0,Landslide Hazard Mapping,Buncombe,Weaverville,1990-05-22,,,,Rock,Slide,,Debris,Fall,Road cut,,,,{F5D566F9-1D86-46F5-8B34-5D0E88F70D6E},POINT (287403.624899998 223755.447500002),1990-05-22 00:00:00,1
295886.432400003,208999.858100001,58186.0,676.0,Landslide Hazard Mapping,Buncombe,Oteen,1990-05-23,,,,Weathered rock,Slide,,,,Road cut,,,,{8DD9871F-3989-444B-A2C0-09F17D7D900E},POINT (295886.432400003 208999.858100001),1990-05-23 00:00:00,1
303556.827500001,210237.813000001,58184.0,673.0,Landslide Hazard Mapping,Buncombe,Oteen,1990-05-23,,,,Earth,Slide - rotational,,,,Road embankment,,,,{DD2FBB57-01E4-495F-85BB-01EF06D15603},POINT (303556.827500001 210237.813000001),1990-05-23 00:00:00,1
309170.0044,211623.693799999,58183.0,672.0,Landslide Hazard Mapping,Buncombe,Black Mountain,1990-05-23,,,,Weathered rock,Slide - rotational,,,,Road cut,,,,{A2FAA910-F4AC-4EFB-8B85-F1FA703FB312},POINT (309170.0044 211623.693799999),1990-05-23 00:00:00,1
285236.660099998,207087.397999998,58181.0,670.0,Landslide Hazard Mapping,Buncombe,Asheville,1990-05-23,,,,Earth,Slide,,,,Road embankment,,,,{870F1001-23AF-46D0-AF41-771E715F15B6},POINT (285236.660099998 207087.397999998),1990-05-23 00:00:00,1
286450.089000002,222595.9826,58179.0,668.0,Landslide Hazard Mapping,Buncombe,Weaverville,1990-05-23,,,,Debris,Slide,,,,Road embankment,,,,{11782408-4559-404F-A996-AFC686876FB3},POINT (286450.089000002 222595.9826),1990-05-23 00:00:00,1
313888.132600002,200290.027899999,58192.0,679.0,Landslide Hazard Mapping,Buncombe,Black Mountain,1990-06-05,,,,Debris,Slide - rotational,,Earth,Slide - rotational,Road embankment,,,,{CB274BCD-0EF7-49C1-9307-E2E04A1D92BD},POINT (313888.132600002 200290.027899999),1990-06-05 00:00:00,1
313235.048199996,200493.546500001,58191.0,678.0,Landslide Hazard Mapping,Buncombe,Black Mountain,1990-06-05,,,,Earth,Slide - translational,,,,Road embankment,,,,{53F2193A-86AB-425C-8691-9D2CD74BE308},POINT (313235.048199996 200493.546500001),1990-06-05 00:00:00,1
318626.112300001,202637.203299999,57942.0,650.0,Landslide Hazard Mapping,Buncombe,Moffitt Hill,1990-06-05,,,,Earth,Slide,,,,Road cut,,,,{8AE25A50-98BA-41CA-943A-113608FFEBA1},POINT (318626.112300001 202637.203299999),1990-06-05 00:00:00,1
275079.193000004,225903.812899999,58193.0,680.0,Landslide Hazard Mapping,Buncombe,Leicester,1990-08-30,,,,Earth,Slide - rotational,,,,Road embankment,,,,{A5FB6A55-515C-4B25-A69B-72A25DEC94A6},POINT (275079.193000004 225903.812899999),1990-08-30 00:00:00,1
309606.524300002,225251.915600002,57878.0,68.0,Blue Ridge Parkway,Buncombe,Montreat,2004-05-12,1995-10-04 05:00:00,,Extremely rapid (>5 m/sec),Debris,Flow,,,,Unmodified,,,,{A6312A34-7BD9-4531-9B7B-9AAE65925F41},POINT (309606.524300002 225251.915600002),1995-10-04 05:00:00,1
301086.2478,220467.2366,58033.0,17.0,Blue Ridge Parkway,Buncombe,Craggy Pinnacle,2003-04-25,,,,Rock,Slide - translational,,,,Road cut,,,,{157BF64E-79EE-4F00-B4D1-ED64730F7633},POINT (301086.2478 220467.2366),2003-04-25 00:00:00,1
296335.122900002,217650.357000001,58897.0,2271.0,Blue Ridge Parkway,Buncombe,Craggy Pinnacle,2003-09-30,,,,Debris,Slide,,,,Road cut,,,,{33E76FB8-D393-4E14-9B20-2603FEA420CD},POINT (296335.122900002 217650.357000001),2003-09-30 00:00:00,1
296165.380099997,217978.2049,58898.0,2272.0,Blue Ridge Parkway,Buncombe,Craggy Pinnacle,2003-09-30,,,,Debris,Slide,,,,Road embankment,,,,{405FD521-5FFF-4B92-A995-EF4144A33C99},POINT (296165.380099997 217978.2049),2003-09-30 00:00:00,1
304831.121100001,222395.636100002,58937.0,2301.0,Blue Ridge Parkway,Buncombe,Montreat,2003-11-20,,,,Rock,Slide - translational,,,,Road cut,,,,{23E21C27-A88C-4FF3-99B1-BC386FEE46E6},POINT (304831.121100001 222395.636100002),2003-11-20 00:00:00,1
295714.1241,218106.860100001,58839.0,2282.0,Blue Ridge Parkway,Buncombe,Craggy Pinnacle,2004-01-16,,,,Rock,Slide - translational,,,,Road cut,,,,{E7C9D5D2-5EBA-4D39-BB83-D75343AAC8C6},POINT (295714.1241 218106.860100001),2004-01-16 00:00:00,1
294655.5612,217780.137800001,57869.0,59.0,Blue Ridge Parkway,Buncombe,Craggy Pinnacle,2004-01-16,,,,Rock,Slide,,,,Road cut,,,,{2BCB5512-5D8A-4C7B-B904-F4F889CEBEB3},POINT (294655.5612 217780.137800001),2004-01-16 00:00:00,1
295489.840499997,218112.369800001,58840.0,2283.0,Blue Ridge Parkway,Buncombe,Craggy Pinnacle,2004-01-16,,,,Rock,Slide - translational,,,,Road cut,,,,{EA43E720-BA53-4CB4-B4C0-99BCEABC43A0},POINT (295489.840499997 218112.369800001),2004-01-16 00:00:00,1
283597.691299997,199444.660399999,57870.0,60.0,Blue Ridge Parkway,Buncombe,Skyland,2004-02-04,,,,Rock,Slide,,,,Road cut,,,,{1D77DE26-60B4-455B-8FEA-E3841B8D65DD},POINT (283597.691299997 199444.660399999),2004-02-04 00:00:00,1
283644.023100004,199929.314100001,58944.0,2308.0,Blue Ridge Parkway,Buncombe,Skyland,2004-02-04,,,,Debris,Slide - translational,,,,Road cut,,,,{B9EC3041-DEA3-48A0-AF71-A98E2998E06E},POINT (283644.023100004 199929.314100001),2004-02-04 00:00:00,1
283662.6197,200029.215100002,58943.0,2307.0,Blue Ridge Parkway,Buncombe,Skyland,2004-02-04,,,,Rock,Fall,,Rock,Slide,Road cut,,,,{419C8400-BB35-42EB-B4B4-5C74A644503D},POINT (283662.6197 200029.215100002),2004-02-04 00:00:00,1
293388.061099999,212725.229800001,58941.0,2305.0,Blue Ridge Parkway,Buncombe,Oteen,2004-03-25,,,,Rock,Fall,,,,Road cut,,,,{11E0D52F-1915-46A0-BC96-C338291F6E40},POINT (293388.061099999 212725.229800001),2004-03-25 00:00:00,1
293205.315099999,213142.061299998,58942.0,2306.0,Blue Ridge Parkway,Buncombe,Oteen,2004-03-26,,,,Rock,Slide - translational,,,,Road cut,,,,{61B2AFFA-38FC-49E0-90B9-1FAF3EC23B7B},POINT (293205.315099999 213142.061299998),2004-03-26 00:00:00,1
309903.8178,224923.396499999,57879.0,69.0,Blue Ridge Parkway,Buncombe,Montreat,2004-05-12,,,Extremely rapid (>5 m/sec),Debris,Flow,,,,Unmodified,,,,{6F97B6F9-0657-4E45-9D55-259520BB2965},POINT (309903.8178 224923.396499999),2004-05-12 00:00:00,1
301079.830700003,220594.116999999,58841.0,2284.0,Blue Ridge Parkway,Buncombe,Craggy Pinnacle,2004-06-11,,,,Rock,Fall,,,,Road cut,,,,{17D54D7F-EF2F-4EF6-AA86-F1C46E8E708B},POINT (301079.830700003 220594.116999999),2004-06-11 00:00:00,1
303784.158799998,221266.664299998,58842.0,2285.0,Blue Ridge Parkway,Buncombe,Craggy Pinnacle,2004-07-09,,,,Rock,Slide - translational,,,,Road cut,,,,{2ECEB9C1-914C-4DD0-A333-BC79CBD5AD11},POINT (303784.158799998 221266.664299998),2004-07-09 00:00:00,1
288234.731299996,207699.099300001,57985.0,403.0,Geohazards,Buncombe,Asheville,2004-08-11,,,,Debris,Slide,Extremely rapid (>5 m/sec),Debris,Flow,Road embankment,,,,{7F2640DA-5A36-4143-AD91-C75CA35DD365},POINT (288234.731299996 207699.099300001),2004-08-11 00:00:00,1
310791.233408644,224438.679714088,58783.0,2380.0,Blue Ridge Parkway,Buncombe,Montreat,2006-11-01,2004-09-06 08:00:00,,,Debris,Slide,,,,Road embankment,,,,{7B9729CD-E35D-47E8-A5AD-731872270B8E},POINT (310791.233408644 224438.679714088),2004-09-06 08:00:00,1
272546.123800002,195966.2733,59141.0,5050.0,Landslide Hazard Mapping,Buncombe,Dunsmore Mountain,2008-02-15,2004-09-06 17:00:00,,Extremely rapid (>5 m/sec),Debris,Flow,,,,Unmodified,,,,{8B02C591-2D6E-441A-97B9-A494360E408E},POINT (272546.123800002 195966.2733),2004-09-06 17:00:00,1
311539.132308753,215725.411460987,58909.0,5300.0,Landslide Hazard Mapping,Buncombe,Montreat,2008-10-21,2004-09-06 17:00:00,,,Debris,Slide,,,,Road embankment,,,,{16AAAEFE-AE37-4C99-ACBA-93A68817AA32},POINT (311539.132308753 215725.411460987),2004-09-06 17:00:00,1
305931.935999997,226819.487799998,59273.0,4497.0,Landslide Hazard Mapping,Buncombe,Montreat,,2004-09-06 17:00:00,,Extremely rapid (>5 m/sec),Debris,Flow,,,,Road embankment,,,,{6761AF67-A21A-4F76-A065-94B4ADCA3E3C},POINT (305931.935999997 226819.487799998),2004-09-06 17:00:00,1
266672.014899999,199768.924600001,59283.0,4975.0,Landslide Hazard Mapping,Buncombe,Cruso,2008-02-05,2004-09-06 17:00:00,,Extremely rapid (>5 m/sec),Debris,Flow,,,,Road embankment,,,,{9E5FCCDA-3131-4DF6-B49F-13EB173B9386},POINT (266672.014899999 199768.924600001),2004-09-06 17:00:00,1
309606.376699999,214998.569499999,59346.0,5302.0,Landslide Hazard Mapping,Buncombe,Montreat,,2004-09-06 17:00:00,,,,,,,, ,,,,{5979DE8C-5DA4-4B8E-8720-AB69085BA0A0},POINT (309606.376699999 214998.569499999),2004-09-06 17:00:00,1
310912.548299998,215675.790100001,59347.0,5303.0,Landslide Hazard Mapping,Buncombe,Montreat,,2004-09-06 17:00:00,,,,,,,, ,,,,{89A1B27D-107C-409B-9965-847097B84E1A},POINT (310912.548299998 215675.790100001),2004-09-06 17:00:00,1
311394.8552,215188.2313,59348.0,5304.0,Landslide Hazard Mapping,Buncombe,Montreat,,2004-09-06 17:00:00,,,,,,,, ,,,,{0C250D0E-BD86-43C5-A174-7B7FF11D02B3},POINT (311394.8552 215188.2313),2004-09-06 17:00:00,1
310331.984300002,214936.297600001,59349.0,5305.0,Landslide Hazard Mapping,Buncombe,Montreat,,2004-09-06 17:00:00,,,,,,,,Unmodified,,,,{6155CD51-0B3B-43D5-AF8A-820B8724624B},POINT (310331.984300002 214936.297600001),2004-09-06 17:00:00,1
310530.0691,215015.617699999,58908.0,5299.0,Landslide Hazard Mapping,Buncombe,Montreat,2008-10-21,2004-09-06 17:00:00,,,Debris,Slide,,,,Stream bank,,,,{E8ABB29D-2F53-403D-966F-178F6E844BC4},POINT (310530.0691 215015.617699999),2004-09-06 17:00:00,1
267378.01864657,213612.964980901,59355.0,5085.0,Landslide Hazard Mapping,Buncombe,Canton,2008-03-06,2004-09-06 17:00:00,,,Debris,Slide - translational,,,,Road embankment,,,,{2015AC67-DA5A-411E-91C8-C1AA0E68FF59},POINT (267378.01864657 213612.964980901),2004-09-06 17:00:00,1
272198.554099999,212595.0031,59352.0,5075.0,Landslide Hazard Mapping,Buncombe,Enka,2008-03-03,2004-09-06 17:00:00,,,Weathered rock,Slide - translational,,,,Cut slope - Not road related,,,,{6EA83B46-93AB-4CA6-980F-C16F0F371123},POINT (272198.554099999 212595.0031),2004-09-06 17:00:00,1
269374.075300001,206684.954700001,60882.0,5001.0,Landslide Hazard Mapping,Buncombe,Canton,2008-02-12,2004-09-06 17:00:00,,,Debris,Slide - translational,,,,Stream bank,,,,{C7966EB8-347D-47DF-BE37-65D3100D0AC2},POINT (269374.075300001 206684.954700001),2004-09-06 17:00:00,1
300650.672791049,213087.424612187,60917.0,20110221171.0,Landslide Hazard Mapping,Buncombe,Oteen,2008-05-01,2004-09-06 17:00:00,,,Debris,Slide,Extremely rapid (>5 m/sec),Debris,Flow,Unmodified,,,,{147C1895-97B0-4686-98E7-0BDDC2C55D24},POINT (300650.672791049 213087.424612187),2004-09-06 17:00:00,1
274607.697490563,210040.296216526,61379.0,201308150001.0,Geohazards,Buncombe,Enka,2013-07-09,2004-09-06 17:00:00,Active,Very slow (>16 mm/yr),Debris,Slide,,,,Embankment - Not road related,,,,{6B455B5E-0611-4FD8-927A-4CBC337F527A},POINT (274607.697490563 210040.296216526),2004-09-06 17:00:00,1
301634.7883,221666.383699998,58158.0,640.0,Geohazards,Buncombe,Craggy Pinnacle,2005-05-11,2004-09-06 17:00:00,,Extremely rapid (>5 m/sec),Debris,Flow,,,,Unmodified,,,,{EF665E0A-A9EA-4DDA-AF16-2D07E006451E},POINT (301634.7883 221666.383699998),2004-09-06 17:00:00,1
301653.486900002,221641.320599999,58157.0,639.0,Geohazards,Buncombe,Craggy Pinnacle,2005-05-11,2004-09-06 17:00:00,,Extremely rapid (>5 m/sec),Debris,Flow,,,,Unmodified,,,,{D6FDA923-4241-497E-BBDE-CA2D4A80C223},POINT (301653.486900002 221641.320599999),2004-09-06 17:00:00,1
305247.961499996,222107.308200002,60600.0,5502.0,Blue Ridge Parkway,Buncombe,Montreat,2008-09-18,2004-09-06 17:00:00,,Extremely rapid (>5 m/sec),Debris,Flow,,,,Unmodified,,,,{3EB84A6D-4FE7-4BCF-9A3B-19F7F0780D57},POINT (305247.961499996 222107.308200002),2004-09-06 17:00:00,1
305128.222199999,222234.1417,60599.0,5501.0,Blue Ridge Parkway,Buncombe,Montreat,,2004-09-06 17:00:00,,Extremely rapid (>5 m/sec),Debris,Flow,,,,Unmodified,,,,{93E5A57B-95C8-4E4E-BFF4-D5511666237E},POINT (305128.222199999 222234.1417),2004-09-06 17:00:00,1
304250.813600004,223190.075199999,58116.0,615.0,Geohazards,Buncombe,Craggy Pinnacle,,2004-09-06 17:00:00,,,,,,,,Unmodified,,,,{64A09BAB-EA4F-49A2-BC4F-93FC01F8743B},POINT (304250.813600004 223190.075199999),2004-09-06 17:00:00,1
299544.2271,232056.324000001,59521.0,5356.0,Landslide Hazard Mapping,Buncombe,Barnardsville,2008-07-02,2004-09-06 17:00:00,,Extremely rapid (>5 m/sec),Debris,Flow,,,,Unmodified,,,,{8BFF04EB-2B6F-4164-81B4-D6EECA52DB64},POINT (299544.2271 232056.324000001),2004-09-06 17:00:00,1
311021.272600003,223068.556899998,60597.0,5499.0,Landslide Hazard Mapping,Buncombe,Montreat,2008-09-09,2004-09-06 17:00:00,,Extremely rapid (>5 m/sec),Debris,Flow,,,,Road embankment,,,,{57D92C25-52A6-4C29-94FC-A0724E5D0890},POINT (311021.272600003 223068.556899998),2004-09-06 17:00:00,1
302021.006399997,223662.391100001,60786.0,4480.0,Landslide Hazard Mapping,Buncombe,Craggy Pinnacle,,2004-09-06 17:00:00,,Extremely rapid (>5 m/sec),Debris,Flow,,,,Road embankment,,,,{385BD110-045D-450E-86BD-3DDA1CD79B78},POINT (302021.006399997 223662.391100001),2004-09-06 17:00:00,1
301871.381700002,223876.770599999,60787.0,4481.0,Landslide Hazard Mapping,Buncombe,Craggy Pinnacle,,2004-09-06 17:00:00,,Extremely rapid (>5 m/sec),Debris,Flow,,,,Road embankment,,,,{1D68D0EB-0AF7-48C0-A608-C1979354F413},POINT (301871.381700002 223876.770599999),2004-09-06 17:00:00,1
310999.046899997,214949.8464,58777.0,5628.0,Landslide Hazard Mapping,Buncombe,Montreat,2008-10-21,2004-09-06 17:00:00,,Extremely rapid (>5 m/sec),Debris,Flow,,,,Cut slope - Not road related,,,,{01EBF686-0AE9-4564-9AC3-1D635EBE07A3},POINT (310999.046899997 214949.8464),2004-09-06 17:00:00,1
301706.839500003,221932.329799999,60788.0,4483.0,Landslide Hazard Mapping,Buncombe,Craggy Pinnacle,,2004-09-06 17:00:00,,,,,,,,Road cut,,,,{589DC77B-A0B7-4105-BD95-0F8A34C2A407},POINT (301706.839500003 221932.329799999),2004-09-06 17:00:00,1
304674.343955282,224619.214791408,60789.0,4484.0,Landslide Hazard Mapping,Buncombe,Montreat,,2004-09-06 17:00:00,,,,,,,,Road cut,,,,{ECC25666-BB80-4186-BF06-F10D94AF7C4F},POINT (304674.343955282 224619.214791408),2004-09-06 17:00:00,1
262140.619000003,220544.513999999,60903.0,5191.0,Landslide Hazard Mapping,Buncombe,Sandymush,2008-03-20,2004-09-06 17:00:00,,,Debris,Slide,Extremely rapid (>5 m/sec),Debris,Flow,Unmodified,,,,{3D724714-ECD4-4B4B-A1E2-7FD65090FCD6},POINT (262140.619000003 220544.513999999),2004-09-06 17:00:00,1
269363.5198,194740.923099998,59143.0,5059.0,Landslide Hazard Mapping,Buncombe,Dunsmore Mountain,2008-02-29,2004-09-16 17:00:00,,Extremely rapid (>5 m/sec),Debris,Flow,,,,Embankment - Not road related,,,,{9DB0B13D-6396-4497-A084-D831B2577FE6},POINT (269363.5198 194740.923099998),2004-09-16 17:00:00,1
277058.548811354,210219.775711354,58069.0,441.0,Geohazards,Buncombe,Enka,2004-09-23,2004-09-16 17:00:00,,Extremely rapid (>5 m/sec),Debris,Flow,,,,Road cut,,,,{D151592A-69F9-40F5-986E-53C9E11457C7},POINT (277058.548811354 210219.775711354),2004-09-16 17:00:00,1
277082.840099998,210349.298,58054.0,440.0,Geohazards,Buncombe,Enka,2004-09-23,2004-09-16 17:00:00,,Extremely rapid (>5 m/sec),Debris,Flow,,,,Road embankment,,,,{3790C10B-47FA-4068-ADEF-8B210F0296D1},POINT (277082.840099998 210349.298),2004-09-16 17:00:00,1
274236.265000001,196177.030200001,59139.0,5048.0,Landslide Hazard Mapping,Buncombe,Dunsmore Mountain,2008-02-14,2004-09-16 17:00:00,,Extremely rapid (>5 m/sec),Debris,Flow,,,,Road embankment,,,,{576C4F53-E27A-46EF-A81B-2B2BEB9A8A9F},POINT (274236.265000001 196177.030200001),2004-09-16 17:00:00,1
274091.8486,196498.5748,59138.0,5047.0,Landslide Hazard Mapping,Buncombe,Dunsmore Mountain,2008-02-14,2004-09-16 17:00:00,,Extremely rapid (>5 m/sec),Debris,Flow,,,,Unmodified,,,,{31A905A8-C8F8-4E7D-8361-B3DB20467B18},POINT (274091.8486 196498.5748),2004-09-16 17:00:00,1
277020.884599999,210096.255199999,58071.0,443.0,Geohazards,Buncombe,Enka,2004-09-23,2004-09-16 17:00:00,,Extremely rapid (>5 m/sec),Debris,Flow,,,,Road embankment,,,,{1CC71DDD-A855-4EDB-A384-94990F1FB650},POINT (277020.884599999 210096.255199999),2004-09-16 17:00:00,1
268913.230700001,199742.534000002,60880.0,4993.0,Landslide Hazard Mapping,Buncombe,Cruso,2008-02-05,2004-09-16 17:00:00,,,Debris,Slide,,,,Road cut,,,,{AF4C02BB-30FC-4D98-B38A-B59D296AF4A9},POINT (268913.230700001 199742.534000002),2004-09-16 17:00:00,1
276982.017399997,210173.183499999,58070.0,442.0,Geohazards,Buncombe,Enka,2004-09-23,2004-09-16 17:00:00,,Extremely rapid (>5 m/sec),Debris,Flow,,,,Road embankment,,,,{B94766B1-1124-48A0-87FF-F51686DD28F8},POINT (276982.017399997 210173.183499999),2004-09-16 17:00:00,1
280044.940700002,200164.847800001,59197.0,5319.0,Landslide Hazard Mapping,Buncombe,Dunsmore Mountain,2009-03-23,2004-09-16 17:00:00,,Extremely rapid (>5 m/sec),Debris,Flow,,,,Road cut,,,,{DE66FDC0-E14B-45B1-B9F6-BCC776BE8C98},POINT (280044.940700002 200164.847800001),2004-09-16 17:00:00,1
274155.238200001,196642.305500001,58848.0,5645.0,Landslide Hazard Mapping,Buncombe,Dunsmore Mountain,,2004-09-16 17:00:00,,Extremely rapid (>5 m/sec),Debris,Flow,,,,Unmodified,,,,{9CB57B7B-0852-4A04-AA91-E8B56077D145},POINT (274155.238200001 196642.305500001),2004-09-16 17:00:00,1
276977.151799999,209919.138999999,58072.0,444.0,Geohazards,Buncombe,Enka,2004-09-23,2004-09-16 17:00:00,,Extremely rapid (>5 m/sec),Debris,Flow,,,,Road cut,,,,{BC9C311A-753E-4DEB-A5C9-F197FF1939FC},POINT (276977.151799999 209919.138999999),2004-09-16 17:00:00,1
270712.609702996,195163.949986,58079.0,452.0,Landslide Hazard Mapping,Buncombe,Dunsmore Mountain,2005-10-25,2004-09-16 17:00:00,,Extremely rapid (>5 m/sec),Debris,Flow,,,,Road embankment,,,,{DE41599D-A3EF-4028-B2AF-C15A6D5E0834},POINT (270712.609702996 195163.949986),2004-09-16 17:00:00,1
271895.041100003,211471.022599999,58081.0,460.0,Landslide Hazard Mapping,Buncombe,Enka,,2004-09-16 17:00:00,,Extremely rapid (>5 m/sec),Debris,Flow,,,,Cut slope - Not road related,,,,{82DEF1B8-E916-411E-A4EA-0E0365691C9A},POINT (271895.041100003 211471.022599999),2004-09-16 17:00:00,1
311493.540100001,224218.409200001,58023.0,524.0,Blue Ridge Parkway,Buncombe,Montreat,2005-01-10,,,,Debris,Slide - translational,,,,Road cut,,,,{11C3A2BF-384C-4E7D-A2BC-E1BD700DA91F},POINT (311493.540100001 224218.409200001),2005-01-10 00:00:00,1
311465.130500004,224229.676199999,58024.0,525.0,Blue Ridge Parkway,Buncombe,Montreat,2005-01-10,,,,Debris,Slide,Extremely rapid (>5 m/sec),Debris,Flow,Road cut,,,,{1FBCBC6A-DF04-4AA3-80D8-EA65E6716927},POINT (311465.130500004 224229.676199999),2005-01-10 00:00:00,1
309707.939000003,224979.781199999,59122.0,2541.0,Blue Ridge Parkway,Buncombe,Montreat,2005-01-10,,,,Debris,Creep,,,,Road embankment,,,,{50BEFE2A-33D4-49AB-A4D4-31088A80DEBF},POINT (309707.939000003 224979.781199999),2005-01-10 00:00:00,1
307863.539800003,226780.522999998,58047.0,532.0,Blue Ridge Parkway,Buncombe,Montreat,2005-01-11,,,,Rock,Slide - translational,,,,Road cut,,,,{C168B7E6-AE05-4E51-A429-B3FB6C80825C},POINT (307863.539800003 226780.522999998),2005-01-11 00:00:00,1
297772.001599997,209321.451299999,57948.0,573.0,State Map,Buncombe,Oteen,2005-02-25,,,,Debris,Slide,,,,Embankment - Not road related,,,,{D2EDBD68-A995-49E0-B9B1-5CE28D8578F4},POINT (297772.001599997 209321.451299999),2005-02-25 00:00:00,1
298048.144599997,209361.830200002,57949.0,574.0,State Map,Buncombe,Oteen,2005-02-25,,,,Debris,Slide,,,,Embankment - Not road related,,,,{AB483B6E-606A-48A2-882A-CCF3DBC6BB8F},POINT (298048.144599997 209361.830200002),2005-02-25 00:00:00,1
293288.683200002,215520.274099998,58237.0,783.0,Blue Ridge Parkway,Buncombe,Craggy Pinnacle,2005-04-15,,,,Rock,Slide - translational,,,,Road cut,,,,{84DE872E-BDE3-4716-9779-FCB3C9B5B100},POINT (293288.683200002 215520.274099998),2005-04-15 00:00:00,1
301676.953400001,221776.3895,58159.0,641.0,Geohazards,Buncombe,Craggy Pinnacle,2005-05-11,,,,Debris,Slide,Extremely rapid (>5 m/sec),Debris,Flow,Unmodified,,,,{B45EC937-033E-44FC-848D-B68CD783798D},POINT (301676.953400001 221776.3895),2005-05-11 00:00:00,1
314129.586978264,200111.68468841,58216.0,725.0,Landslide Hazard Mapping,Buncombe,Black Mountain,2005-07-07,,,,Rock,Slide,,Rock,Fall,Cut slope - Not road related,,,,{430B4290-D951-4EAF-B303-7C61D2E7C4FD},POINT (314129.586978264 200111.68468841),2005-07-07 00:00:00,1
291228.618600003,198370.146899998,59184.0,2818.0,Landslide Hazard Mapping,Buncombe,Skyland,2006-05-01,,,,Weathered rock,Slide,,,,Road embankment,,,,{F448458D-07FE-4DF2-B5B4-33104D94A360},POINT (291228.618600003 198370.146899998),2006-05-01 00:00:00,1
291240.65898107,198094.557280201,61413.0,201610280001.0,Geohazards,Buncombe,Skyland,2006-06-18,,Active,Very slow (>16 mm/yr),Debris,Subsidence,,,,Embankment - Not road related,,,,{8A608E92-6EF5-4495-8C42-5D566C809CCB},POINT (291240.65898107 198094.557280201),2006-06-18 00:00:00,1
304052.827500001,222168.773600001,59088.0,2375.0,Blue Ridge Parkway,Buncombe,Craggy Pinnacle,2006-10-26,,,,Rock,Fall,Extremely rapid (>5 m/sec),Debris,Flow,Unmodified,,,,{2183E343-3971-4B05-8F44-FD675D5A64F9},POINT (304052.827500001 222168.773600001),2006-10-26 00:00:00,1
309651.745499998,225031.611699998,58046.0,528.0,Blue Ridge Parkway,Buncombe,Montreat,2006-11-01,,,,Rock,Fall,,,,Road cut,,,,{EC608A0A-310F-46BF-9CC8-D9A2F00DA4DE},POINT (309651.745499998 225031.611699998),2006-11-01 00:00:00,1
280813.774099998,196628.2487,59164.0,2721.0,Blue Ridge Parkway,Buncombe,Skyland,2007-01-03,,,Extremely rapid (>5 m/sec),Debris,Flow,,,,Road cut,,,,{4CDC4033-65F3-43DA-ADDA-2E2FEDE93C6D},POINT (280813.774099998 196628.2487),2007-01-03 00:00:00,1
308996.998099998,215471.607000001,58824.0,2946.0,Landslide Hazard Mapping,Buncombe,Montreat,2007-03-13,,,,Debris,Slide,Extremely rapid (>5 m/sec),Debris,Flow,Road embankment,,,,{2AF75A35-C894-4506-AF7E-041719D63AE7},POINT (308996.998099998 215471.607000001),2007-03-13 00:00:00,1
310010.969400004,211451.654800002,59135.0,4445.0,Landslide Hazard Mapping,Buncombe,Black Mountain,2007-03-22,,,Extremely rapid (>5 m/sec),Debris,Flow,,,,Road embankment,,,,{BBACE54F-361F-47E8-A43F-1CE7E71FAF98},POINT (310010.969400004 211451.654800002),2007-03-22 00:00:00,1
313309.555299997,200441.144400001,60785.0,4460.0,Landslide Hazard Mapping,Buncombe,Black Mountain,2007-03-27,,,,Debris,Slide,,,,Road cut,,,,{A30FDFCB-5390-44E6-92FC-4785A355DD51},POINT (313309.555299997 200441.144400001),2007-03-27 00:00:00,1
313868.586199999,200308.318599999,58849.0,5646.0,Landslide Hazard Mapping,Buncombe,Black Mountain,2007-03-27,,,,Weathered rock,Slide - translational,,,,Road cut,,,,{84C3DE73-A8A1-4846-9CBB-654913EE67B4},POINT (313868.586199999 200308.318599999),2007-03-27 00:00:00,1
314082.299000002,200487.550999999,60784.0,4459.0,Landslide Hazard Mapping,Buncombe,Black Mountain,2007-03-27,,,,Weathered rock,Slide,,,,Road cut,,,,{BB6715B4-0153-4B49-B57D-99540F5DE6C4},POINT (314082.299000002 200487.550999999),2007-03-27 00:00:00,1
307808.162,204288.059300002,59137.0,4452.0,Landslide Hazard Mapping,Buncombe,Black Mountain,2007-03-30,,,Extremely rapid (>5 m/sec),Debris,Flow,,,,Unmodified,,,,{2AB9FBCD-051F-446D-B0F2-389975834B66},POINT (307808.162 204288.059300002),2007-03-30 00:00:00,1
312614.8926,202985.910599999,60776.0,4437.0,Landslide Hazard Mapping,Buncombe,Black Mountain,2007-04-02,,,,Weathered rock,Slide - rotational,,,,Unmodified,,,,{012E6626-4D7B-4C1D-92E5-66D2BEF294CD},POINT (312614.8926 202985.910599999),2007-04-02 00:00:00,1
312631.341700003,203071.9461,60777.0,4438.0,Landslide Hazard Mapping,Buncombe,Black Mountain,2007-04-02,,,,Earth,Slide,Extremely rapid (>5 m/sec),Earth,Flow,Unmodified,,,,{2DFE0617-82D2-44B7-A03E-B71C2B8B4106},POINT (312631.341700003 203071.9461),2007-04-02 00:00:00,1
312646.016599998,203049.2621,60775.0,4436.0,Landslide Hazard Mapping,Buncombe,Black Mountain,2007-04-02,,,,Earth,Slide,Extremely rapid (>5 m/sec),Earth,Flow,Unmodified,,,,{38AFC74E-6180-4879-8150-849617685A66},POINT (312646.016599998 203049.2621),2007-04-02 00:00:00,1
314970.854400001,199930.4067,59134.0,4441.0,Landslide Hazard Mapping,Buncombe,Moffitt Hill,2007-04-03,,,,Debris,Slide,Extremely rapid (>5 m/sec),Debris,Flow,Road embankment,,,,{5DC6D38E-C36E-4E4E-AB5A-C12ACC197C75},POINT (314970.854400001 199930.4067),2007-04-03 00:00:00,1
314992.579800002,200039.581799999,59133.0,4440.0,Landslide Hazard Mapping,Buncombe,Moffitt Hill,2007-04-03,,,,Earth,Slide - translational,,,,Road cut,,,,{D06E3DF3-FB58-4414-BC60-26FDD6DDB478},POINT (314992.579800002 200039.581799999),2007-04-03 00:00:00,1
314558.276699997,200877.293299999,59132.0,4439.0,Landslide Hazard Mapping,Buncombe,Black Mountain,2007-04-03,,,,Earth,Slide,Extremely rapid (>5 m/sec),Earth,Flow,Unmodified,,,,{5F7E40A3-0E99-4372-9B56-C58E7A4600C7},POINT (314558.276699997 200877.293299999),2007-04-03 00:00:00,1
304750.848899998,202893.7412,60778.0,4453.0,Landslide Hazard Mapping,Buncombe,Black Mountain,2007-04-03,,,Extremely rapid (>5 m/sec),Debris,Flow,,,,Road embankment,,,,{421D3273-E72F-4A9E-974C-0B6D0449ED33},POINT (304750.848899998 202893.7412),2007-04-03 00:00:00,1
313756.401000001,202217.938099999,60779.0,4454.0,Landslide Hazard Mapping,Buncombe,Black Mountain,2007-04-05,,,Extremely rapid (>5 m/sec),Debris,Flow,,,,Unmodified,,,,{C9558477-43A4-43A1-93A2-DA438B67BDE2},POINT (313756.401000001 202217.938099999),2007-04-05 00:00:00,1
321672.850699998,201736.919,60783.0,4458.0,Landslide Hazard Mapping,Buncombe,Moffitt Hill,2007-04-09,,,,Debris,Slide,,,,Road cut,,,,{E17FEB6E-D117-4A9A-BB0D-61024287A860},POINT (321672.850699998 201736.919),2007-04-09 00:00:00,1
320125.182400003,202365.9692,60782.0,4457.0,Landslide Hazard Mapping,Buncombe,Moffitt Hill,2007-04-09,,,,Debris,Slide,,,,Road embankment,,,,{B7ABF0D9-C74F-4F0D-8CEC-763CDE5799F2},POINT (320125.182400003 202365.9692),2007-04-09 00:00:00,1
319973.415399998,202527.3563,60781.0,4456.0,Landslide Hazard Mapping,Buncombe,Moffitt Hill,2007-04-09,,,,Debris,Slide,,,,Road cut,,,,{6E54B4EA-47C0-4F0B-A7D2-EA2D9E2AB7AD},POINT (319973.415399998 202527.3563),2007-04-09 00:00:00,1
319941.108400002,202538.385899998,60780.0,4455.0,Landslide Hazard Mapping,Buncombe,Moffitt Hill,2007-04-09,,,,Debris,Slide,,,,Road cut,,,,{F002FB32-332D-419D-A2D7-C8183E92E0C2},POINT (319941.108400002 202538.385899998),2007-04-09 00:00:00,1
318012.439125623,202369.548917982,60627.0,5643.0,Landslide Hazard Mapping,Buncombe,Moffitt Hill,2007-04-09,,,,Debris,Slide,,,,Road embankment,,,,{74D6958B-21CA-4390-944A-3F10D05E1715},POINT (318012.439125623 202369.548917982),2007-04-09 00:00:00,1
279592.729900002,202972.804900002,59223.0,4968.0,Landslide Hazard Mapping,Buncombe,Enka,2008-01-30,,,Extremely rapid (>5 m/sec),Debris,Flow,,,,Unmodified,,,,{0F45D2C8-AF65-4591-AC3A-998D84D65FDE},POINT (279592.729900002 202972.804900002),2008-01-30 00:00:00,1
277239.877700001,205733.063299999,59258.0,4974.0,Landslide Hazard Mapping,Buncombe,Enka,2008-01-30,,,Extremely rapid (>5 m/sec),Debris,Flow,,,,Unmodified,,,,{D8AC76A9-CCA4-4C37-B3E5-B12362D9E1E9},POINT (277239.877700001 205733.063299999),2008-01-30 00:00:00,1
266751.9749,199541.735100001,60879.0,4992.0,Landslide Hazard Mapping,Buncombe,Cruso,2008-02-02,,,,Debris,Slide,,,,Unmodified,,,,{17EA1E45-1635-4F17-9F5B-06841EBE17DC},POINT (266751.9749 199541.735100001),2008-02-02 00:00:00,1
273336.802000001,198733.800299998,60656.0,4983.0,Landslide Hazard Mapping,Buncombe,Dunsmore Mountain,2008-02-05,,,,Debris,Slide,,,,Road embankment,,,,{1DC61862-5554-4928-BDF5-9D0B7066DC43},POINT (273336.802000001 198733.800299998),2008-02-05 00:00:00,1
275190.448100001,197917.515700001,60883.0,5003.0,Landslide Hazard Mapping,Buncombe,Dunsmore Mountain,2008-02-05,,,Extremely rapid (>5 m/sec),Debris,Flow,,,,Road embankment,,,,{A1B00D4E-EAF3-4AFF-A097-05AF9C3DBB6F},POINT (275190.448100001 197917.515700001),2008-02-05 00:00:00,1
273278.821099997,198647.377599999,60040.0,4982.0,Landslide Hazard Mapping,Buncombe,Dunsmore Mountain,2008-02-05,,,,Debris,Slide,,,,Road cut,,,,{A6C9C915-1F10-428E-A725-C7BFA5D9525E},POINT (273278.821099997 198647.377599999),2008-02-05 00:00:00,1
266772.209600002,197438.532400001,60881.0,4997.0,Landslide Hazard Mapping,Buncombe,Cruso,2008-02-07,,,Extremely rapid (>5 m/sec),Debris,Flow,,,,Road embankment,,,,{B7C43B22-2793-4D71-9809-98D46EFBE127},POINT (266772.209600002 197438.532400001),2008-02-07 00:00:00,1
274977.972999997,197375.4549,58813.0,5043.0,Landslide Hazard Mapping,Buncombe,Dunsmore Mountain,2008-02-14,,,,Debris,Slide,,,,Road embankment,,,,{2621EDC9-6B72-472E-B801-64607A3DBA47},POINT (274977.972999997 197375.4549),2008-02-14 00:00:00,1
270152.894000001,208164.583700001,60884.0,5024.0,Landslide Hazard Mapping,Buncombe,Enka,2008-02-15,,,,Debris,Slide,,,,Road cut,,,,{EDF68225-F00A-4DC5-8825-DB108FD46A56},POINT (270152.894000001 208164.583700001),2008-02-15 00:00:00,1
271874.306900002,207671.903999999,60889.0,5033.0,Landslide Hazard Mapping,Buncombe,Enka,2008-02-15,,,Extremely rapid (>5 m/sec),Debris,Flow,,,,Unmodified,,,,{D493CBD7-C130-49E5-8471-1D891992A3C8},POINT (271874.306900002 207671.903999999),2008-02-15 00:00:00,1
272702.465899996,210829.794399999,60885.0,5027.0,Landslide Hazard Mapping,Buncombe,Enka,2008-02-19,,,,Rock,Slide - translational,,,,Road cut,,,,{D3E41D13-CF92-43BD-B29E-FF52B0594FFC},POINT (272702.465899996 210829.794399999),2008-02-19 00:00:00,1
267434.192400001,209646.487599999,58816.0,5054.0,Landslide Hazard Mapping,Buncombe,Canton,2008-02-25,,,,Debris,Slide - translational,,,,Road cut,,,,{2CFA0B25-574D-461F-A8F9-897ACBCF8991},POINT (267434.192400001 209646.487599999),2008-02-25 00:00:00,1
267427.415899999,209628.094300002,58815.0,5053.0,Landslide Hazard Mapping,Buncombe,Canton,2008-02-25,,,,Debris,Slide - translational,,,,Road cut,,,,{22A412A4-F2D8-4835-B095-E64E4365E8EC},POINT (267427.415899999 209628.094300002),2008-02-25 00:00:00,1
267429.103500001,209605.7152,58814.0,5052.0,Landslide Hazard Mapping,Buncombe,Canton,2008-02-25,,,,Debris,Slide - translational,,,,Road cut,,,,{59E8634F-8678-447E-9ECE-48E7AF4EFF1D},POINT (267429.103500001 209605.7152),2008-02-25 00:00:00,1
267439.245499998,209621.982099999,58817.0,5055.0,Landslide Hazard Mapping,Buncombe,Canton,2008-02-25,,,,Debris,Slide,,,,Road embankment,,,,{9A454C8E-E590-483C-AC56-155BC0A54C7C},POINT (267439.245499998 209621.982099999),2008-02-25 00:00:00,1
267436.547499999,209686.920000002,59142.0,5056.0,Landslide Hazard Mapping,Buncombe,Canton,2008-02-25,,,,Debris,Slide - translational,,,,Road cut,,,,{735AFDC8-F08A-4B6E-AAF2-E0EB55D26070},POINT (267436.547499999 209686.920000002),2008-02-25 00:00:00,1
270050.686300002,213667.075199999,59276.0,5067.0,Landslide Hazard Mapping,Buncombe,Enka,2008-02-29,,,,Debris,Slide - translational,,,,Road cut,,,,{B6531ABA-68AF-4DEB-983B-BC2F5DB7BC3E},POINT (270050.686300002 213667.075199999),2008-02-29 00:00:00,1
269981.387000002,213315.764699999,60886.0,5030.0,Landslide Hazard Mapping,Buncombe,Canton,2008-02-29,,,,Debris,Slide - translational,,,,Unmodified,,,,{504D3329-0BD2-4DAF-B0E8-4307903FF30F},POINT (269981.387000002 213315.764699999),2008-02-29 00:00:00,1
269978.608599998,213369.381000001,60887.0,5031.0,Landslide Hazard Mapping,Buncombe,Canton,2008-02-29,,,,Debris,Slide - translational,,,,Unmodified,,,,{D88DD162-1311-4DFC-9527-EA4CBF3F6B2E},POINT (269978.608599998 213369.381000001),2008-02-29 00:00:00,1
269976.4023,213392.556400001,60888.0,5032.0,Landslide Hazard Mapping,Buncombe,Canton,2008-02-29,,,Extremely rapid (>5 m/sec),Debris,Flow,,,,Unmodified,,,,{DFE0220D-B784-488A-8B60-FCD6BDDB5B61},POINT (269976.4023 213392.556400001),2008-02-29 00:00:00,1
269967.997299999,213194.149700001,58203.0,556.0,Landslide Hazard Mapping,Buncombe,Canton,2008-02-29,,,,Debris,Slide - translational,,,,Unmodified,,,,{FF46422A-956C-4778-8B59-78706535037F},POINT (269967.997299999 213194.149700001),2008-02-29 00:00:00,1
270011.613200001,213319.174199998,58844.0,2279.0,Landslide Hazard Mapping,Buncombe,Enka,2008-02-29,,,,Debris,Slide - translational,,,,Road cut,,,,{FC52280E-5030-4A1F-9098-5D6F7E5EBD6B},POINT (270011.613200001 213319.174199998),2008-02-29 00:00:00,1
270057.140600003,213245.291499998,57963.0,544.0,Landslide Hazard Mapping,Buncombe,Enka,2008-02-29,,,,Debris,Slide - translational,,,,Road cut,,,,{637BF43D-2D2C-4853-9153-D4720CD703A8},POINT (270057.140600003 213245.291499998),2008-02-29 00:00:00,1
269944.726599999,213338.798999999,59144.0,5062.0,Landslide Hazard Mapping,Buncombe,Canton,2008-02-29,,,,Debris,Slide - translational,,,,Unmodified,,,,{8AB4CE10-F85B-4775-AFFB-6BAF22F6EC7A},POINT (269944.726599999 213338.798999999),2008-02-29 00:00:00,1
270060.966300003,213200.1842,58113.0,546.0,Landslide Hazard Mapping,Buncombe,Enka,2008-02-29,,,,Debris,Slide - translational,,,,Road cut,,,,{C191E3E4-8652-41C8-9200-C543F406E398},POINT (270060.966300003 213200.1842),2008-02-29 00:00:00,1
269947.172200002,213377.119199999,59145.0,5063.0,Landslide Hazard Mapping,Buncombe,Canton,2008-02-29,,,,Debris,Slide,Extremely rapid (>5 m/sec),Debris,Flow,Unmodified,,,,{309AF1A4-622F-49E8-8851-9E9733431C92},POINT (269947.172200002 213377.119199999),2008-02-29 00:00:00,1
269985.797300003,213082.235800002,58387.0,558.0,Landslide Hazard Mapping,Buncombe,Enka,2008-02-29,,,,Debris,Slide - translational,,,,Road cut,,,,{3BD4F417-C1A3-4AA1-A662-B80D95A1E2ED},POINT (269985.797300003 213082.235800002),2008-02-29 00:00:00,1
270043.025200002,213428.340300001,59146.0,5064.0,Landslide Hazard Mapping,Buncombe,Enka,2008-02-29,,,,Debris,Slide - translational,,,,Unmodified,,,,{96F99A6D-E4FE-45EC-9744-8C8A8DB51A1B},POINT (270043.025200002 213428.340300001),2008-02-29 00:00:00,1
270001.057599999,213330.120000001,58825.0,2300.0,Landslide Hazard Mapping,Buncombe,Enka,2008-02-29,,,,Debris,Slide - translational,,,,Road cut,,,,{9B0821FC-D50E-4A3D-935E-2869C5F9CC64},POINT (270001.057599999 213330.120000001),2008-02-29 00:00:00,1
270032.854099996,213312.709600002,58022.0,521.0,Landslide Hazard Mapping,Buncombe,Enka,2008-02-29,,,,Rock,Slide - translational,,,,Road cut,,,,{A9D29B75-3950-470C-9FF1-6737CA50EB61},POINT (270032.854099996 213312.709600002),2008-02-29 00:00:00,1
270047.704300001,213453.808899999,59274.0,5065.0,Landslide Hazard Mapping,Buncombe,Enka,2008-02-29,,,,Weathered rock,Slide - translational,,,,Road cut,,,,{4A6BD341-5ACB-4CA7-879D-70919690ED5E},POINT (270047.704300001 213453.808899999),2008-02-29 00:00:00,1
270053.132299997,213602.258499999,59275.0,5066.0,Landslide Hazard Mapping,Buncombe,Enka,2008-02-29,,,,Debris,Slide - translational,,,,Road cut,,,,{388DA286-13B8-4428-8477-A2F888F5B5CC},POINT (270053.132299997 213602.258499999),2008-02-29 00:00:00,1
270002.640500002,213309.632599998,58843.0,2286.0,Landslide Hazard Mapping,Buncombe,Enka,2008-02-29,,,,Debris,Slide,,,,Unmodified,,,,{5D2B10C7-291C-46A6-8BCA-4AA41BF077D8},POINT (270002.640500002 213309.632599998),2008-02-29 00:00:00,1
270048.679300003,213182.1083,58202.0,555.0,Landslide Hazard Mapping,Buncombe,Enka,2008-02-29,,,,Debris,Slide - translational,,,,Road cut,,,,{95751F43-B469-4A1F-B2CD-394D1C14E4E8},POINT (270048.679300003 213182.1083),2008-02-29 00:00:00,1
271755.331500001,213528.664900001,59353.0,5077.0,Landslide Hazard Mapping,Buncombe,Enka,2008-03-03,,,Extremely rapid (>5 m/sec),Debris,Blowout,,,,Unmodified,,,,{25FF2B4E-6977-4C82-96AC-5E2F230E1221},POINT (271755.331500001 213528.664900001),2008-03-03 00:00:00,1
271979.346500002,212448.032200001,59282.0,5073.0,Landslide Hazard Mapping,Buncombe,Enka,2008-03-03,,,Extremely rapid (>5 m/sec),Debris,Blowout,,,,Unmodified,,,,{8DA6C50C-9C32-4F82-8158-19E5D98B544C},POINT (271979.346500002 212448.032200001),2008-03-03 00:00:00,1
273191.268399999,213253.425099999,59354.0,5080.0,Landslide Hazard Mapping,Buncombe,Enka,2008-03-03,,,Extremely rapid (>5 m/sec),Debris,Flow,,,,Road cut,,,,{DE4EF2CC-A044-4076-90EB-A8C2F7826464},POINT (273191.268399999 213253.425099999),2008-03-03 00:00:00,1
267444.672200002,218201.662799999,60890.0,5122.0,Landslide Hazard Mapping,Buncombe,Sandymush,2008-03-12,,,,Debris,Slide,,,,Unmodified,,,,{B87520FB-EEB8-44D9-8373-8BE28C9E7D8B},POINT (267444.672200002 218201.662799999),2008-03-12 00:00:00,1
267495.0185,218179.427999999,60891.0,5123.0,Landslide Hazard Mapping,Buncombe,Sandymush,2008-03-12,,,,Debris,Slide,,,,Unmodified,,,,{D0D75D57-70F4-4EF7-A700-387AD6590E7D},POINT (267495.0185 218179.427999999),2008-03-12 00:00:00,1
266109.028099999,218981.285100002,60898.0,5148.0,Landslide Hazard Mapping,Buncombe,Sandymush,2008-03-18,,,,Weathered rock,Slide - translational,,,,Road cut,,,,{293C000E-EE77-4EAA-A324-BFC1641A14B8},POINT (266109.028099999 218981.285100002),2008-03-18 00:00:00,1
264882.129500002,217402.473999999,60895.0,5145.0,Landslide Hazard Mapping,Buncombe,Sandymush,2008-03-18,,,,Weathered rock,Slide - translational,,,,Stream bank,,,,{B29B3A7E-3660-4230-9805-E90C00CEA9A8},POINT (264882.129500002 217402.473999999),2008-03-18 00:00:00,1
265964.988499999,218699.912700001,60896.0,5146.0,Landslide Hazard Mapping,Buncombe,Sandymush,2008-03-18,,,,Weathered rock,Slide - translational,,,,Road cut,,,,{7D182403-2360-4EF8-943B-22CD1B630ED5},POINT (265964.988499999 218699.912700001),2008-03-18 00:00:00,1
266104.169799998,218937.172800001,60897.0,5147.0,Landslide Hazard Mapping,Buncombe,Sandymush,2008-03-18,,,,Weathered rock,Slide - translational,,,,Road cut,,,,{1ACD8835-830C-46E0-A46F-91132D6D33BD},POINT (266104.169799998 218937.172800001),2008-03-18 00:00:00,1
266010.9344,219597.661200002,60892.0,5136.0,Landslide Hazard Mapping,Buncombe,Sandymush,2008-03-18,,,Extremely rapid (>5 m/sec),Debris,Flow,,,,Unmodified,,,,{3FA5E303-1125-4890-9368-D5F70D679938},POINT (266010.9344 219597.661200002),2008-03-18 00:00:00,1
264848.489299998,217807.999200001,60894.0,5144.0,Landslide Hazard Mapping,Buncombe,Sandymush,2008-03-18,,,,Weathered rock,Slide - translational,,,,Stream bank,,,,{AE37B540-5014-4DBC-ADF0-88F078DC6928},POINT (264848.489299998 217807.999200001),2008-03-18 00:00:00,1
265263.659599997,218755.196400002,60900.0,5153.0,Landslide Hazard Mapping,Buncombe,Sandymush,2008-03-18,,,Extremely rapid (>5 m/sec),Earth,Blowout,,,,Unmodified,,,,{070BC1B0-858F-43DD-BBE0-7B6C8C43F19F},POINT (265263.659599997 218755.196400002),2008-03-18 00:00:00,1
266460.595399998,219501.530900002,60899.0,5149.0,Landslide Hazard Mapping,Buncombe,Sandymush,2008-03-18,,,,Weathered rock,Slide - translational,,,,Road cut,,,,{F58078CD-0245-497D-B34D-990B70FC7991},POINT (266460.595399998 219501.530900002),2008-03-18 00:00:00,1
266020.921999998,219593.504299998,60893.0,5137.0,Landslide Hazard Mapping,Buncombe,Sandymush,2008-03-18,,,Extremely rapid (>5 m/sec),Debris,Flow,,,,Unmodified,,,,{411BDA88-5831-4356-B597-E5D2DD258EE6},POINT (266020.921999998 219593.504299998),2008-03-18 00:00:00,1
268455.310000002,220493.6754,58176.0,665.0,Landslide Hazard Mapping,Buncombe,Sandymush,2008-03-20,,,,Debris,Slide - rotational,,,,Road embankment,,,,{A273A803-4410-4608-BE6E-369E366F5CEB},POINT (268455.310000002 220493.6754),2008-03-20 00:00:00,1
262189.538099997,220666.302900001,60904.0,5192.0,Landslide Hazard Mapping,Buncombe,Sandymush,2008-03-20,,,,Debris,Slide - translational,,,,Unmodified,,,,{88E1A3E5-F660-4BA3-845F-8C9A17E65826},POINT (262189.538099997 220666.302900001),2008-03-20 00:00:00,1
262529.643399999,216118.591699999,60902.0,5186.0,Landslide Hazard Mapping,Buncombe,Sandymush,2008-03-20,,,,Weathered rock,Slide - translational,,,,Unmodified,,,,{E1BE4FB9-022B-4218-ABEC-2F408A4D5834},POINT (262529.643399999 216118.591699999),2008-03-20 00:00:00,1
261898.313500002,220790.599100001,60908.0,5196.0,Landslide Hazard Mapping,Buncombe,Sandymush,2008-03-20,,,,Debris,Slide,,,,Unmodified,,,,{1A678EC5-548B-405B-9687-06130F2BEFCA},POINT (261898.313500002 220790.599100001),2008-03-20 00:00:00,1
262041.816399999,220833.1171,60906.0,5194.0,Landslide Hazard Mapping,Buncombe,Sandymush,2008-03-20,,,,Debris,Slide,,,,Unmodified,,,,{77746553-7DC5-47D1-942E-2EE13581225C},POINT (262041.816399999 220833.1171),2008-03-20 00:00:00,1
268439.044200003,220470.867699999,60901.0,5170.0,Landslide Hazard Mapping,Buncombe,Sandymush,2008-03-20,,,,Debris,Slide,,,,Road embankment,,,,{FCCC123A-F0A3-490D-90B4-113FACCA0217},POINT (268439.044200003 220470.867699999),2008-03-20 00:00:00,1
262010.469265547,220827.733355767,60905.0,5193.0,Landslide Hazard Mapping,Buncombe,Sandymush,2008-03-20,,,,Debris,Slide,,,,Unmodified,,,,{6055D97C-94E2-4D04-9DD3-DEBF8A504AB2},POINT (262010.469265547 220827.733355767),2008-03-20 00:00:00,1
261893.869400002,220682.854699999,60909.0,5197.0,Landslide Hazard Mapping,Buncombe,Sandymush,2008-03-20,,,,Earth,Slide,,,,Unmodified,,,,{37CA38FF-4F30-4C04-AE18-54029107D5D1},POINT (261893.869400002 220682.854699999),2008-03-20 00:00:00,1
261967.2764,220842.775199998,60907.0,5195.0,Landslide Hazard Mapping,Buncombe,Sandymush,2008-03-20,,,,Debris,Slide,Extremely rapid (>5 m/sec),Debris,Flow,Unmodified,,,,{8B82985F-F8FB-42E6-9801-5569F90F1D36},POINT (261967.2764 220842.775199998),2008-03-20 00:00:00,1
263835.151299998,216892.151500002,58823.0,5178.0,Landslide Hazard Mapping,Buncombe,Sandymush,2008-03-20,,,,Weathered rock,Slide - translational,,,,Unmodified,,,,{2E11E81E-F9D5-472B-B481-8120CB02ECD2},POINT (263835.151299998 216892.151500002),2008-03-20 00:00:00,1
293278.329259848,200751.357855296,60911.0,5220.0,Landslide Hazard Mapping,Buncombe,Oteen,2008-04-07,,,,Debris,Slide - translational,,,,Road cut,,,,{B1152BF6-4E10-4CB2-B342-56384D38BF0D},POINT (293278.329259848 200751.357855296),2008-04-07 00:00:00,1
293250.240599997,200894.171500001,60910.0,5219.0,Landslide Hazard Mapping,Buncombe,Oteen,2008-04-07,,,,Debris,Slide - translational,,,,Road embankment,,,,{62A7CD23-396B-4209-82E8-1CFF54E36178},POINT (293250.240599997 200894.171500001),2008-04-07 00:00:00,1
293518.600500002,200637.643599998,60914.0,5244.0,Landslide Hazard Mapping,Buncombe,Oteen,2008-04-07,,,,Debris,Slide - translational,,,,Embankment - Not road related,,,,{7E11E733-F760-4AF8-8E8D-0469FAD52336},POINT (293518.600500002 200637.643599998),2008-04-07 00:00:00,1
296790.754299998,203170.538400002,60913.0,5243.0,Landslide Hazard Mapping,Buncombe,Oteen,2008-04-08,,,,Weathered rock,Slide,,,,Road cut,,,,{F161DAC4-4742-45D1-9CB9-1AC6E7144230},POINT (296790.754299998 203170.538400002),2008-04-08 00:00:00,1
296753.367700003,203157.4078,60912.0,5242.0,Landslide Hazard Mapping,Buncombe,Oteen,2008-04-08,,,,Weathered rock,Slide - translational,,,,Road cut,,,,{ABDE7211-B481-4BB3-8DF1-12FBECA8DF0E},POINT (296753.367700003 203157.4078),2008-04-08 00:00:00,1
295265.719400004,203206.709199999,60915.0,5246.0,Landslide Hazard Mapping,Buncombe,Oteen,2008-04-17,,,,Debris,Slide - translational,,,,Road cut,,,,{BBA53249-2C0C-4674-B019-1F48342106B2},POINT (295265.719400004 203206.709199999),2008-04-17 00:00:00,1
295505.634800002,203479.728,58850.0,5649.0,Landslide Hazard Mapping,Buncombe,Oteen,2008-04-17,,,Extremely rapid (>5 m/sec),Debris,Flow,,,,Unmodified,,,,{FD661C30-D6F0-4119-9AF2-0F25BB9ACDE2},POINT (295505.634800002 203479.728),2008-04-17 00:00:00,1
303799.397524657,221300.897550773,61375.0,201608180002.0,Blue Ridge Parkway,Buncombe,Craggy Pinnacle,2008-04-23,,Inactive - stabilized,Very slow (>16 mm/yr),Debris,Slide,,,,Road embankment,,,,{842E6D99-A00D-4538-AC30-C7ABA958CCCE},POINT (303799.397524657 221300.897550773),2008-04-23 00:00:00,1
296993.758400001,205369.480599999,59343.0,5280.0,Landslide Hazard Mapping,Buncombe,Oteen,2008-05-02,,,,Debris,Slide,,,,Road cut,,,,{6B1CAAD3-CBA1-4564-9436-D4EF7D8A7EA9},POINT (296993.758400001 205369.480599999),2008-05-02 00:00:00,1
297318.707000002,205040.496599998,59342.0,5279.0,Landslide Hazard Mapping,Buncombe,Oteen,2008-05-02,,,,Debris,Slide,,,,Road cut,,,,{B3132718-1DF6-41CD-8E45-7AA4C7CAB50D},POINT (297318.707000002 205040.496599998),2008-05-02 00:00:00,1
287462.722999997,207309.548599999,60916.0,5247.0,Landslide Hazard Mapping,Buncombe,Asheville,2008-05-09,,,,Weathered rock,Slide - translational,,,,Road cut,,,,{CB1EA0DD-F08A-48B1-BF6C-4A973FD5022F},POINT (287462.722999997 207309.548599999),2008-05-09 00:00:00,1
300517.986400001,205113.4815,59344.0,5277.0,Landslide Hazard Mapping,Buncombe,Oteen,2008-05-12,,,,Rock,Slide - translational,,,,Road cut,,,,{784A459F-48C5-436E-924D-A0C219B9612B},POINT (300517.986400001 205113.4815),2008-05-12 00:00:00,1
301058.217699997,206489.137899999,59345.0,5286.0,Landslide Hazard Mapping,Buncombe,Oteen,2008-05-16,,,,Debris,Slide,,,,Road embankment,,,,{275D0049-77D2-4B59-B10C-A63C20796709},POINT (301058.217699997 206489.137899999),2008-05-16 00:00:00,1
293909.478100002,218085.186700001,59447.0,5341.0,Landslide Hazard Mapping,Buncombe,Craggy Pinnacle,2008-05-28,,,Extremely rapid (>5 m/sec),Debris,Flow,,,,Unmodified,,,,{1CA08478-F865-4A73-971B-6AABA62B5ED0},POINT (293909.478100002 218085.186700001),2008-05-28 00:00:00,1
294042.049999997,218357.054099999,59448.0,5342.0,Landslide Hazard Mapping,Buncombe,Craggy Pinnacle,2008-05-28,,,,Debris,Slide,,,,Stream bank,,,,{6821E828-7794-4160-83A0-F81853647AC7},POINT (294042.049999997 218357.054099999),2008-05-28 00:00:00,1
303291.605700001,215757.0057,59350.0,5309.0,Landslide Hazard Mapping,Buncombe,Craggy Pinnacle,2008-06-10,,,,Debris,Slide - translational,,,,Unmodified,,,,{5AC855E8-928C-4317-A594-C70E3AAE9D19},POINT (303291.605700001 215757.0057),2008-06-10 00:00:00,1
295407.023599997,225511.904300001,58904.0,5311.0,Landslide Hazard Mapping,Buncombe,Craggy Pinnacle,2008-06-12,,,,Debris,Slide,Extremely rapid (>5 m/sec),Debris,Flow,Unmodified,,,,{AD7C2688-143C-4371-90E9-F7A9CA70E483},POINT (295407.023599997 225511.904300001),2008-06-12 00:00:00,1
296246.235799998,225194.9318,58905.0,5314.0,Landslide Hazard Mapping,Buncombe,Craggy Pinnacle,2008-06-17,,,,Weathered rock,Slide - translational,,,,Road cut,,,,{F0DB6C48-1B66-4EC3-BBAA-48C09A86E45F},POINT (296246.235799998 225194.9318),2008-06-17 00:00:00,1
302154.211199999,223446.800799999,59449.0,5343.0,Landslide Hazard Mapping,Buncombe,Craggy Pinnacle,2008-06-23,,,,Debris,Slide,,,,Road embankment,,,,{6B6CFFFD-F96F-45CF-A747-763CD9DC60D1},POINT (302154.211199999 223446.800799999),2008-06-23 00:00:00,1
296269.931100003,228713.737500001,59351.0,5316.0,Landslide Hazard Mapping,Buncombe,Barnardsville,2008-06-25,,,,Debris,Slide,Extremely rapid (>5 m/sec),Debris,Flow,Unmodified,,,,{65F254DD-DEDD-47B5-BBEC-723EFAC0917B},POINT (296269.931100003 228713.737500001),2008-06-25 00:00:00,1
296247.481899999,228672.003899999,59446.0,5317.0,Landslide Hazard Mapping,Buncombe,Barnardsville,2008-06-25,,,Extremely rapid (>5 m/sec),Debris,Flow,,,,Unmodified,,,,{1DAFCDBD-573A-4A9F-ABF9-B3322D4B1176},POINT (296247.481899999 228672.003899999),2008-06-25 00:00:00,1
300484.553300001,233787.068399999,59526.0,5362.0,Landslide Hazard Mapping,Buncombe,Barnardsville,2008-06-30,,Inactive - dormant,Extremely slow (<16 mm/yr),Debris,Slide - rotational,,,,Unmodified,,,,{01504657-3D84-47CA-9E99-240B6418D800},POINT (300484.553300001 233787.068399999),2008-06-30 00:00:00,1
300827.453599997,233842.304400001,59527.0,5363.0,Landslide Hazard Mapping,Buncombe,Barnardsville,2008-06-30,,,Extremely rapid (>5 m/sec),Debris,Flow,,,,Unmodified,,,,{FF8147D4-30D3-420D-B5B0-06FB2E781C5C},POINT (300827.453599997 233842.304400001),2008-06-30 00:00:00,1
297406.575366076,231632.982416316,59522.0,5369.0,Landslide Hazard Mapping,Buncombe,Barnardsville,2008-07-15,,Active,Very slow (>16 mm/yr),Debris,Slide - rotational,,,,Unmodified,,,,{DAA6C92E-A591-419D-ADEC-6D7131FDA2DA},POINT (297406.575366076 231632.982416316),2008-07-15 00:00:00,1
305517.819499999,232452.343800001,59524.0,5371.0,Landslide Hazard Mapping,Buncombe,Mount Mitchell,2008-07-16,,,,Debris,Slide,,,,Road cut,,,,{4254660D-ACB7-422F-BD86-22E23A703C5E},POINT (305517.819499999 232452.343800001),2008-07-16 00:00:00,1
305573.038800001,232459.2412,59525.0,5372.0,Landslide Hazard Mapping,Buncombe,Mount Mitchell,2008-07-16,,,,Debris,Slide,,,,Road cut,,,,{3D2A2D72-7231-42EB-B9DF-0260F45A8031},POINT (305573.038800001 232459.2412),2008-07-16 00:00:00,1
305607.573600002,232509.579,59528.0,5373.0,Landslide Hazard Mapping,Buncombe,Mount Mitchell,2008-07-16,,,,Debris,Slide,,,,Road cut,,,,{5AA9A5FC-E404-4754-8D88-30E690C187BB},POINT (305607.573600002 232509.579),2008-07-16 00:00:00,1
305705.297300003,232516.479600001,59529.0,5374.0,Landslide Hazard Mapping,Buncombe,Mount Mitchell,2008-07-16,,,,Debris,Slide,,,,Road cut,,,,{476A55C9-1D1F-4B8D-A9A7-2843D2990F67},POINT (305705.297300003 232516.479600001),2008-07-16 00:00:00,1
306003.361599997,232649.697000001,59530.0,5375.0,Landslide Hazard Mapping,Buncombe,Mount Mitchell,2008-07-16,,,,Debris,Slide,,,,Road cut,,,,{D7BB6E44-9226-4C8A-9AA4-56A4AE152E5A},POINT (306003.361599997 232649.697000001),2008-07-16 00:00:00,1
305971.809299998,232479.033100002,59531.0,5376.0,Landslide Hazard Mapping,Buncombe,Mount Mitchell,2008-07-16,,,,Debris,Slide,,,,Road cut,,,,{EA9FA635-13F8-4EE4-9862-8CE924C5570E},POINT (305971.809299998 232479.033100002),2008-07-16 00:00:00,1
305455.534900002,232466.445099998,59523.0,5370.0,Landslide Hazard Mapping,Buncombe,Mount Mitchell,2008-07-16,,,,Debris,Slide,,,,Road cut,,,,{33B9CB68-E69F-4E9C-8356-EB8E86396127},POINT (305455.534900002 232466.445099998),2008-07-16 00:00:00,1
306223.857799999,232684.973200001,59532.0,5377.0,Landslide Hazard Mapping,Buncombe,Mount Mitchell,2008-07-17,,,,Debris,Slide,,,,Road cut,,,,{7473A2E2-CD53-402F-8F9E-8E172C17F673},POINT (306223.857799999 232684.973200001),2008-07-17 00:00:00,1
306380.304399997,232722.309300002,59533.0,5378.0,Landslide Hazard Mapping,Buncombe,Mount Mitchell,2008-07-17,,,,Debris,Slide,,,,Road cut,,,,{EE2845DF-FF92-44F1-86F9-D9C170DEB674},POINT (306380.304399997 232722.309300002),2008-07-17 00:00:00,1
301363.111500002,231097.4265,60608.0,5572.0,Landslide Hazard Mapping,Buncombe,Barnardsville,2008-07-21,,Active,Very slow (>16 mm/yr),Debris,Slide - rotational,,,,Cut slope - Not road related,,,,{B6F82E37-B53D-4F2A-8A82-00E83C61E887},POINT (301363.111500002 231097.4265),2008-07-21 00:00:00,1
301288.633400001,230783.271600001,60606.0,5570.0,Landslide Hazard Mapping,Buncombe,Barnardsville,2008-07-21,,,,Debris,Slide,,,,Unmodified,,,,{CAB65C5E-B6FE-4B3E-AB3E-F394BA1F76CA},POINT (301288.633400001 230783.271600001),2008-07-21 00:00:00,1
301321.916000001,230854.173799999,60607.0,5571.0,Landslide Hazard Mapping,Buncombe,Barnardsville,2008-07-21,,Active,Very slow (>16 mm/yr),Debris,Slide - rotational,,,,Cut slope - Not road related,,,,{633966AD-CEF1-4180-AEA5-FDD581095A5B},POINT (301321.916000001 230854.173799999),2008-07-21 00:00:00,1
270001.5929,213416.250599999,59242.0,4519.0,Landslide Hazard Mapping,Buncombe,Enka,2008-08-20,,,,Weathered rock,Slide - rotational,,,,Unmodified,,,,{5D47C727-F3CF-4B50-AFAE-D6F0E1970229},POINT (270001.5929 213416.250599999),2008-08-20 00:00:00,1
270015.888099998,213422.704599999,59666.0,5403.0,Landslide Hazard Mapping,Buncombe,Enka,2008-08-20,,,,Weathered rock,Slide - rotational,,,,Unmodified,,,,{7E06C526-318F-49B7-B1C6-9316EB6AFCF7},POINT (270015.888099998 213422.704599999),2008-08-20 00:00:00,1
311107.591700003,223015.5121,60596.0,5498.0,Landslide Hazard Mapping,Buncombe,Montreat,2008-09-09,,,,Debris,Slide,Extremely rapid (>5 m/sec),Debris,Flow,Road embankment,,,,{08325343-C450-42B1-97A8-CECF0E49EFE6},POINT (311107.591700003 223015.5121),2008-09-09 00:00:00,1
310987.518399999,222342.267200001,60594.0,5496.0,Landslide Hazard Mapping,Buncombe,Montreat,2008-09-09,,,,Debris,Slide,,,,Road embankment,,,,{0803EDC5-810D-47A0-9851-8CA2747E7465},POINT (310987.518399999 222342.267200001),2008-09-09 00:00:00,1
311743.630800001,222401.400899999,60595.0,5497.0,Landslide Hazard Mapping,Buncombe,Montreat,2008-09-09,,,,Debris,Slide,,,,Road embankment,,,,{233732AC-0CC1-4B82-B145-B739A80B241E},POINT (311743.630800001 222401.400899999),2008-09-09 00:00:00,1
289431.754600003,217625.019200001,60598.0,5500.0,Landslide Hazard Mapping,Buncombe,Weaverville,2008-09-12,,,,Debris,Slide - translational,,,,Road embankment,,,,{EBE86D25-4D58-4E8D-9246-064698439AE1},POINT (289431.754600003 217625.019200001),2008-09-12 00:00:00,1
305738.023699999,223483.730300002,60601.0,5503.0,Blue Ridge Parkway,Buncombe,Montreat,2008-09-18,,,,Debris,Slide,,,,Road embankment,,,,{75BB6FB1-BC6B-4BEB-B036-64B38FCB20A0},POINT (305738.023699999 223483.730300002),2008-09-18 00:00:00,1
309751.676099966,224938.629746313,60602.0,5504.0,Blue Ridge Parkway,Buncombe,Montreat,2008-09-18,,,Extremely rapid (>5 m/sec),Debris,Flow,,,,Road embankment,,,,{8CDE61D5-0D78-4799-BFF2-1D2CC4567C07},POINT (309751.676099966 224938.629746313),2008-09-18 00:00:00,1
310294.971100003,224583.321199998,58892.0,2296.0,Blue Ridge Parkway,Buncombe,Montreat,2008-09-18,,,,Debris,Slide,Extremely rapid (>5 m/sec),Debris,Flow,Unmodified,,,,{8B6046B7-F692-42CA-BE14-E42AFC23E347},POINT (310294.971100003 224583.321199998),2008-09-18 00:00:00,1
292607.376900002,221308.852899998,59191.0,5506.0,Landslide Hazard Mapping,Buncombe,Weaverville,2008-09-25,,,,Debris,Slide - translational,,,,Road cut,,,,{682DD932-259B-420D-A390-4EFAB5F10AC0},POINT (292607.376900002 221308.852899998),2008-09-25 00:00:00,1
291410.435599998,221995.1741,59190.0,5505.0,Landslide Hazard Mapping,Buncombe,Weaverville,2008-09-25,,,,Debris,Slide,Extremely rapid (>5 m/sec),Debris,Flow,Unmodified,,,,{7F566468-B850-4E5F-AD19-E1D3024B7271},POINT (291410.435599998 221995.1741),2008-09-25 00:00:00,1
292418.915100001,218864.933400001,60603.0,5526.0,Landslide Hazard Mapping,Buncombe,Weaverville,2008-09-30,,,,Debris,Slide - translational,,,,Road embankment,,,,{2BDD6703-1F15-4EC3-A842-2E1AC369E512},POINT (292418.915100001 218864.933400001),2008-09-30 00:00:00,1
289221.290700004,212651.340399999,60604.0,5533.0,Landslide Hazard Mapping,Buncombe,Asheville,2008-10-01,,,,Debris,Slide,,,,Road cut,,,,{9515886B-2012-4BD9-86BD-C9321F075B8E},POINT (289221.290700004 212651.340399999),2008-10-01 00:00:00,1
292732.409699999,224588.732700001,58792.0,5565.0,Landslide Hazard Mapping,Buncombe,Weaverville,2008-10-07,,,,Debris,Slide,Extremely rapid (>5 m/sec),Debris,Flow,Unmodified,,,,{9B03776F-9FC1-43D3-BF4E-5CB897BECF11},POINT (292732.409699999 224588.732700001),2008-10-07 00:00:00,1
292565.325000003,224533.0211,60605.0,5562.0,Landslide Hazard Mapping,Buncombe,Weaverville,2008-10-07,,,,Debris,Slide,Extremely rapid (>5 m/sec),Debris,Flow,Unmodified,,,,{08E5AF02-473B-4C73-B365-A722341E48D1},POINT (292565.325000003 224533.0211),2008-10-07 00:00:00,1
292608.238799997,224535.7238,58790.0,5563.0,Landslide Hazard Mapping,Buncombe,Weaverville,2008-10-07,,,,Debris,Slide,Extremely rapid (>5 m/sec),Debris,Flow,Unmodified,,,,{567DDA27-5F07-4F8E-A501-757E36020706},POINT (292608.238799997 224535.7238),2008-10-07 00:00:00,1
292623.145099998,224534.864300001,58791.0,5564.0,Landslide Hazard Mapping,Buncombe,Weaverville,2008-10-07,,,,Debris,Slide,Extremely rapid (>5 m/sec),Debris,Flow,Unmodified,,,,{C59A90E1-7B47-42BB-89BD-0EBF971D7A7F},POINT (292623.145099998 224534.864300001),2008-10-07 00:00:00,1
294492.894299999,221449.072299998,60610.0,5575.0,Landslide Hazard Mapping,Buncombe,Craggy Pinnacle,2008-10-09,,,,Debris,Slide,Extremely rapid (>5 m/sec),Debris,Flow,Unmodified,,,,{E4E6E8BE-FABA-4639-A412-801454886DB9},POINT (294492.894299999 221449.072299998),2008-10-09 00:00:00,1
294543.634923846,221202.254578511,60611.0,5576.0,Landslide Hazard Mapping,Buncombe,Craggy Pinnacle,2008-10-09,,,Extremely rapid (>5 m/sec),Debris,Flow,,,,Road cut,,,,{4471EE1E-99B0-407C-B622-3E7DA2886A4E},POINT (294543.634923846 221202.254578511),2008-10-09 00:00:00,1
294492.468599997,221387.920200001,60609.0,5574.0,Landslide Hazard Mapping,Buncombe,Craggy Pinnacle,2008-10-09,,,,Debris,Slide,Extremely rapid (>5 m/sec),Debris,Flow,Unmodified,,,,{7F858DCD-B9FC-4104-825E-9C3033E4F312},POINT (294492.468599997 221387.920200001),2008-10-09 00:00:00,1
315217.255199999,198839.6877,60612.0,5577.0,Landslide Hazard Mapping,Buncombe,Lake Lure,2008-10-15,,,,Debris,Slide - translational,,,,Road embankment,,,,{2D19FBA9-97A8-4642-AF94-BB1E65602E50},POINT (315217.255199999 198839.6877),2008-10-15 00:00:00,1
273955.661906714,199308.350719446,61424.0,201707060001.0,Geohazards,Buncombe,Dunsmore Mtn,2008-10-16,,Inactive,,Debris,Flow,,,,Road embankment,,,,{5A74E0AE-8DE5-421D-8102-DD738651ECF0},POINT (273955.661906714 199308.350719446),2008-10-16 00:00:00,1
274029.764899999,199395.889199998,60614.0,5588.0,Landslide Hazard Mapping,Buncombe,Dunsmore Mountain,2008-10-16,,,Extremely rapid (>5 m/sec),Debris,Flow,,,,Unmodified,,,,{F20F40B0-8CA6-4FE7-AB39-2CC977564B8F},POINT (274029.764899999 199395.889199998),2008-10-16 00:00:00,1
310942.372097208,214897.208799311,58907.0,5298.0,Landslide Hazard Mapping,Buncombe,Montreat,2008-10-21,,,,Weathered rock,Slide,,,,Cut slope - Not road related,,,,{D63BB609-0530-4CA2-B072-E9558AB51026},POINT (310942.372097208 214897.208799311),2008-10-21 00:00:00,1
310898.594400004,215010.795499999,58906.0,5297.0,Landslide Hazard Mapping,Buncombe,Montreat,2008-10-21,,,,Rock,Slide,,,,Cut slope - Not road related,,,,{316C7DA0-E7D2-4DFE-BC26-B72670C47358},POINT (310898.594400004 215010.795499999),2008-10-21 00:00:00,1
308926.512699999,214992.545600001,57991.0,358.0,Landslide Hazard Mapping,Buncombe,Montreat,2008-10-21,,,Extremely rapid (>5 m/sec),Debris,Flow,,,,Unmodified,,,,{775B6499-0609-4AC5-86E0-10EA5C8D0B29},POINT (308926.512699999 214992.545600001),2008-10-21 00:00:00,1
309236.451200001,214885.717500001,58910.0,5301.0,Landslide Hazard Mapping,Buncombe,Montreat,2008-10-21,,,Extremely rapid (>5 m/sec),Debris,Flow,,,,Road embankment,,,,{9A002E87-2A58-4C04-9355-A1362C8555FB},POINT (309236.451200001 214885.717500001),2008-10-21 00:00:00,1
312896.266000003,204623.284699999,60619.0,5604.0,Landslide Hazard Mapping,Buncombe,Black Mountain,2008-10-22,,,Extremely rapid (>5 m/sec),Debris,Flow,,,,Unmodified,,,,{EB074877-BE10-4A0C-91EF-E04957FD0105},POINT (312896.266000003 204623.284699999),2008-10-22 00:00:00,1
312917.055699997,204596.292300001,60618.0,5603.0,Landslide Hazard Mapping,Buncombe,Black Mountain,2008-10-22,,,Extremely rapid (>5 m/sec),Debris,Flow,,,,Unmodified,,,,{BE32A648-F038-420D-B81F-310147D41C9E},POINT (312917.055699997 204596.292300001),2008-10-22 00:00:00,1
277934.0942,217050.397700001,58080.0,453.0,Landslide Hazard Mapping,Buncombe,Leicester,2008-10-23,,,,Rock,Slide - translational,,,,Road cut,,,,{BA7BDA0E-5492-4D83-A7BF-9DB46FC0BBB2},POINT (277934.0942 217050.397700001),2008-10-23 00:00:00,1
309313.1796,209293.983899999,58776.0,5627.0,Landslide Hazard Mapping,Buncombe,Black Mountain,2008-10-29,,,,Debris,Slide - translational,,,,Stream bank,,,,{8E54F170-C8F2-41BF-B2BA-B840B7BD0C55},POINT (309313.1796 209293.983899999),2008-10-29 00:00:00,1
309325.902800001,209349.170499999,58775.0,5626.0,Landslide Hazard Mapping,Buncombe,Black Mountain,2008-10-29,,,,Debris,Slide - translational,,,,Stream bank,,,,{417BB890-09DD-40D8-AEFF-525B99D5FA1F},POINT (309325.902800001 209349.170499999),2008-10-29 00:00:00,1
316836.361500002,201486.9593,58774.0,5625.0,Landslide Hazard Mapping,Buncombe,Moffitt Hill,2008-10-29,,,Extremely rapid (>5 m/sec),Debris,Flow,,,,Unmodified,,,,{5997E835-6433-467E-8893-5C740908652A},POINT (316836.361500002 201486.9593),2008-10-29 00:00:00,1
270568.828599997,209322.791000001,58780.0,5631.0,Landslide Hazard Mapping,Buncombe,Enka,2008-10-30,,,Extremely rapid (>5 m/sec),Debris,Flow,,,,Unmodified,,,,{1A6DA099-D9A9-4AE9-AEAF-70241A993909},POINT (270568.828599997 209322.791000001),2008-10-30 00:00:00,1
270577.793399997,209363.307500001,58779.0,5630.0,Landslide Hazard Mapping,Buncombe,Enka,2008-10-30,,,Extremely rapid (>5 m/sec),Debris,Flow,,,,Unmodified,,,,{659D2F99-FB13-4067-ADD8-BA3FED96D441},POINT (270577.793399997 209363.307500001),2008-10-30 00:00:00,1
270295.457400002,209747.645,58781.0,5632.0,Landslide Hazard Mapping,Buncombe,Enka,2008-10-30,,,,Debris,Slide - translational,,,,Road cut,,,,{250DD2EF-27D3-411F-853B-C6FBDFD3749A},POINT (270295.457400002 209747.645),2008-10-30 00:00:00,1
294057.405500002,219095.731699999,57994.0,360.0,Landslide Hazard Mapping,Buncombe,Craggy Pinnacle,2008-11-05,,,,Debris,Slide - rotational,,,,Cut slope - Not road related,,,,{5A76F205-C366-4D9E-9F58-CBB3161CE174},POINT (294057.405500002 219095.731699999),2008-11-05 00:00:00,1
293947.124600001,219200.0715,58232.0,369.0,Landslide Hazard Mapping,Buncombe,Craggy Pinnacle,2008-11-05,,,,Debris,Slide - translational,,,,Unmodified,,,,{044DC650-8966-40B0-BF8D-23D1AB7B9D2C},POINT (293947.124600001 219200.0715),2008-11-05 00:00:00,1
293920.939599998,219107.077100001,58231.0,368.0,Landslide Hazard Mapping,Buncombe,Craggy Pinnacle,2008-11-05,,,,Debris,Slide - rotational,,,,Unmodified,,,,{9DABBEC1-A4C8-4B9D-B43A-E7EC540DEA5E},POINT (293920.939599998 219107.077100001),2008-11-05 00:00:00,1
302944.310900003,231811.638799999,59241.0,4518.0,Landslide Hazard Mapping,Buncombe,Barnardsville,2008-12-18,,,,Debris,Slide - rotational,,,,Unmodified,,,,{A006AA0A-6B85-40BF-82B0-8DF8E5EEBC45},POINT (302944.310900003 231811.638799999),2008-12-18 00:00:00,1
277523.506399997,196775.540100001,59230.0,5324.0,Landslide Hazard Mapping,Buncombe,Dunsmore Mountain,2009-04-23,,,,Debris,Slide,,,,Stream bank,,,,{B80664F5-4368-40C7-B867-552B235A7E1D},POINT (277523.506399997 196775.540100001),2009-04-23 00:00:00,1
291331.167599998,211088.996599998,60918.0,6058.0,Landslide Hazard Mapping,Buncombe,Asheville,2009-09-01,,Suspended,Extremely rapid (>5 m/sec),Weathered rock,Slide - translational,,,,Road cut,,,,{EF81AEA3-9C0F-4877-ABFA-5135EE968D52},POINT (291331.167599998 211088.996599998),2009-09-01 00:00:00,1
289250.20949911,210730.500303959,61048.0,201002241001.0,Landslide Hazard Mapping,Buncombe,Asheville,2010-02-24,,Inactive,Extremely rapid (>5 m/sec),Weathered rock,Slide - translational,,,,Cut slope - Not road related,,,,{12805D41-13F8-4FD8-8BDA-C4FE191833D1},POINT (289250.20949911 210730.500303959),2010-02-24 00:00:00,1
307462.915063701,205234.960509667,60926.0,201010071001.0,Landslide Hazard Mapping,Buncombe,,2010-10-07,,Inactive,Extremely rapid (>5 m/sec),Debris,Flow,,,,Road embankment,,,,{ACB055E1-C881-4FA8-88D7-4D19B2ED0264},POINT (307462.915063701 205234.960509667),2010-10-07 00:00:00,1
267626.133400001,210050.288600001,59140.0,5049.0,Landslide Hazard Mapping,Buncombe,Canton,2011-02-21,,Inactive,Extremely rapid (>5 m/sec),Debris,Flow,,,,Embankment - Not road related,4.0,,,{D877E75A-6F14-45A7-BB24-A5BF1FB84CCA},POINT (267626.133400001 210050.288600001),2011-02-21 00:00:00,1
280637.656781739,211981.6408623,61401.0,201609270001.0,Geohazards,Buncombe,Enka,2012-10-04,,Inactive,Very rapid (>3 m/min),Debris,Flow,,,,Embankment - Not road related,,,,{9959B948-6034-420C-A2DF-88E1692370B1},POINT (280637.656781739 211981.6408623),2012-10-04 00:00:00,1
317829.703805999,202407.266679175,61334.0,201412140001.0,Geohazards,Buncombe,Moffitt Hill,2014-12-14,2013-01-14 17:00:00,Inactive,Extremely rapid (>5 m/sec),Debris,Flow,,,,Road embankment,,,,{C2664535-9163-4EE6-ADFE-C254AA9CD5A2},POINT (317829.703805999 202407.266679175),2013-01-14 17:00:00,1
300433.077336856,215234.540436716,61473.0,20180323001.0,Geohazards,Buncombe,Craggy Pinnacle,2013-03-23,,Active,Rapid (>1.8 m/hr),Debris,Slide,,,,Cut slope - Not road related,,,,{18196DDF-2195-4A28-806D-79A79454F016},POINT (300433.077336856 215234.540436716),2013-03-23 00:00:00,1
293926.645089061,218928.110342857,61228.0,201305060001.0,Geohazards,Buncombe,Craggy Pinnacle,2013-05-06,,Active,Slow (>1.6 m/yr),Debris,Slide,,,,Cut slope - Not road related,,,,{9DEBDDF6-92EA-4551-A15C-C4A2D28E1C77},POINT (293926.645089061 218928.110342857),2013-05-06 00:00:00,1
280448.375807977,211973.085958389,61340.0,201307020001.0,Landslide Hazard Mapping,Buncombe,Enka,2013-07-02,,Active,Very slow (>16 mm/yr),Debris,Slide,,,,Road embankment,,,,{21A8CBE2-13CB-41CE-8261-2B24F739DC5F},POINT (280448.375807977 211973.085958389),2013-07-02 00:00:00,1
280634.130680968,212007.546965286,61342.0,201307020003.0,Geohazards,Buncombe,Enka,2013-07-02,,Active,Very slow (>16 mm/yr),Debris,Slide,,,,Road embankment,,,,{5078FB7E-A157-4488-98DE-D5BB72E77F22},POINT (280634.130680968 212007.546965286),2013-07-02 00:00:00,1
280554.553510682,211977.871437984,61341.0,201307020002.0,Geohazards,Buncombe,Enka,2013-07-02,,Inactive,Very slow (>16 mm/yr),Debris,Slide,,,,Road embankment,,,,{597AF764-E7EB-4B05-87E2-6726C103F14A},POINT (280554.553510682 211977.871437984),2013-07-02 00:00:00,1
288973.226063689,212937.465280502,61170.0,201401170001.0,Geohazards,Buncombe,Asheville,2014-01-17,2013-07-04 05:00:00,Active,,Debris,Slide,,,,Embankment - Not road related,,,,{D5FC4294-5F4E-43CB-86C8-5088A78683F4},POINT (288973.226063689 212937.465280502),2013-07-04 05:00:00,1
289502.618598251,211942.336551483,61225.0,201402280001.0,Geohazards,Buncombe,Asheville,2014-02-28,2013-07-04 05:00:00,Inactive,,Debris,Slide,,,,Road embankment,,,,{55BDD401-AD50-4701-A941-706FEDAEAB93},POINT (289502.618598251 211942.336551483),2013-07-04 05:00:00,1
288837.146417919,211534.740561249,61447.0,201710030002.0,Geohazards,Buncombe,Asheville,2017-10-23,2013-07-04 06:00:00,Inactive - stabilized,Very rapid (>3 m/min),Debris,Slide,,,,Road cut,,,,{4EEE75D0-86AB-462F-9C9E-445ADE3FF7ED},POINT (288837.146417919 211534.740561249),2013-07-04 06:00:00,1
289198.416981483,213476.88681042,61201.0,201401140001.0,Geohazards,Buncombe,Asheville,2014-01-13,2013-07-04 06:00:00,Inactive,,Debris,Slide,,,,Road unspecified,,,,{605C59E4-86E7-4202-A8A5-E1D22F4E2138},POINT (289198.416981483 213476.88681042),2013-07-04 06:00:00,1
290033.180985856,213554.268133497,61233.0,201406030001.0,Geohazards,Buncombe,Asheville,2014-06-03,2013-07-04 06:00:00,Inactive,Extremely rapid (>5 m/sec),Debris,Slide,,,Flow,Road embankment,,,,{AB5BEA59-A923-42FD-83E1-C71F89D47EBC},POINT (290033.180985856 213554.268133497),2013-07-04 06:00:00,1
296363.17060871,217577.442939315,61297.0,201307200001.0,Geohazards,Buncombe,Craggy Pinnacle,2013-07-20,,Inactive - stabilized,Slow (>1.6 m/yr),Debris,Slide,,,,Road embankment,,,,{D75ED673-95F6-4547-9F84-9072DE93C446},POINT (296363.17060871 217577.442939315),2013-07-20 00:00:00,1
289953.6219576,216541.148534473,61171.0,201307240001.0,Geohazards,Buncombe,Weaverville,2013-07-24,,Active,Moderate (>13 m/mo),Debris,Slide,,,,Embankment - Not road related,,,,{A41F4D13-D2CB-48CE-BA19-0456FFFBDACD},POINT (289953.6219576 216541.148534473),2013-07-24 00:00:00,1
296868.064842677,195664.656992986,61175.0,201309160001.0,Geohazards,Buncombe,Fruitland,2013-09-16,,Inactive,Moderate (>13 m/mo),Debris,Slide,,,,Embankment - Not road related,,,,{3D73426C-8CEA-4D86-8DB1-DFA860053CDF},POINT (296868.064842677 195664.656992986),2013-09-16 00:00:00,1
306789.103904331,213076.721157,61298.0,201401140001.0,Geohazards,Buncombe,Black Mountain,2014-01-14,,Active,Moderate (>13 m/mo),Rock,Slide - translational,,,,Road cut,,,,{2D0D0E2C-4D51-42FF-B23D-2C09248B0102},POINT (306789.103904331 213076.721157),2014-01-14 00:00:00,1
287742.409192344,206925.190331828,61202.0,201401170001.0,Geohazards,Buncombe,Asheville,2014-01-17,,Inactive,,Debris,Slide,,,,Road embankment,,,,{8F3B38D6-4208-4BA2-B214-5FD46722671D},POINT (287742.409192344 206925.190331828),2014-01-17 00:00:00,1
297239.724804215,205872.07921578,61295.0,201405280001.0,Geohazards,Buncombe,Oteen,2014-05-28,,Inactive,,,,,,,Road embankment,,,,{8AB1054B-D4D3-4EF6-ABA6-60769EB186C6},POINT (297239.724804215 205872.07921578),2014-05-28 00:00:00,1
290811.318942589,197392.759144607,61239.0,201409080001.0,Geohazards,Buncombe,Skyland,2014-09-08,,Active,Slow (>1.6 m/yr),Debris,Slide,Slow (>1.6 m/yr),,,Road embankment,,,,{2416CCE1-45F4-413F-BB91-E7253FB85D11},POINT (290811.318942589 197392.759144607),2014-09-08 00:00:00,1
310539.275415073,214996.970440267,61242.0,201410160002.0,Geohazards,Buncombe,Montreat,2014-10-16,,Active,,Debris,Slide,,,,Road cut,,,,{F8B16AAF-E752-43B2-A2E9-937305EA656E},POINT (310539.275415073 214996.970440267),2014-10-16 00:00:00,1
310560.06209074,215001.945029316,61241.0,201410160001.0,Geohazards,Buncombe,Montreat,2014-10-16,,Active,Very rapid (>3 m/min),Debris,Slide,,,,Road cut,,,,{AE6FA000-C7C3-4744-92D7-0E764FBDE15F},POINT (310560.06209074 215001.945029316),2014-10-16 00:00:00,1
288147.520167142,217764.642080676,61243.0,201410280001.0,Geohazards,Buncombe,Weaverville,2014-10-28,,Inactive,,Debris,Slide,,,,Road embankment,,,,{0C6F130D-0ADA-425C-8E8F-B096F10A8DF0},POINT (288147.520167142 217764.642080676),2014-10-28 00:00:00,1
295650.565448852,205041.559850009,61296.0,201502130001.0,Geohazards,Buncombe,Oteen,2015-02-13,,Inactive,,,,,,,Embankment - Not road related,,,,{F0E9D672-369B-4508-8C9E-E27890DC27DD},POINT (295650.565448852 205041.559850009),2015-02-13 00:00:00,1
303781.856570284,221104.758869666,61300.0,201505070001.0,Geohazards,Buncombe,Craggy Pinnacle,2015-05-07,,Inactive,Extremely rapid (>5 m/sec),Rock,Slide,,,,Road cut,,,,{D204A8CF-4CA1-4464-97CB-9FB7BEFCB006},POINT (303781.856570284 221104.758869666),2015-05-07 00:00:00,1
312480.833740239,213591.93757447,61310.0,201507240001.0,Geohazards,Buncombe,Montreat,2015-07-24,,Active,,Debris,Slide,,,,Cut slope - Not road related,,,,{F3455B93-B170-4611-A543-6AAFDCCBA58C},POINT (312480.833740239 213591.93757447),2015-07-24 00:00:00,1
306860.883000348,220426.471881404,61416.0,201508280001.0,Geohazards,Buncombe,Montreat,2015-08-28,,Inactive,Extremely rapid (>5 m/sec),Rock,Fall,,,,Unmodified,,,,{14BB0023-7434-4785-A4C8-25F9C758A5BC},POINT (306860.883000348 220426.471881404),2015-08-28 00:00:00,1
292604.333234648,217420.831043785,61350.0,201607260001.0,Geohazards,Buncombe,Weaverville,2016-07-26,,Inactive,Slow (>1.6 m/yr),Debris,Slide,,,,Road cut,,,,{F111D167-858C-43D5-B30E-AEA2552F5AFD},POINT (292604.333234648 217420.831043785),2016-07-26 00:00:00,1
292596.367036019,217438.976273995,61351.0,201607260002.0,Geohazards,Buncombe,Weaverville,2016-07-26,,Suspended,Very slow (>16 mm/yr),Debris,Slide,,,,Cut slope - Not road related,,,,{0533AC06-C8A2-479B-9523-0C0C7AF89FDA},POINT (292596.367036019 217438.976273995),2016-07-26 00:00:00,1
313201.622075155,212522.026916107,61389.0,201609190002.0,Geohazards,Buncombe,Black Mountain,2016-09-19,,Inactive,Extremely rapid (>5 m/sec),Rock,Fall,,,,Cut slope - Not road related,21.0,,,{E3914650-C631-460F-8AB9-2638CD69F97F},POINT (313201.622075155 212522.026916107),2016-09-19 00:00:00,1
291234.192937792,198131.446886083,61414.0,201610280002.0,Geohazards,Buncombe,Skyland,2016-10-28,,Active,Very slow (>16 mm/yr),Debris,Slide,,,,Embankment - Not road related,,,,{FC7C4A9B-13EC-47CD-8F75-93F787EAAE91},POINT (291234.192937792 198131.446886083),2016-10-28 00:00:00,1
282443.089345855,221376.021416519,61419.0,201703310001.0,Geohazards,Buncombe,Weaverville,2017-03-31,,Inactive,Extremely rapid (>5 m/sec),Rock,Slide,,,,Road cut,,,,{86BCC534-9FF6-4ED0-9429-04825F576CDD},POINT (282443.089345855 221376.021416519),2017-03-31 00:00:00,1
295569.701691854,208980.027407448,61420.0,20704030001.0,Geohazards,Buncombe,Oteen,2017-04-02,,Inactive,Very slow (>16 mm/yr),Debris,Slide,,,,Road embankment,,,,{74F29166-0AF7-4604-A74F-785EBA954B15},POINT (295569.701691854 208980.027407448),2017-04-02 00:00:00,1
296036.679276733,219674.888286467,61432.0,20170901001.0,Geohazards,Buncombe,Craggy Pinnacle,2017-09-01,,Inactive,,Debris,Slide,,,,Unmodified,,,,{A9487F5D-E4E4-45F2-A677-E7B6845D9646},POINT (296036.679276733 219674.888286467),2017-09-01 00:00:00,1
296039.343023068,219554.092170911,61433.0,20170901002.0,Geohazards,Buncombe,Craggy Pinnacle,2017-09-01,,Inactive,,Debris,Slide,,,,Unmodified,,,,{8CB674FE-B65A-4DDD-B1B8-313D6B823F71},POINT (296039.343023068 219554.092170911),2017-09-01 00:00:00,1
294105.708358786,219387.756904371,61434.0,20170901003.0,Geohazards,Buncombe,Craggy Pinnacle,2017-09-01,,Inactive,,Debris,Slide,,,,Unmodified,,,,{4F04E205-D3C9-4AC7-BBD3-7CCC363A077C},POINT (294105.708358786 219387.756904371),2017-09-01 00:00:00,1
288113.294022767,194002.916225691,61441.0,20170915001.0,Geohazards,Buncombe,Skyland,2017-09-15,,Active,Slow (>1.6 m/yr),Earth,Slide,Slow (>1.6 m/yr),Debris,,Embankment - Not road related,,,,{58CC4DCA-26F1-4985-A0F9-8CC1F1C809AE},POINT (288113.294022767 194002.916225691),2017-09-15 00:00:00,1
288838.666378573,211483.357881119,61446.0,20171023001.0,Geohazards,Buncombe,Asheville,2017-10-23,,Active,Very rapid (>3 m/min),Debris,Slide,,,Flow,Road embankment,,,,{1F0D013D-3315-4F75-B038-DA19363E83C3},POINT (288838.666378573 211483.357881119),2017-10-23 00:00:00,1
287847.005825425,209499.271973898,61450.0,20180210001.0,Geohazards,Buncombe,Asheville,2018-02-10,,Active,Very rapid (>3 m/min),Weathered rock,Slide,,,,Cut slope - Not road related,,,,{22C6394A-B063-4307-A29F-5AC54E208891},POINT (287847.005825425 209499.271973898),2018-02-10 00:00:00,1
300448.110850436,215248.331511158,61472.0,20180323002.0,Geohazards,Buncombe,Craggy Pinnacle,2018-03-23,,Inactive - stabilized,,Debris,Slide,,,,Road embankment,,,,{09696E3E-965C-47B9-8CC1-3770440C169C},POINT (300448.110850436 215248.331511158),2018-03-23 00:00:00,1
286342.506832667,217385.879981303,61477.0,20180402001.0,Landslide Hazard Mapping,Buncombe,Weaverville,2018-04-02,,Inactive,Rapid (>1.8 m/hr),Debris,Slide,,,,Stream bank,,,,{ACB8DFF5-A8B6-4522-8038-C96C5718493E},POINT (286342.506832667 217385.879981303),2018-04-02 00:00:00,1
306762.921053431,212977.261082992,61548.0,20190117003.0,Landslide Hazard Mapping,Buncombe,Black Mountain,2019-01-17,,Inactive,Rapid (>1.8 m/hr),Debris,Slide,,,,Embankment - Not road related,,,,{00492D3C-3555-46BD-84C6-B835B8384628},POINT (306762.921053431 212977.261082992),2019-01-17 00:00:00,1
306775.181431158,212935.868248097,61549.0,20190117002.0,Landslide Hazard Mapping,Buncombe,Black Mountain,2019-01-17,,Active,Rapid (>1.8 m/hr),Debris,Slide,,,,Embankment - Not road related,,,,{A26D03E9-DCDA-41AE-A470-5EEE11CC4CB7},POINT (306775.181431158 212935.868248097),2019-01-17 00:00:00,1
293557.550775355,209830.543391962,78695.0,202005060501.0,Landslide Hazard Mapping,Buncombe,Oteen,2020-05-06,,Inactive,,Earth,Slide,,,,Embankment - Not road related,,,,{99453A01-9D45-4EED-A4DD-C075E95F3D41},POINT (293557.550775355 209830.543391962),2020-05-06 00:00:00,1
288614.446705812,208598.819395579,114247.0,202107280505.0,Landslide Hazard Mapping,Buncombe,,2021-07-28,,Active,,Debris,Slide,,,,,,,,{EABECD75-D132-4284-B222-F46C05BAE719},POINT (288614.446705812 208598.819395579),2021-07-28 00:00:00,1
291053.663153864,197796.478391123,115169.0,202108240512.0,Landslide Hazard Mapping,Buncombe,,2021-08-24,,,,Debris,Composite,,,,,,,,{691D4CC2-5E9D-428E-A147-332FEAD93458},POINT (291053.663153864 197796.478391123),2021-08-24 00:00:00,1
291138.594573726,197990.153778474,115168.0,202108240515.0,Landslide Hazard Mapping,Buncombe,,2021-08-24,,,,Debris,Composite,,,,,,,,{EBD86E53-50AF-4FD0-BCBC-8A2825ECB3E4},POINT (291138.594573726 197990.153778474),2021-08-24 00:00:00,1
291104.463255464,197895.697339561,115167.0,202108240514.0,Landslide Hazard Mapping,Buncombe,,2021-08-24,,,,Debris,Composite,,,,,,,,{28083088-AFA1-463B-BF56-C1E97758E94B},POINT (291104.463255464 197895.697339561),2021-08-24 00:00:00,1
291056.044408626,197673.44689506,115165.0,202108240512.0,Landslide Hazard Mapping,Buncombe,,2021-08-24,,,,Debris,Composite,,,,,,,,{B15A2A55-6109-4150-9F55-B80DBEE4969F},POINT (291056.044408626 197673.44689506),2021-08-24 00:00:00,1
291090.595984256,197467.814673878,115164.0,202108240510.0,Landslide Hazard Mapping,Buncombe,,2021-08-24,,Inactive,,Debris,Slide,,,,Road cut,,,,{B6887BEF-3586-4FC1-8BA1-70C86A188B25},POINT (291090.595984256 197467.814673878),2021-08-24 00:00:00,1
291121.925790389,197742.503283173,115166.0,202108240513.0,Landslide Hazard Mapping,Buncombe,,2021-08-24,,,,Debris,Composite,,,,,,,,{6F22756B-E31E-4596-9F70-29B9C75F21B2},POINT (291121.925790389 197742.503283173),2021-08-24 00:00:00,1
291106.557806895,197498.326182345,115162.0,202108240508.0,Landslide Hazard Mapping,Buncombe,,2021-08-24,,Inactive,,Debris,Slide,,,,Road cut,,,,{5872EBDE-95BD-440B-8841-F1CEAE4CF01A},POINT (291106.557806895 197498.326182345),2021-08-24 00:00:00,1
290848.75334404,197346.177101562,115161.0,202108240505.0,Landslide Hazard Mapping,Buncombe,,2021-08-24,,Suspended,,Debris,Slide - rotational,,,,Road embankment,,,,{C5228436-BFC0-4FFA-AE14-F25381FCE6A3},POINT (290848.75334404 197346.177101562),2021-08-24 00:00:00,1
290949.378779659,197448.488771794,115159.0,202108240502.0,Landslide Hazard Mapping,Buncombe,,2021-08-24,,Suspended,,Debris,Slide,,,,Road embankment,,,,{2960580A-BA89-44D3-877A-B2A9D47E782E},POINT (290949.378779659 197448.488771794),2021-08-24 00:00:00,1
291100.355316782,197472.779558992,115163.0,202108240509.0,Landslide Hazard Mapping,Buncombe,,2021-08-24,,Inactive,,Debris,Slide,,,,Road cut,,,,{4ED2764B-E3D1-49FA-8D96-316283F35E90},POINT (291100.355316782 197472.779558992),2021-08-24 00:00:00,1
291107.521993679,197546.187482795,115160.0,202108240503.0,Landslide Hazard Mapping,Buncombe,,2021-08-26,,Suspended,,,Slide,,,,,,,,{C86C6EF4-3B93-4BA0-BE15-95C2708F94BD},POINT (291107.521993679 197546.187482795),2021-08-26 00:00:00,1
300721.040299028,211913.273796808,116005.0,202108310502.0,Landslide Hazard Mapping,Buncombe,,2021-08-31,,Active,,Debris,Slide,,,,Unmodified,,,,{7769BE11-9757-42B7-9D98-C1E3608D9A42},POINT (300721.040299028 211913.273796808),2021-08-31 00:00:00,1
300912.878914493,212137.614985203,116006.0,202108310503.0,Landslide Hazard Mapping,Buncombe,,2021-08-31,,Inactive,,Debris,Slide,,,,,,,,{0C15656D-7881-45B5-9DB5-A23D19C6D1BD},POINT (300912.878914493 212137.614985203),2021-08-31 00:00:00,1
302335.574520566,211995.426615799,116007.0,202108310506.0,Landslide Hazard Mapping,Buncombe,,2021-08-31,,Inactive,,Debris,Slide,,,,Road unspecified,,,,{E47230CA-7C78-4224-840B-2D6C55E7E364},POINT (302335.574520566 211995.426615799),2021-08-31 00:00:00,1
299753.839430067,212970.638665523,116008.0,202108310512.0,Landslide Hazard Mapping,Buncombe,,2021-08-31,,Active,,Debris,Slide,,,,Road cut,,,,{295792FE-55C7-491B-A925-D15DE4FDA125},POINT (299753.839430067 212970.638665523),2021-08-31 00:00:00,1
299987.524743841,213225.981232492,116009.0,202108310514.0,Landslide Hazard Mapping,Buncombe,,2021-08-31,,Inactive,,Debris,Slide,,,,Road cut,,,,{F714E7AC-81A8-4CBB-93BC-88560A7C33A4},POINT (299987.524743841 213225.981232492),2021-08-31 00:00:00,1
302983.348770287,212844.920917165,116010.0,202108310516.0,Landslide Hazard Mapping,Buncombe,,2021-08-31,,Active,,Debris,Slide,,,,Road cut,,,,{66E885B9-5C99-444B-B8B4-5C07FE098625},POINT (302983.348770287 212844.920917165),2021-08-31 00:00:00,1
302687.353762656,212849.75516572,116011.0,202108310518.0,Landslide Hazard Mapping,Buncombe,,2021-08-31,,,,Debris,Slide,,,,Unmodified,,,,{087C5735-5435-4E67-B22E-7E64ADD4F59E},POINT (302687.353762656 212849.75516572),2021-08-31 00:00:00,1
302454.781943289,211564.884411639,116012.0,202109130501.0,Landslide Hazard Mapping,Buncombe,,2021-09-13,,Inactive,,Debris,,,,,Road embankment,,,,{55068D9B-3BF0-4295-A609-2EF84AC6C079},POINT (302454.781943289 211564.884411639),2021-09-13 00:00:00,1
285378.175106226,210101.916417347,116435.0,202111080502.0,Landslide Hazard Mapping,Buncombe,,2021-10-08,,Active,,Weathered rock,Slide,,,,Road embankment,,,,{33993078-EDBD-46F6-AAE5-CB538C092EA5},POINT (285378.175106226 210101.916417347),2021-10-08 00:00:00,1
271912.537071358,205305.564512294,118877.0,202112300506.0,Landslide Hazard Mapping,Buncombe,,2021-12-30,,,,Debris,Slide,,,,Road cut,,,,{EAD26B44-ADC7-47CA-A74B-01F328547ABB},POINT (271912.537071358 205305.564512294),2021-12-30 00:00:00,1
304467.740699999,231952.1668,58177.0,666.0,Landslide Hazard Mapping,Buncombe,Barnardsville,,,,,Earth,Slide - rotational,,,,Road cut,,,,{1A3AC89A-8962-4430-8392-940B24C9104D},POINT (304467.740699999 231952.1668),,1
274477.866599999,206382.5251,58180.0,669.0,Landslide Hazard Mapping,Buncombe,Enka,,,,,Debris,Slide - translational,,Earth,Slide - translational,Road embankment,,,,{9F31782C-E0A7-4546-B5DD-CD56D68B16E2},POINT (274477.866599999 206382.5251),,1
292366.953400001,207182.714000002,58182.0,671.0,Landslide Hazard Mapping,Buncombe,Oteen,,,,,Earth,Slide - translational,,,,Road embankment,,,,{4957FDAE-548E-4D37-9C82-5E0DC1E7EC13},POINT (292366.953400001 207182.714000002),,1
289641.093353194,210463.525667889,58185.0,674.0,Landslide Hazard Mapping,Buncombe,Asheville,,,Inactive - stabilized,Extremely slow (<16 mm/yr),Debris,Slide,,,,Road embankment,,,,{11D8899F-FE08-4B33-850B-BD723EFAFF67},POINT (289641.093353194 210463.525667889),,1
300460.975599997,205389.397599999,59341.0,5278.0,Landslide Hazard Mapping,Buncombe,Oteen,,,,Extremely rapid (>5 m/sec),Debris,Flow,,,,Road embankment,,,,{3E03A5CC-80EC-4018-83A1-EB47031549BA},POINT (300460.975599997 205389.397599999),,1
279579.244199999,202909.467700001,59391.0,4970.0,Landslide Hazard Mapping,Buncombe,Enka,,,,Extremely rapid (>5 m/sec),Debris,Flow,,,,Unmodified,,,,{003ED209-483C-4028-B94C-BE20419B3932},POINT (279579.244199999 202909.467700001),,1
279386.710500002,202695.507399999,59622.0,4971.0,Landslide Hazard Mapping,Buncombe,Enka,,,,Extremely rapid (>5 m/sec),Debris,Flow,,,,Unmodified,,,,{626DDF0C-7A5E-47FD-8DD5-3FB8723FB9F4},POINT (279386.710500002 202695.507399999),,1
290417.039032819,209971.47774001,61232.0,201405280001.0,Geohazards,Buncombe,Asheville,,,Inactive - stabilized,Moderate (>13 m/mo),Weathered rock,Slide - translational,,,,Road cut,,,,{3F2535A0-EFC5-4B64-BA56-88A3727921D2},POINT (290417.039032819 209971.47774001),,1
313173.413037472,197523.708275157,61353.0,,Landslide Hazard Mapping,,,,,Inactive,,,,,,,,,,,{D18A132B-ACD3-4900-9AAE-D89BFA2CE1F2},POINT (313173.413037472 197523.708275157),,1
280687.582047249,212089.763452691,61400.0,201307020004.0,Geohazards,Buncombe,Enka,,,Active,Slow (>1.6 m/yr),Debris,Slide,,,,Road embankment,,,,{CC904463-17EB-4835-A66A-D0C385F81D6D},POINT (280687.582047249 212089.763452691),,1
280717.801279051,212011.208713267,61402.0,201307020005.0,Geohazards,Buncombe,Enka,,,Active,Very slow (>16 mm/yr),Debris,Slide,,,,Road embankment,,,,{EF17822E-221F-4527-BB94-C0122540B19A},POINT (280717.801279051 212011.208713267),,1
280592.106865068,212021.511036933,61403.0,201307020006.0,Geohazards,Buncombe,Enka,,,Active,Very slow (>16 mm/yr),Weathered rock,Slide,,,,Road cut,,,,{FA86A57C-7BE1-4473-8231-C95335A75FD4},POINT (280592.106865068 212021.511036933),,1
280633.447546923,212052.290230723,61404.0,201307020007.0,Geohazards,Buncombe,Enka,,,Active,Very slow (>16 mm/yr),Weathered rock,Slide,,,,Road cut,,,,{22D9FB21-A79D-4A01-8B4F-A2F4CA0D9A80},POINT (280633.447546923 212052.290230723),,1
280666.462034263,212051.983635421,61405.0,201307020007.0,Geohazards,Buncombe,Enka,,,Active,Very slow (>16 mm/yr),Weathered rock,Slide,,,,Road cut,,,,{3F53D8E7-1181-4F17-BB1F-4B242905F001},POINT (280666.462034263 212051.983635421),,1
280413.545284202,212073.470606245,61406.0,201307020007.0,Geohazards,Buncombe,Enka,,,Active,Very slow (>16 mm/yr),Weathered rock,Slide,,,,Road cut,,,,{3DEC1ECB-F9F8-41CD-B67F-6B3974A7E2DE},POINT (280413.545284202 212073.470606245),,1
294108.785942909,219226.658870907,61435.0,20170901004.0,Geohazards,Buncombe,Craggy Pinnacle,,,Inactive,,Debris,Slide,,,,Unmodified,,,,{D000C320-C4FC-49E6-ABB3-5F4836093F50},POINT (294108.785942909 219226.658870907),,1
297353.114494448,205074.427398794,61849.0,,Landslide Hazard Mapping,,,,,Inactive,,,,,,,,,,,{08848C86-4042-4214-93C4-1E060F74E5B4},POINT (297353.114494448 205074.427398794),,1
297330.193767851,205047.801242955,62249.0,,Landslide Hazard Mapping,,,,,Inactive,,,,,,,,,,,{CDDF0F5E-9633-4472-B5FA-7F692CD57D74},POINT (297330.193767851 205047.801242955),,1
302593.608323686,229505.214924186,64652.0,201906250501.0,Landslide Hazard Mapping,Buncombe,Barnardsville,,,Active,Slow (>1.6 m/yr),Debris,Slide,,,,Unmodified,0.0,,,{EB8E2056-FFBC-4827-9E97-52A10B3A7FD6},POINT (302593.608323686 229505.214924186),,1
295977.8373816837,197386.61687492783,,,,,,,,,,,,,,,,,,,,POINT (295977.8373816837 197386.61687492783),,0
262297.38010475505,216006.24890743507,,,,,,,,,,,,,,,,,,,,POINT (262297.38010475505 216006.24890743507),,0
296696.535899024,209154.00583584773,,,,,,,,,,,,,,,,,,,,POINT (296696.535899024 209154.00583584773),,0
283780.0800445007,217134.0081634361,,,,,,,,,,,,,,,,,,,,POINT (283780.0800445007 217134.0081634361),,0
284811.34456544067,218008.98112675853,,,,,,,,,,,,,,,,,,,,POINT (284811.34456544067 218008.98112675853),,0
291305.7860813208,218032.6655896626,,,,,,,,,,,,,,,,,,,,POINT (291305.7860813208 218032.6655896626),,0
281199.8460000024,195284.1229707344,,,,,,,,,,,,,,,,,,,,POINT (281199.8460000024 195284.1229707344),,0
262203.8620233211,220999.52141356491,,,,,,,,,,,,,,,,,,,,POINT (262203.8620233211 220999.52141356491),,0
308883.7073431237,225747.69264348512,,,,,,,,,,,,,,,,,,,,POINT (308883.7073431237 225747.69264348512),,0
296281.110349306,224787.33184031633,,,,,,,,,,,,,,,,,,,,POINT (296281.110349306 224787.33184031633),,0
296343.7659014195,232482.75778697917,,,,,,,,,,,,,,,,,,,,POINT (296343.7659014195 232482.75778697917),,0
301681.4397773922,196382.03753487766,,,,,,,,,,,,,,,,,,,,POINT (301681.4397773922 196382.03753487766),,0
291993.7542757035,194023.70448519263,,,,,,,,,,,,,,,,,,,,POINT (291993.7542757035 194023.70448519263),,0
294611.1845791601,210389.21022478509,,,,,,,,,,,,,,,,,,,,POINT (294611.1845791601 210389.21022478509),,0
298707.7642072787,227090.12609979487,,,,,,,,,,,,,,,,,,,,POINT (298707.7642072787 227090.12609979487),,0
304678.1413204821,202295.9915056737,,,,,,,,,,,,,,,,,,,,POINT (304678.1413204821 202295.9915056737),,0
279983.61651590216,226497.5149395914,,,,,,,,,,,,,,,,,,,,POINT (279983.61651590216 226497.5149395914),,0
286040.42641257646,194416.62966678242,,,,,,,,,,,,,,,,,,,,POINT (286040.42641257646 194416.62966678242),,0
268044.9334001469,199161.92772223736,,,,,,,,,,,,,,,,,,,,POINT (268044.9334001469 199161.92772223736),,0
267446.6306215049,210865.48257283986,,,,,,,,,,,,,,,,,,,,POINT (267446.6306215049 210865.48257283986),,0
285172.870290744,195038.2330347438,,,,,,,,,,,,,,,,,,,,POINT (285172.870290744 195038.2330347438),,0
310075.0461938707,202373.72651988477,,,,,,,,,,,,,,,,,,,,POINT (310075.0461938707 202373.72651988477),,0
308887.4663614198,206683.74023809473,,,,,,,,,,,,,,,,,,,,POINT (308887.4663614198 206683.74023809473),,0
269544.15107610024,199497.7643395347,,,,,,,,,,,,,,,,,,,,POINT (269544.15107610024 199497.7643395347),,0
287146.3582696513,213372.41934930006,,,,,,,,,,,,,,,,,,,,POINT (287146.3582696513 213372.41934930006),,0
304326.3520483367,208759.80389638757,,,,,,,,,,,,,,,,,,,,POINT (304326.3520483367 208759.80389638757),,0
298108.12061488384,212360.6144733499,,,,,,,,,,,,,,,,,,,,POINT (298108.12061488384 212360.6144733499),,0
298720.9902987207,197121.84393160668,,,,,,,,,,,,,,,,,,,,POINT (298720.9902987207 197121.84393160668),,0
281428.9920811366,201967.2410436962,,,,,,,,,,,,,,,,,,,,POINT (281428.9920811366 201967.2410436962),,0
279410.43073679873,199717.0465938923,,,,,,,,,,,,,,,,,,,,POINT (279410.43073679873 199717.0465938923),,0
288097.39490895916,227347.49111880505,,,,,,,,,,,,,,,,,,,,POINT (288097.39490895916 227347.49111880505),,0
294075.8732906035,213252.50891902455,,,,,,,,,,,,,,,,,,,,POINT (294075.8732906035 213252.50891902455),,0
302033.79271886166,213226.1425519652,,,,,,,,,,,,,,,,,,,,POINT (302033.79271886166 213226.1425519652),,0
281095.53250811243,227267.82145355086,,,,,,,,,,,,,,,,,,,,POINT (281095.53250811243 227267.82145355086),,0
300195.4524689377,204855.04798150068,,,,,,,,,,,,,,,,,,,,POINT (300195.4524689377 204855.04798150068),,0
290868.6350536636,222783.36142191404,,,,,,,,,,,,,,,,,,,,POINT (290868.6350536636 222783.36142191404),,0
292428.9648212555,198806.89815639923,,,,,,,,,,,,,,,,,,,,POINT (292428.9648212555 198806.89815639923),,0
260564.88095028402,217961.05108540654,,,,,,,,,,,,,,,,,,,,POINT (260564.88095028402 217961.05108540654),,0
278407.22811708134,204781.2030359496,,,,,,,,,,,,,,,,,,,,POINT (278407.22811708134 204781.2030359496),,0
276837.54566956626,205400.0305907294,,,,,,,,,,,,,,,,,,,,POINT (276837.54566956626 205400.0305907294),,0
314619.98691797385,197584.9568096937,,,,,,,,,,,,,,,,,,,,POINT (314619.98691797385 197584.9568096937),,0
271444.98922802514,208735.8867930462,,,,,,,,,,,,,,,,,,,,POINT (271444.98922802514 208735.8867930462),,0
305876.2266789072,209102.19440395822,,,,,,,,,,,,,,,,,,,,POINT (305876.2266789072 209102.19440395822),,0
306327.5361796352,215167.30813653694,,,,,,,,,,,,,,,,,,,,POINT (306327.5361796352 215167.30813653694),,0
275773.8905679177,203350.59604126352,,,,,,,,,,,,,,,,,,,,POINT (275773.8905679177 203350.59604126352),,0
285994.14767036773,214806.13250433098,,,,,,,,,,,,,,,,,,,,POINT (285994.14767036773 214806.13250433098),,0
286052.9129300516,208146.18274643112,,,,,,,,,,,,,,,,,,,,POINT (286052.9129300516 208146.18274643112),,0
275347.2141801184,214676.60174837903,,,,,,,,,,,,,,,,,,,,POINT (275347.2141801184 214676.60174837903),,0
308625.51698581566,220746.64462786613,,,,,,,,,,,,,,,,,,,,POINT (308625.51698581566 220746.64462786613),,0
281328.9410088084,227268.55965138285,,,,,,,,,,,,,,,,,,,,POINT (281328.9410088084 227268.55965138285),,0
265954.62234147824,221524.94592675348,,,,,,,,,,,,,,,,,,,,POINT (265954.62234147824 221524.94592675348),,0
284681.2445665745,208784.25486948848,,,,,,,,,,,,,,,,,,,,POINT (284681.2445665745 208784.25486948848),,0
277916.9486868576,210848.3918667915,,,,,,,,,,,,,,,,,,,,POINT (277916.9486868576 210848.3918667915),,0
285085.22295880236,221173.11000352286,,,,,,,,,,,,,,,,,,,,POINT (285085.22295880236 221173.11000352286),,0
298733.8440708139,229834.503341134,,,,,,,,,,,,,,,,,,,,POINT (298733.8440708139 229834.503341134),,0
288456.80762073083,202107.5731785522,,,,,,,,,,,,,,,,,,,,POINT (288456.80762073083 202107.5731785522),,0
260950.9551570225,214720.13493842803,,,,,,,,,,,,,,,,,,,,POINT (260950.9551570225 214720.13493842803),,0
264339.8298097158,217090.98629818842,,,,,,,,,,,,,,,,,,,,POINT (264339.8298097158 217090.98629818842),,0
267839.5864943174,193391.03910480737,,,,,,,,,,,,,,,,,,,,POINT (267839.5864943174 193391.03910480737),,0
280030.5912618503,206122.92272221454,,,,,,,,,,,,,,,,,,,,POINT (280030.5912618503 206122.92272221454),,0
294206.7932488048,228669.13493605106,,,,,,,,,,,,,,,,,,,,POINT (294206.7932488048 228669.13493605106),,0
289565.7030422309,228141.9769110301,,,,,,,,,,,,,,,,,,,,POINT (289565.7030422309 228141.9769110301),,0
267151.70780258504,211174.89333103248,,,,,,,,,,,,,,,,,,,,POINT (267151.70780258504 211174.89333103248),,0
267633.52194188227,215663.42639031739,,,,,,,,,,,,,,,,,,,,POINT (267633.52194188227 215663.42639031739),,0
297627.52076492447,222831.5047620895,,,,,,,,,,,,,,,,,,,,POINT (297627.52076492447 222831.5047620895),,0
296768.4878471714,196040.35364425677,,,,,,,,,,,,,,,,,,,,POINT (296768.4878471714 196040.35364425677),,0
282764.39093243034,206995.01362065042,,,,,,,,,,,,,,,,,,,,POINT (282764.39093243034 206995.01362065042),,0
300177.2599256228,215329.19244520125,,,,,,,,,,,,,,,,,,,,POINT (300177.2599256228 215329.19244520125),,0
287855.1961629901,194376.6811604608,,,,,,,,,,,,,,,,,,,,POINT (287855.1961629901 194376.6811604608),,0
298843.41885343415,209286.97042630758,,,,,,,,,,,,,,,,,,,,POINT (298843.41885343415 209286.97042630758),,0
271992.3493229556,223177.65924935858,,,,,,,,,,,,,,,,,,,,POINT (271992.3493229556 223177.65924935858),,0
304307.948355871,222254.13317341806,,,,,,,,,,,,,,,,,,,,POINT (304307.948355871 222254.13317341806),,0
290571.69142011966,209426.8205610155,,,,,,,,,,,,,,,,,,,,POINT (290571.69142011966 209426.8205610155),,0
267100.69685084664,197948.22625584737,,,,,,,,,,,,,,,,,,,,POINT (267100.69685084664 197948.22625584737),,0
267104.2006332814,218388.5065648572,,,,,,,,,,,,,,,,,,,,POINT (267104.2006332814 218388.5065648572),,0
284201.97579311667,193096.21686332228,,,,,,,,,,,,,,,,,,,,POINT (284201.97579311667 193096.21686332228),,0
296830.48333557445,204631.03063258348,,,,,,,,,,,,,,,,,,,,POINT (296830.48333557445 204631.03063258348),,0
269415.79234918347,219422.4598037967,,,,,,,,,,,,,,,,,,,,POINT (269415.79234918347 219422.4598037967),,0
303780.5449002297,211535.4612988252,,,,,,,,,,,,,,,,,,,,POINT (303780.5449002297 211535.4612988252),,0
280311.6763841364,195494.62753160665,,,,,,,,,,,,,,,,,,,,POINT (280311.6763841364 195494.62753160665),,0
307301.77579457173,215498.98723155554,,,,,,,,,,,,,,,,,,,,POINT (307301.77579457173 215498.98723155554),,0
288755.953494701,225609.16445015036,,,,,,,,,,,,,,,,,,,,POINT (288755.953494701 225609.16445015036),,0
305938.1394901694,217402.00979289704,,,,,,,,,,,,,,,,,,,,POINT (305938.1394901694 217402.00979289704),,0
298472.9905518534,199044.33388644672,,,,,,,,,,,,,,,,,,,,POINT (298472.9905518534 199044.33388644672),,0
285845.62517962063,221739.07645708043,,,,,,,,,,,,,,,,,,,,POINT (285845.62517962063 221739.07645708043),,0
265545.9034812042,219440.78019839298,,,,,,,,,,,,,,,,,,,,POINT (265545.9034812042 219440.78019839298),,0
283619.23303147923,224139.89328437115,,,,,,,,,,,,,,,,,,,,POINT (283619.23303147923 224139.89328437115),,0
312957.1859961221,213027.37492935287,,,,,,,,,,,,,,,,,,,,POINT (312957.1859961221 213027.37492935287),,0
295020.20716471673,211115.5840317018,,,,,,,,,,,,,,,,,,,,POINT (295020.20716471673 211115.5840317018),,0
295052.9961631003,220336.00395053875,,,,,,,,,,,,,,,,,,,,POINT (295052.9961631003 220336.00395053875),,0
293269.89815202216,230278.37641486523,,,,,,,,,,,,,,,,,,,,POINT (293269.89815202216 230278.37641486523),,0
276202.6832523369,220628.58238229132,,,,,,,,,,,,,,,,,,,,POINT (276202.6832523369 220628.58238229132),,0
300995.54429584177,209176.0544303503,,,,,,,,,,,,,,,,,,,,POINT (300995.54429584177 209176.0544303503),,0
306456.71921938384,208689.48923488718,,,,,,,,,,,,,,,,,,,,POINT (306456.71921938384 208689.48923488718),,0
319648.38946898264,202513.40578903782,,,,,,,,,,,,,,,,,,,,POINT (319648.38946898264 202513.40578903782),,0
313058.7396577496,222395.25442200448,,,,,,,,,,,,,,,,,,,,POINT (313058.7396577496 222395.25442200448),,0
310861.95070030005,222204.39045909146,,,,,,,,,,,,,,,,,,,,POINT (310861.95070030005 222204.39045909146),,0
297007.81538619235,211235.08680251407,,,,,,,,,,,,,,,,,,,,POINT (297007.81538619235 211235.08680251407),,0
267617.9238032776,194364.93016134953,,,,,,,,,,,,,,,,,,,,POINT (267617.9238032776 194364.93016134953),,0
282146.01503208856,204636.57235751787,,,,,,,,,,,,,,,,,,,,POINT (282146.01503208856 204636.57235751787),,0
294873.9878995816,194554.16893403852,,,,,,,,,,,,,,,,,,,,POINT (294873.9878995816 194554.16893403852),,0
293583.13704552845,202184.39108550356,,,,,,,,,,,,,,,,,,,,POINT (293583.13704552845 202184.39108550356),,0
292670.11931039236,227691.43499891242,,,,,,,,,,,,,,,,,,,,POINT (292670.11931039236 227691.43499891242),,0
300457.8718929105,218604.9946880248,,,,,,,,,,,,,,,,,,,,POINT (300457.8718929105 218604.9946880248),,0
286751.4061245128,215787.8277622347,,,,,,,,,,,,,,,,,,,,POINT (286751.4061245128 215787.8277622347),,0
289230.0893147663,211949.81209238336,,,,,,,,,,,,,,,,,,,,POINT (289230.0893147663 211949.81209238336),,0
261070.43721072492,217570.15151295066,,,,,,,,,,,,,,,,,,,,POINT (261070.43721072492 217570.15151295066),,0
271940.7756022945,205642.95520063263,,,,,,,,,,,,,,,,,,,,POINT (271940.7756022945 205642.95520063263),,0
302792.3401294827,200912.35878856768,,,,,,,,,,,,,,,,,,,,POINT (302792.3401294827 200912.35878856768),,0
294340.4252158123,232799.53252910724,,,,,,,,,,,,,,,,,,,,POINT (294340.4252158123 232799.53252910724),,0
274170.1353511428,212613.67609420326,,,,,,,,,,,,,,,,,,,,POINT (274170.1353511428 212613.67609420326),,0
263117.7641575098,221585.25734002932,,,,,,,,,,,,,,,,,,,,POINT (263117.7641575098 221585.25734002932),,0
294424.89015212684,204597.95005167864,,,,,,,,,,,,,,,,,,,,POINT (294424.89015212684 204597.95005167864),,0
282274.29914903303,202645.29086470412,,,,,,,,,,,,,,,,,,,,POINT (282274.29914903303 202645.29086470412),,0
274123.6914793266,210497.0450807494,,,,,,,,,,,,,,,,,,,,POINT (274123.6914793266 210497.0450807494),,0
301162.482642568,212799.98953286742,,,,,,,,,,,,,,,,,,,,POINT (301162.482642568 212799.98953286742),,0
306341.54989334213,223893.8482513999,,,,,,,,,,,,,,,,,,,,POINT (306341.54989334213 223893.8482513999),,0
309441.43679327134,198124.02784937632,,,,,,,,,,,,,,,,,,,,POINT (309441.43679327134 198124.02784937632),,0
307292.08575269795,217037.46136377376,,,,,,,,,,,,,,,,,,,,POINT (307292.08575269795 217037.46136377376),,0
295808.48625471006,218307.39209112377,,,,,,,,,,,,,,,,,,,,POINT (295808.48625471006 218307.39209112377),,0
317895.5608243001,203735.13651114597,,,,,,,,,,,,,,,,,,,,POINT (317895.5608243001 203735.13651114597),,0
275517.8842169515,221092.50651258242,,,,,,,,,,,,,,,,,,,,POINT (275517.8842169515 221092.50651258242),,0
294496.6340422133,219322.92251301854,,,,,,,,,,,,,,,,,,,,POINT (294496.6340422133 219322.92251301854),,0
300563.60961106914,210078.14163755477,,,,,,,,,,,,,,,,,,,,POINT (300563.60961106914 210078.14163755477),,0
302871.58543652843,216893.38570746803,,,,,,,,,,,,,,,,,,,,POINT (302871.58543652843 216893.38570746803),,0
307420.7594237299,228549.31194607174,,,,,,,,,,,,,,,,,,,,POINT (307420.7594237299 228549.31194607174),,0
305724.3912375411,225932.83387243113,,,,,,,,,,,,,,,,,,,,POINT (305724.3912375411 225932.83387243113),,0
298447.3710759865,231993.94225830268,,,,,,,,,,,,,,,,,,,,POINT (298447.3710759865 231993.94225830268),,0
302222.7122031373,233120.1463085898,,,,,,,,,,,,,,,,,,,,POINT (302222.7122031373 233120.1463085898),,0
289832.5711933171,209555.7705659328,,,,,,,,,,,,,,,,,,,,POINT (289832.5711933171 209555.7705659328),,0
311253.54540926864,205636.68506329157,,,,,,,,,,,,,,,,,,,,POINT (311253.54540926864 205636.68506329157),,0
279003.05079448276,213789.0761718137,,,,,,,,,,,,,,,,,,,,POINT (279003.05079448276 213789.0761718137),,0
266201.3893780381,200391.34602811857,,,,,,,,,,,,,,,,,,,,POINT (266201.3893780381 200391.34602811857),,0
295445.51491012407,226879.22579800023,,,,,,,,,,,,,,,,,,,,POINT (295445.51491012407 226879.22579800023),,0
312056.2611729487,212150.64293607723,,,,,,,,,,,,,,,,,,,,POINT (312056.2611729487 212150.64293607723),,0
296446.95718918456,209036.90837595877,,,,,,,,,,,,,,,,,,,,POINT (296446.95718918456 209036.90837595877),,0
301417.83150896226,213805.17043241585,,,,,,,,,,,,,,,,,,,,POINT (301417.83150896226 213805.17043241585),,0
282775.4623067645,204734.56645592116,,,,,,,,,,,,,,,,,,,,POINT (282775.4623067645 204734.56645592116),,0
274460.87657231826,213216.70915068054,,,,,,,,,,,,,,,,,,,,POINT (274460.87657231826 213216.70915068054),,0
279930.5280857175,220779.47458048348,,,,,,,,,,,,,,,,,,,,POINT (279930.5280857175 220779.47458048348),,0
286949.6255264719,208594.85573005996,,,,,,,,,,,,,,,,,,,,POINT (286949.6255264719 208594.85573005996),,0
297656.6714168138,229958.02574809192,,,,,,,,,,,,,,,,,,,,POINT (297656.6714168138 229958.02574809192),,0
312014.8080332393,214718.11042153713,,,,,,,,,,,,,,,,,,,,POINT (312014.8080332393 214718.11042153713),,0
300175.7477587329,229992.33444231344,,,,,,,,,,,,,,,,,,,,POINT (300175.7477587329 229992.33444231344),,0
274132.6102465806,209309.9875876233,,,,,,,,,,,,,,,,,,,,POINT (274132.6102465806 209309.9875876233),,0
287894.36374365474,202364.2414963602,,,,,,,,,,,,,,,,,,,,POINT (287894.36374365474 202364.2414963602),,0
309924.91019822314,224671.31595500023,,,,,,,,,,,,,,,,,,,,POINT (309924.91019822314 224671.31595500023),,0
292944.23445740616,207788.4155586159,,,,,,,,,,,,,,,,,,,,POINT (292944.23445740616 207788.4155586159),,0
290221.95105920447,195487.50090524252,,,,,,,,,,,,,,,,,,,,POINT (290221.95105920447 195487.50090524252),,0
286314.12697739754,227420.48939636676,,,,,,,,,,,,,,,,,,,,POINT (286314.12697739754 227420.48939636676),,0
259595.91549897497,217299.62295828556,,,,,,,,,,,,,,,,,,,,POINT (259595.91549897497 217299.62295828556),,0
287308.5707679151,203496.40727298308,,,,,,,,,,,,,,,,,,,,POINT (287308.5707679151 203496.40727298308),,0
284256.87658335123,215097.68190358407,,,,,,,,,,,,,,,,,,,,POINT (284256.87658335123 215097.68190358407),,0
270769.7651927022,193227.06562026584,,,,,,,,,,,,,,,,,,,,POINT (270769.7651927022 193227.06562026584),,0
304470.3637651723,198896.829666516,,,,,,,,,,,,,,,,,,,,POINT (304470.3637651723 198896.829666516),,0
296627.51561175747,219512.35070897496,,,,,,,,,,,,,,,,,,,,POINT (296627.51561175747 219512.35070897496),,0
299123.64000370336,229454.3431050934,,,,,,,,,,,,,,,,,,,,POINT (299123.64000370336 229454.3431050934),,0
273149.36228952237,207667.92920174677,,,,,,,,,,,,,,,,,,,,POINT (273149.36228952237 207667.92920174677),,0
268394.58817632415,201513.45192584826,,,,,,,,,,,,,,,,,,,,POINT (268394.58817632415 201513.45192584826),,0
303814.9113502756,215991.67850415575,,,,,,,,,,,,,,,,,,,,POINT (303814.9113502756 215991.67850415575),,0
292695.8827559508,225276.53100512622,,,,,,,,,,,,,,,,,,,,POINT (292695.8827559508 225276.53100512622),,0
280447.61520212475,202559.78795698224,,,,,,,,,,,,,,,,,,,,POINT (280447.61520212475 202559.78795698224),,0
297890.83605359,204122.95176186244,,,,,,,,,,,,,,,,,,,,POINT (297890.83605359 204122.95176186244),,0
302567.4916767175,214291.36068989095,,,,,,,,,,,,,,,,,,,,POINT (302567.4916767175 214291.36068989095),,0
260419.0524350743,219819.07052843377,,,,,,,,,,,,,,,,,,,,POINT (260419.0524350743 219819.07052843377),,0
286338.8924671991,220787.70034486594,,,,,,,,,,,,,,,,,,,,POINT (286338.8924671991 220787.70034486594),,0
281118.9728679492,206139.6412876327,,,,,,,,,,,,,,,,,,,,POINT (281118.9728679492 206139.6412876327),,0
274430.3342265924,223067.84031844637,,,,,,,,,,,,,,,,,,,,POINT (274430.3342265924 223067.84031844637),,0
293501.76363266027,194133.48369379176,,,,,,,,,,,,,,,,,,,,POINT (293501.76363266027 194133.48369379176),,0
277286.2135028819,207969.38373031624,,,,,,,,,,,,,,,,,,,,POINT (277286.2135028819 207969.38373031624),,0
293530.7175218664,208372.6564577353,,,,,,,,,,,,,,,,,,,,POINT (293530.7175218664 208372.6564577353),,0
310994.6807816474,207721.35371476173,,,,,,,,,,,,,,,,,,,,POINT (310994.6807816474 207721.35371476173),,0
265079.3759392973,216891.59221312546,,,,,,,,,,,,,,,,,,,,POINT (265079.3759392973 216891.59221312546),,0
280660.1483568313,226104.869148552,,,,,,,,,,,,,,,,,,,,POINT (280660.1483568313 226104.869148552),,0
295904.365402789,207523.2172539229,,,,,,,,,,,,,,,,,,,,POINT (295904.365402789 207523.2172539229),,0
285006.5828301099,196358.07688805973,,,,,,,,,,,,,,,,,,,,POINT (285006.5828301099 196358.07688805973),,0
285043.72747405904,198222.82582063242,,,,,,,,,,,,,,,,,,,,POINT (285043.72747405904 198222.82582063242),,0
294610.3628245119,226853.29451552022,,,,,,,,,,,,,,,,,,,,POINT (294610.3628245119 226853.29451552022),,0
304995.21510061785,211602.82161272372,,,,,,,,,,,,,,,,,,,,POINT (304995.21510061785 211602.82161272372),,0
268976.9865635206,193601.04951039093,,,,,,,,,,,,,,,,,,,,POINT (268976.9865635206 193601.04951039093),,0
312999.56119531137,197893.38862871003,,,,,,,,,,,,,,,,,,,,POINT (312999.56119531137 197893.38862871003),,0
294951.5020343773,204709.48454238693,,,,,,,,,,,,,,,,,,,,POINT (294951.5020343773 204709.48454238693),,0
313059.4559413651,197481.94774668533,,,,,,,,,,,,,,,,,,,,POINT (313059.4559413651 197481.94774668533),,0
311024.6104192697,223847.15290475084,,,,,,,,,,,,,,,,,,,,POINT (311024.6104192697 223847.15290475084),,0
292188.4331981142,219103.4803053673,,,,,,,,,,,,,,,,,,,,POINT (292188.4331981142 219103.4803053673),,0
289445.13043963205,196675.93731940584,,,,,,,,,,,,,,,,,,,,POINT (289445.13043963205 196675.93731940584),,0
309881.99778392556,223226.46906170069,,,,,,,,,,,,,,,,,,,,POINT (309881.99778392556 223226.46906170069),,0
265992.91351827764,197908.39892606594,,,,,,,,,,,,,,,,,,,,POINT (265992.91351827764 197908.39892606594),,0
292380.5792475665,229809.26045050364,,,,,,,,,,,,,,,,,,,,POINT (292380.5792475665 229809.26045050364),,0
310071.60828277544,210905.05945342133,,,,,,,,,,,,,,,,,,,,POINT (310071.60828277544 210905.05945342133),,0
302297.18105443637,200059.64903370047,,,,,,,,,,,,,,,,,,,,POINT (302297.18105443637 200059.64903370047),,0
269447.7377896399,212776.11396186787,,,,,,,,,,,,,,,,,,,,POINT (269447.7377896399 212776.11396186787),,0
276004.9731702638,200325.76420237316,,,,,,,,,,,,,,,,,,,,POINT (276004.9731702638 200325.76420237316),,0
292626.1803574884,219269.45397100245,,,,,,,,,,,,,,,,,,,,POINT (292626.1803574884 219269.45397100245),,0
305502.0984267687,208136.8628762082,,,,,,,,,,,,,,,,,,,,POINT (305502.0984267687 208136.8628762082),,0
295891.9196566675,218110.94555954312,,,,,,,,,,,,,,,,,,,,POINT (295891.9196566675 218110.94555954312),,0
302316.65627105825,204307.19468694608,,,,,,,,,,,,,,,,,,,,POINT (302316.65627105825 204307.19468694608),,0
296566.6700286345,204679.07617171467,,,,,,,,,,,,,,,,,,,,POINT (296566.6700286345 204679.07617171467),,0
299664.1511307223,233989.19395311913,,,,,,,,,,,,,,,,,,,,POINT (299664.1511307223 233989.19395311913),,0
277323.6651872837,223470.67184313817,,,,,,,,,,,,,,,,,,,,POINT (277323.6651872837 223470.67184313817),,0
280694.2264250069,211158.4059042503,,,,,,,,,,,,,,,,,,,,POINT (280694.2264250069 211158.4059042503),,0
306567.57460212853,200297.50065539044,,,,,,,,,,,,,,,,,,,,POINT (306567.57460212853 200297.50065539044),,0
301796.98863821855,222969.07926982746,,,,,,,,,,,,,,,,,,,,POINT (301796.98863821855 222969.07926982746),,0
269274.56757953943,210056.51720156812,,,,,,,,,,,,,,,,,,,,POINT (269274.56757953943 210056.51720156812),,0
260925.16197406047,214296.52335665797,,,,,,,,,,,,,,,,,,,,POINT (260925.16197406047 214296.52335665797),,0
269359.3849993473,196829.46022354398,,,,,,,,,,,,,,,,,,,,POINT (269359.3849993473 196829.46022354398),,0
267908.5153880177,198623.27875369214,,,,,,,,,,,,,,,,,,,,POINT (267908.5153880177 198623.27875369214),,0
274499.8136362695,205570.55919027934,,,,,,,,,,,,,,,,,,,,POINT (274499.8136362695 205570.55919027934),,0
298463.2187657352,225119.83335380728,,,,,,,,,,,,,,,,,,,,POINT (298463.2187657352 225119.83335380728),,0
280236.86925460555,208236.15322003912,,,,,,,,,,,,,,,,,,,,POINT (280236.86925460555 208236.15322003912),,0
284430.4334146532,200101.35915365643,,,,,,,,,,,,,,,,,,,,POINT (284430.4334146532 200101.35915365643),,0
267400.3094400747,210428.91915119064,,,,,,,,,,,,,,,,,,,,POINT (267400.3094400747 210428.91915119064),,0
303614.5632368465,233779.08283082835,,,,,,,,,,,,,,,,,,,,POINT (303614.5632368465 233779.08283082835),,0
292345.4429599116,229126.34506107826,,,,,,,,,,,,,,,,,,,,POINT (292345.4429599116 229126.34506107826),,0
268870.4619992819,195243.5324100807,,,,,,,,,,,,,,,,,,,,POINT (268870.4619992819 195243.5324100807),,0
303186.4657894686,207722.45760252705,,,,,,,,,,,,,,,,,,,,POINT (303186.4657894686 207722.45760252705),,0
302243.8391301473,197190.22466360056,,,,,,,,,,,,,,,,,,,,POINT (302243.8391301473 197190.22466360056),,0
284579.08381413826,198949.43256849775,,,,,,,,,,,,,,,,,,,,POINT (284579.08381413826 198949.43256849775),,0
306157.6270736998,198917.8511393791,,,,,,,,,,,,,,,,,,,,POINT (306157.6270736998 198917.8511393791),,0
297517.4256453653,220362.35141033272,,,,,,,,,,,,,,,,,,,,POINT (297517.4256453653 220362.35141033272),,0
270666.18493458413,215684.79670096043,,,,,,,,,,,,,,,,,,,,POINT (270666.18493458413 215684.79670096043),,0
270029.7675016416,192567.03791157086,,,,,,,,,,,,,,,,,,,,POINT (270029.7675016416 192567.03791157086),,0
289484.1915905319,207208.58374476922,,,,,,,,,,,,,,,,,,,,POINT (289484.1915905319 207208.58374476922),,0
287786.2987357876,199814.0522503174,,,,,,,,,,,,,,,,,,,,POINT (287786.2987357876 199814.0522503174),,0
270355.9807887423,208204.06630976283,,,,,,,,,,,,,,,,,,,,POINT (270355.9807887423 208204.06630976283),,0
284425.1048369537,201138.8159319614,,,,,,,,,,,,,,,,,,,,POINT (284425.1048369537 201138.8159319614),,0
314777.6148511278,199774.1083923568,,,,,,,,,,,,,,,,,,,,POINT (314777.6148511278 199774.1083923568),,0
293361.9433719152,202459.30116298067,,,,,,,,,,,,,,,,,,,,POINT (293361.9433719152 202459.30116298067),,0
268711.99080584646,198683.04615013718,,,,,,,,,,,,,,,,,,,,POINT (268711.99080584646 198683.04615013718),,0
285437.1482020046,222945.52762913116,,,,,,,,,,,,,,,,,,,,POINT (285437.1482020046 222945.52762913116),,0
270625.39062132704,213152.41689583837,,,,,,,,,,,,,,,,,,,,POINT (270625.39062132704 213152.41689583837),,0
316069.6559832852,198818.86586050031,,,,,,,,,,,,,,,,,,,,POINT (316069.6559832852 198818.86586050031),,0
291533.54709675256,197241.61442826336,,,,,,,,,,,,,,,,,,,,POINT (291533.54709675256 197241.61442826336),,0
308369.5360690241,209386.80916998195,,,,,,,,,,,,,,,,,,,,POINT (308369.5360690241 209386.80916998195),,0
297329.88817429787,211978.62079927843,,,,,,,,,,,,,,,,,,,,POINT (297329.88817429787 211978.62079927843),,0
261456.41342367703,215133.36817002585,,,,,,,,,,,,,,,,,,,,POINT (261456.41342367703 215133.36817002585),,0
306336.1918490287,224924.59571084168,,,,,,,,,,,,,,,,,,,,POINT (306336.1918490287 224924.59571084168),,0
288588.28794894594,214534.9640293879,,,,,,,,,,,,,,,,,,,,POINT (288588.28794894594 214534.9640293879),,0
301959.3348532913,224957.1974102205,,,,,,,,,,,,,,,,,,,,POINT (301959.3348532913 224957.1974102205),,0
279022.6025019018,202472.24668915858,,,,,,,,,,,,,,,,,,,,POINT (279022.6025019018 202472.24668915858),,0
307792.5558648236,217915.2701434546,,,,,,,,,,,,,,,,,,,,POINT (307792.5558648236 217915.2701434546),,0
268867.7488400441,203736.0696190618,,,,,,,,,,,,,,,,,,,,POINT (268867.7488400441 203736.0696190618),,0
305999.4832345028,222255.18079503375,,,,,,,,,,,,,,,,,,,,POINT (305999.4832345028 222255.18079503375),,0
316910.65825590544,201169.86317122765,,,,,,,,,,,,,,,,,,,,POINT (316910.65825590544 201169.86317122765),,0
273501.8831451801,216031.76617342135,,,,,,,,,,,,,,,,,,,,POINT (273501.8831451801 216031.76617342135),,0
308601.532976085,222513.1558020294,,,,,,,,,,,,,,,,,,,,POINT (308601.532976085 222513.1558020294),,0
299059.3642533368,231153.76941295882,,,,,,,,,,,,,,,,,,,,POINT (299059.3642533368 231153.76941295882),,0
280682.41714978556,212787.5872910945,,,,,,,,,,,,,,,,,,,,POINT (280682.41714978556 212787.5872910945),,0
287133.1323369441,198124.03099672034,,,,,,,,,,,,,,,,,,,,POINT (287133.1323369441 198124.03099672034),,0
273590.7640464894,222128.25716592875,,,,,,,,,,,,,,,,,,,,POINT (273590.7640464894 222128.25716592875),,0
295267.3475991924,229594.24222372042,,,,,,,,,,,,,,,,,,,,POINT (295267.3475991924 229594.24222372042),,0
308710.63925269997,216597.0589107924,,,,,,,,,,,,,,,,,,,,POINT (308710.63925269997 216597.0589107924),,0
288021.44871730893,206491.69951269543,,,,,,,,,,,,,,,,,,,,POINT (288021.44871730893 206491.69951269543),,0
284782.26479145756,215348.2647184162,,,,,,,,,,,,,,,,,,,,POINT (284782.26479145756 215348.2647184162),,0
318594.222085391,201644.94592678812,,,,,,,,,,,,,,,,,,,,POINT (318594.222085391 201644.94592678812),,0
280911.9441024406,197382.7150081389,,,,,,,,,,,,,,,,,,,,POINT (280911.9441024406 197382.7150081389),,0
293982.7955207145,204174.15338810434,,,,,,,,,,,,,,,,,,,,POINT (293982.7955207145 204174.15338810434),,0
280769.2097363242,218577.88903173985,,,,,,,,,,,,,,,,,,,,POINT (280769.2097363242 218577.88903173985),,0
295472.7389426399,197234.64646989873,,,,,,,,,,,,,,,,,,,,POINT (295472.7389426399 197234.64646989873),,0
292112.39535593806,224545.29351429222,,,,,,,,,,,,,,,,,,,,POINT (292112.39535593806 224545.29351429222),,0
294380.8786765515,214724.81771393694,,,,,,,,,,,,,,,,,,,,POINT (294380.8786765515 214724.81771393694),,0
291436.88744614896,232345.6938714155,,,,,,,,,,,,,,,,,,,,POINT (291436.88744614896 232345.6938714155),,0
286957.6154239172,197603.92400971384,,,,,,,,,,,,,,,,,,,,POINT (286957.6154239172 197603.92400971384),,0
299163.6448964985,230882.13650727502,,,,,,,,,,,,,,,,,,,,POINT (299163.6448964985 230882.13650727502),,0
272201.52026386245,216604.67000663045,,,,,,,,,,,,,,,,,,,,POINT (272201.52026386245 216604.67000663045),,0
298241.5879155003,218895.35829298384,,,,,,,,,,,,,,,,,,,,POINT (298241.5879155003 218895.35829298384),,0
284900.8610596339,209591.15046414235,,,,,,,,,,,,,,,,,,,,POINT (284900.8610596339 209591.15046414235),,0
309647.9648353904,197828.00596408025,,,,,,,,,,,,,,,,,,,,POINT (309647.9648353904 197828.00596408025),,0
315490.57468007924,204961.53017226022,,,,,,,,,,,,,,,,,,,,POINT (315490.57468007924 204961.53017226022),,0
300662.0013749176,204342.23896262108,,,,,,,,,,,,,,,,,,,,POINT (300662.0013749176 204342.23896262108),,0
292048.68169977947,216058.79296700173,,,,,,,,,,,,,,,,,,,,POINT (292048.68169977947 216058.79296700173),,0
259532.47383494722,220341.02108371916,,,,,,,,,,,,,,,,,,,,POINT (259532.47383494722 220341.02108371916),,0
293749.5874157171,231972.27896635313,,,,,,,,,,,,,,,,,,,,POINT (293749.5874157171 231972.27896635313),,0
269570.02133800293,203766.5488906611,,,,,,,,,,,,,,,,,,,,POINT (269570.02133800293 203766.5488906611),,0
306916.126913019,223570.8149081925,,,,,,,,,,,,,,,,,,,,POINT (306916.126913019 223570.8149081925),,0
298951.161160911,197019.14163257042,,,,,,,,,,,,,,,,,,,,POINT (298951.161160911 197019.14163257042),,0
275409.0753543289,201811.4706178181,,,,,,,,,,,,,,,,,,,,POINT (275409.0753543289 201811.4706178181),,0
296328.2294862688,221770.2458078762,,,,,,,,,,,,,,,,,,,,POINT (296328.2294862688 221770.2458078762),,0
280545.9348669833,199840.56988130786,,,,,,,,,,,,,,,,,,,,POINT (280545.9348669833 199840.56988130786),,0
295219.38354984793,215067.06743710442,,,,,,,,,,,,,,,,,,,,POINT (295219.38354984793 215067.06743710442),,0
269397.99971077824,197955.0475902175,,,,,,,,,,,,,,,,,,,,POINT (269397.99971077824 197955.0475902175),,0
289787.58904739184,194463.47782692607,,,,,,,,,,,,,,,,,,,,POINT (289787.58904739184 194463.47782692607),,0
277811.4681360164,217183.22009742458,,,,,,,,,,,,,,,,,,,,POINT (277811.4681360164 217183.22009742458),,0
308368.4037893944,200337.67340606864,,,,,,,,,,,,,,,,,,,,POINT (308368.4037893944 200337.67340606864),,0
282435.08782202,213662.83747648745,,,,,,,,,,,,,,,,,,,,POINT (282435.08782202 213662.83747648745),,0
304510.4334582392,200498.7403350632,,,,,,,,,,,,,,,,,,,,POINT (304510.4334582392 200498.7403350632),,0
295420.40203443926,198550.2906002751,,,,,,,,,,,,,,,,,,,,POINT (295420.40203443926 198550.2906002751),,0
298834.26149902324,227895.0048986005,,,,,,,,,,,,,,,,,,,,POINT (298834.26149902324 227895.0048986005),,0
292562.7154405225,198192.88804664204,,,,,,,,,,,,,,,,,,,,POINT (292562.7154405225 198192.88804664204),,0
313122.7704773906,203351.43248285918,,,,,,,,,,,,,,,,,,,,POINT (313122.7704773906 203351.43248285918),,0
290972.6327091258,227279.42056608008,,,,,,,,,,,,,,,,,,,,POINT (290972.6327091258 227279.42056608008),,0
265255.21024119854,220037.65818609818,,,,,,,,,,,,,,,,,,,,POINT (265255.21024119854 220037.65818609818),,0
290373.91743072,195537.37163446145,,,,,,,,,,,,,,,,,,,,POINT (290373.91743072 195537.37163446145),,0
277695.69340203813,205885.4375565974,,,,,,,,,,,,,,,,,,,,POINT (277695.69340203813 205885.4375565974),,0
306376.56817884743,223401.10487766512,,,,,,,,,,,,,,,,,,,,POINT (306376.56817884743 223401.10487766512),,0
278753.0108915058,222677.21053725097,,,,,,,,,,,,,,,,,,,,POINT (278753.0108915058 222677.21053725097),,0
263427.89783268864,219886.74639756218,,,,,,,,,,,,,,,,,,,,POINT (263427.89783268864 219886.74639756218),,0
274179.25363814173,211049.32814457206,,,,,,,,,,,,,,,,,,,,POINT (274179.25363814173 211049.32814457206),,0
308937.20760639437,218054.09313207935,,,,,,,,,,,,,,,,,,,,POINT (308937.20760639437 218054.09313207935),,0
274434.9566113146,218518.15047214454,,,,,,,,,,,,,,,,,,,,POINT (274434.9566113146 218518.15047214454),,0
291880.80318924977,227543.69388008068,,,,,,,,,,,,,,,,,,,,POINT (291880.80318924977 227543.69388008068),,0
286416.93256917445,225598.07203386995,,,,,,,,,,,,,,,,,,,,POINT (286416.93256917445 225598.07203386995),,0
273003.47700598463,196668.81133637571,,,,,,,,,,,,,,,,,,,,POINT (273003.47700598463 196668.81133637571),,0
295948.0478529803,216936.79822097416,,,,,,,,,,,,,,,,,,,,POINT (295948.0478529803 216936.79822097416),,0
283051.24660056474,198177.61591558595,,,,,,,,,,,,,,,,,,,,POINT (283051.24660056474 198177.61591558595),,0
273599.2976474085,217177.42237615772,,,,,,,,,,,,,,,,,,,,POINT (273599.2976474085 217177.42237615772),,0
288964.15693009633,210358.52904694265,,,,,,,,,,,,,,,,,,,,POINT (288964.15693009633 210358.52904694265),,0
278613.54739302606,196183.82132391792,,,,,,,,,,,,,,,,,,,,POINT (278613.54739302606 196183.82132391792),,0
282281.4862967299,227342.67955766848,,,,,,,,,,,,,,,,,,,,POINT (282281.4862967299 227342.67955766848),,0
313564.3553141538,203382.3915450209,,,,,,,,,,,,,,,,,,,,POINT (313564.3553141538 203382.3915450209),,0
278367.3105559267,220554.28903998632,,,,,,,,,,,,,,,,,,,,POINT (278367.3105559267 220554.28903998632),,0
302692.02995816607,225660.2125500327,,,,,,,,,,,,,,,,,,,,POINT (302692.02995816607 225660.2125500327),,0
307054.01838618825,232841.94264514002,,,,,,,,,,,,,,,,,,,,POINT (307054.01838618825 232841.94264514002),,0
262496.2285342017,221720.78620609234,,,,,,,,,,,,,,,,,,,,POINT (262496.2285342017 221720.78620609234),,0
292808.6231601033,198774.45702808583,,,,,,,,,,,,,,,,,,,,POINT (292808.6231601033 198774.45702808583),,0
290473.9539115434,199044.18010596352,,,,,,,,,,,,,,,,,,,,POINT (290473.9539115434 199044.18010596352),,0
261727.7069977189,216223.92355406296,,,,,,,,,,,,,,,,,,,,POINT (261727.7069977189 216223.92355406296),,0
302015.6485005634,198932.6172858232,,,,,,,,,,,,,,,,,,,,POINT (302015.6485005634 198932.6172858232),,0
290022.73389131064,219784.79443995454,,,,,,,,,,,,,,,,,,,,POINT (290022.73389131064 219784.79443995454),,0
304285.754999981,206534.47888450153,,,,,,,,,,,,,,,,,,,,POINT (304285.754999981 206534.47888450153),,0
310667.7847360951,222966.00418063693,,,,,,,,,,,,,,,,,,,,POINT (310667.7847360951 222966.00418063693),,0
296394.66311237606,225175.82621798688,,,,,,,,,,,,,,,,,,,,POINT (296394.66311237606 225175.82621798688),,0
303115.78729244304,217941.56860824514,,,,,,,,,,,,,,,,,,,,POINT (303115.78729244304 217941.56860824514),,0
299865.6873245554,225940.91738343835,,,,,,,,,,,,,,,,,,,,POINT (299865.6873245554 225940.91738343835),,0
270656.18324837455,216106.67761435558,,,,,,,,,,,,,,,,,,,,POINT (270656.18324837455 216106.67761435558),,0
294032.1108595751,232292.77715283167,,,,,,,,,,,,,,,,,,,,POINT (294032.1108595751 232292.77715283167),,0
286607.1023607586,203293.07121034715,,,,,,,,,,,,,,,,,,,,POINT (286607.1023607586 203293.07121034715),,0
297904.6456346985,218171.543490611,,,,,,,,,,,,,,,,,,,,POINT (297904.6456346985 218171.543490611),,0
272580.6472471593,195834.74316368692,,,,,,,,,,,,,,,,,,,,POINT (272580.6472471593 195834.74316368692),,0
289167.77032129787,202524.47199750438,,,,,,,,,,,,,,,,,,,,POINT (289167.77032129787 202524.47199750438),,0
309444.1707362149,213755.5421062101,,,,,,,,,,,,,,,,,,,,POINT (309444.1707362149 213755.5421062101),,0
286284.33546866564,220016.64810592722,,,,,,,,,,,,,,,,,,,,POINT (286284.33546866564 220016.64810592722),,0
293326.56738434336,224781.5486078195,,,,,,,,,,,,,,,,,,,,POINT (293326.56738434336 224781.5486078195),,0
314266.2320031271,197505.98831619744,,,,,,,,,,,,,,,,,,,,POINT (314266.2320031271 197505.98831619744),,0
311381.95337452594,211198.81519977344,,,,,,,,,,,,,,,,,,,,POINT (311381.95337452594 211198.81519977344),,0
293560.58605861105,211247.54034492662,,,,,,,,,,,,,,,,,,,,POINT (293560.58605861105 211247.54034492662),,0
286487.59922976734,194150.6513377406,,,,,,,,,,,,,,,,,,,,POINT (286487.59922976734 194150.6513377406),,0
261191.65874466184,217760.70026669634,,,,,,,,,,,,,,,,,,,,POINT (261191.65874466184 217760.70026669634),,0
297340.9741673002,196121.75135868168,,,,,,,,,,,,,,,,,,,,POINT (297340.9741673002 196121.75135868168),,0
279671.5449363191,208808.8701195438,,,,,,,,,,,,,,,,,,,,POINT (279671.5449363191 208808.8701195438),,0
278835.4922352347,206124.149954107,,,,,,,,,,,,,,,,,,,,POINT (278835.4922352347 206124.149954107),,0
269379.98793639714,203400.74319085348,,,,,,,,,,,,,,,,,,,,POINT (269379.98793639714 203400.74319085348),,0
309240.3853018687,211388.26458618068,,,,,,,,,,,,,,,,,,,,POINT (309240.3853018687 211388.26458618068),,0
303678.78127640666,220054.54328597855,,,,,,,,,,,,,,,,,,,,POINT (303678.78127640666 220054.54328597855),,0
298711.15985031443,200123.30628413914,,,,,,,,,,,,,,,,,,,,POINT (298711.15985031443 200123.30628413914),,0
259849.0962064728,216757.5811208776,,,,,,,,,,,,,,,,,,,,POINT (259849.0962064728 216757.5811208776),,0
319340.67219414935,203558.64882439616,,,,,,,,,,,,,,,,,,,,POINT (319340.67219414935 203558.64882439616),,0
292223.4092833479,220389.8633193597,,,,,,,,,,,,,,,,,,,,POINT (292223.4092833479 220389.8633193597),,0
286656.7981548552,209591.63027257985,,,,,,,,,,,,,,,,,,,,POINT (286656.7981548552 209591.63027257985),,0
276110.3282834636,199947.80258327603,,,,,,,,,,,,,,,,,,,,POINT (276110.3282834636 199947.80258327603),,0
276026.91465331946,212495.98213280126,,,,,,,,,,,,,,,,,,,,POINT (276026.91465331946 212495.98213280126),,0
272012.3431848304,214646.86607362735,,,,,,,,,,,,,,,,,,,,POINT (272012.3431848304 214646.86607362735),,0
275139.2110911675,208592.6706820655,,,,,,,,,,,,,,,,,,,,POINT (275139.2110911675 208592.6706820655),,0
269065.6868857902,220851.63003953118,,,,,,,,,,,,,,,,,,,,POINT (269065.6868857902 220851.63003953118),,0
279410.5848929893,220677.1042497932,,,,,,,,,,,,,,,,,,,,POINT (279410.5848929893 220677.1042497932),,0
282397.3670368399,209016.23997469258,,,,,,,,,,,,,,,,,,,,POINT (282397.3670368399 209016.23997469258),,0
301565.45889227226,200752.12377914487,,,,,,,,,,,,,,,,,,,,POINT (301565.45889227226 200752.12377914487),,0
298658.68242322595,217936.97716048863,,,,,,,,,,,,,,,,,,,,POINT (298658.68242322595 217936.97716048863),,0
282804.7421304438,218240.66565468282,,,,,,,,,,,,,,,,,,,,POINT (282804.7421304438 218240.66565468282),,0
297382.01103578776,232001.91005731374,,,,,,,,,,,,,,,,,,,,POINT (297382.01103578776 232001.91005731374),,0
291816.3937725756,222787.24619108604,,,,,,,,,,,,,,,,,,,,POINT (291816.3937725756 222787.24619108604),,0
287529.15129576286,203896.96889712886,,,,,,,,,,,,,,,,,,,,POINT (287529.15129576286 203896.96889712886),,0
281791.5350340255,217815.06854623443,,,,,,,,,,,,,,,,,,,,POINT (281791.5350340255 217815.06854623443),,0
282980.26829679613,220279.60095991846,,,,,,,,,,,,,,,,,,,,POINT (282980.26829679613 220279.60095991846),,0
311069.82187873067,203833.0275674679,,,,,,,,,,,,,,,,,,,,POINT (311069.82187873067 203833.0275674679),,0
261972.2471837521,222762.663769675,,,,,,,,,,,,,,,,,,,,POINT (261972.2471837521 222762.663769675),,0
261419.0959126719,214957.14110180337,,,,,,,,,,,,,,,,,,,,POINT (261419.0959126719 214957.14110180337),,0
295802.1891799971,215012.48948200294,,,,,,,,,,,,,,,,,,,,POINT (295802.1891799971 215012.48948200294),,0
283022.50606241456,223149.1319670389,,,,,,,,,,,,,,,,,,,,POINT (283022.50606241456 223149.1319670389),,0
293673.733583491,223336.38962043662,,,,,,,,,,,,,,,,,,,,POINT (293673.733583491 223336.38962043662),,0
295048.5496476993,203246.1578296096,,,,,,,,,,,,,,,,,,,,POINT (295048.5496476993 203246.1578296096),,0
273460.43585882086,205332.0694321553,,,,,,,,,,,,,,,,,,,,POINT (273460.43585882086 205332.0694321553),,0
286909.3111681818,221891.97146393885,,,,,,,,,,,,,,,,,,,,POINT (286909.3111681818 221891.97146393885),,0
303883.54885748704,205566.27340268405,,,,,,,,,,,,,,,,,,,,POINT (303883.54885748704 205566.27340268405),,0
290576.17151655944,228899.28535399152,,,,,,,,,,,,,,,,,,,,POINT (290576.17151655944 228899.28535399152),,0
302959.42989746283,196270.01377840116,,,,,,,,,,,,,,,,,,,,POINT (302959.42989746283 196270.01377840116),,0
289690.9688597981,210509.09674780373,,,,,,,,,,,,,,,,,,,,POINT (289690.9688597981 210509.09674780373),,0
280313.22366552264,203391.2490746385,,,,,,,,,,,,,,,,,,,,POINT (280313.22366552264 203391.2490746385),,0
292796.9760267923,194586.03006794886,,,,,,,,,,,,,,,,,,,,POINT (292796.9760267923 194586.03006794886),,0
302991.0469044087,218956.15979932336,,,,,,,,,,,,,,,,,,,,POINT (302991.0469044087 218956.15979932336),,0
306242.4195526956,226595.8659452457,,,,,,,,,,,,,,,,,,,,POINT (306242.4195526956 226595.8659452457),,0
292596.73478217615,201563.98998288155,,,,,,,,,,,,,,,,,,,,POINT (292596.73478217615 201563.98998288155),,0
311296.45911671256,196948.54323633277,,,,,,,,,,,,,,,,,,,,POINT (311296.45911671256 196948.54323633277),,0
306873.3667825411,221471.19371665872,,,,,,,,,,,,,,,,,,,,POINT (306873.3667825411 221471.19371665872),,0
291621.4781574693,195133.2000272134,,,,,,,,,,,,,,,,,,,,POINT (291621.4781574693 195133.2000272134),,0
287953.52879655367,211060.44927562456,,,,,,,,,,,,,,,,,,,,POINT (287953.52879655367 211060.44927562456),,0
294751.14976582484,203876.8578712273,,,,,,,,,,,,,,,,,,,,POINT (294751.14976582484 203876.8578712273),,0
269772.38437140733,203012.70001059305,,,,,,,,,,,,,,,,,,,,POINT (269772.38437140733 203012.70001059305),,0
270456.18737176183,218888.83480595244,,,,,,,,,,,,,,,,,,,,POINT (270456.18737176183 218888.83480595244),,0
290862.33389584965,230600.15528114742,,,,,,,,,,,,,,,,,,,,POINT (290862.33389584965 230600.15528114742),,0
302636.9408337584,232103.56863652493,,,,,,,,,,,,,,,,,,,,POINT (302636.9408337584 232103.56863652493),,0
303995.16885467665,215490.58536511924,,,,,,,,,,,,,,,,,,,,POINT (303995.16885467665 215490.58536511924),,0
312674.5027572546,212436.65407875847,,,,,,,,,,,,,,,,,,,,POINT (312674.5027572546 212436.65407875847),,0
289813.26119848224,203576.14951895553,,,,,,,,,,,,,,,,,,,,POINT (289813.26119848224 203576.14951895553),,0
287401.62311392,206132.94910164116,,,,,,,,,,,,,,,,,,,,POINT (287401.62311392 206132.94910164116),,0
263647.03029759164,220340.75069469525,,,,,,,,,,,,,,,,,,,,POINT (263647.03029759164 220340.75069469525),,0
269519.4519137236,211883.40219341996,,,,,,,,,,,,,,,,,,,,POINT (269519.4519137236 211883.40219341996),,0
277007.6534033538,198953.89377913042,,,,,,,,,,,,,,,,,,,,POINT (277007.6534033538 198953.89377913042),,0
