X,Y,OBJECTID,Process_ID,Project,County,Quad,Col_Date,Mvmnt_Date,SM_State,SM_Rate_1,SM_Mat_1,SM_Type_1,SM_Rate_2,SM_Mat_2,SM_Type_2,Slp_Config,Fatalities,Confidence,MapMethod,GlobalID,Sort_Date,IsLandslide,Avg_Rainfall_30day,Max_Rainfall_30day,Max_Rainfall_3day,R1d,R3d,R7d,R30d,API_14,Event_Date
288963.4943,226803.9998,58172.0,661.0,Landslide Hazard Mapping,Buncombe,Weaverville,1981-03-25,,,,Debris,Slide - rotational,,,,Road embankment,,,,{CD558049-66E5-4595-BB55-AFCDB6035B63},1981-03-25 00:00:00,1,1.6638666450007198,13.520999908447266,11.406999588012695,0.0,11.414999588392677,13.02499960269779,49.91599935002159,22.985976081891017,1981-03-25 00:00:00
293471.065200001,216042.260299999,58173.0,662.0,Landslide Hazard Mapping,Buncombe,Craggy Pinnacle,1982-05-25,,,,Debris,Slide - rotational,,Earth,Slide - rotational,Road cut,,,,{C0F5BE0D-6A77-42A4-969C-74646BC49E8A},1982-05-25 00:00:00,1,3.723133343271911,21.59000015258789,14.71500015258789,14.71500015258789,27.758999770507216,48.622000163421035,111.69400029815732,53.80745136141483,1982-05-25 00:00:00
289777.368199997,230247.398600001,58178.0,667.0,Landslide Hazard Mapping,Buncombe,Mars Hill,1989-07-22,,,,Earth,Slide - translational,,,,Road cut,,,,{C7DED0AC-84B4-4BB1-B1CE-829D5992A0C2},1989-07-22 00:00:00,1,3.1898333176310794,23.753999710083008,3.118000030517578,3.0209999084472656,6.138999938964844,6.691999912261963,95.6949995289324,32.96502337323632,1989-07-22 00:00:00
287403.624899998,223755.447500002,58190.0,677.0,Landslide Hazard Mapping,Buncombe,Weaverville,1990-05-22,,,,Rock,Slide,,Debris,Fall,Road cut,,,,{F5D566F9-1D86-46F5-8B34-5D0E88F70D6E},1990-05-22 00:00:00,1,3.306466714416941,22.44300079345703,1.4359999895095823,1.4359999895095823,2.4110000133514404,19.724000096321102,99.19400143250824,38.57551545087107,1990-05-22 00:00:00
285236.660099998,207087.397999998,58181.0,670.0,Landslide Hazard Mapping,Buncombe,Asheville,1990-05-23,,,,Earth,Slide,,,,Road embankment,,,,{870F1001-23AF-46D0-AF41-771E715F15B6},1990-05-23 00:00:00,1,3.691499956448873,40.50199890136719,4.392000198364258,0.0,4.392000198364258,16.08899974822998,110.7449986934662,39.49260540014858,1990-05-23 00:00:00
286450.089000002,222595.9826,58179.0,668.0,Landslide Hazard Mapping,Buncombe,Weaverville,1990-05-23,,,,Debris,Slide,,,,Road embankment,,,,{11782408-4559-404F-A996-AFC686876FB3},1990-05-23 00:00:00,1,3.370800044139226,24.229000091552734,1.225000023841858,0.8289999961853027,3.159999966621399,22.26399981975555,101.1240013241768,37.48682810425052,1990-05-23 00:00:00
295886.432400003,208999.858100001,58186.0,676.0,Landslide Hazard Mapping,Buncombe,Oteen,1990-05-23,,,,Weathered rock,Slide,,,,Road cut,,,,{8DD9871F-3989-444B-A2C0-09F17D7D900E},1990-05-23 00:00:00,1,3.7131333673993745,25.374000549316406,2.994999885559082,1.4850000143051147,5.175999879837036,13.056999921798706,111.39400102198124,38.670446409908976,1990-05-23 00:00:00
303556.827500001,210237.813000001,58184.0,673.0,Landslide Hazard Mapping,Buncombe,Oteen,1990-05-23,,,,Earth,Slide - rotational,,,,Road embankment,,,,{DD2FBB57-01E4-495F-85BB-01EF06D15603},1990-05-23 00:00:00,1,4.897633299957184,34.70899963378906,6.420000076293945,6.420000076293945,14.171000361442566,21.25900018215179,146.92899899871554,54.13049177064914,1990-05-23 00:00:00
309170.0044,211623.693799999,58183.0,672.0,Landslide Hazard Mapping,Buncombe,Black Mountain,1990-05-23,,,,Weathered rock,Slide - rotational,,,,Road cut,,,,{A2FAA910-F4AC-4EFB-8B85-F1FA703FB312},1990-05-23 00:00:00,1,4.660733283559481,32.417999267578125,8.357000350952148,8.357000350952148,17.22000026702881,20.800000190734863,139.82199850678444,53.60115829429292,1990-05-23 00:00:00
313235.048199996,200493.546500001,58191.0,678.0,Landslide Hazard Mapping,Buncombe,Black Mountain,1990-06-05,,,,Earth,Slide - translational,,,,Road embankment,,,,{53F2193A-86AB-425C-8691-9D2CD74BE308},1990-06-05 00:00:00,1,3.409333419799805,41.71900177001953,0.4410000145435333,0.4410000145435333,0.7770000100135803,21.175000309944153,102.28000259399414,38.05617139314128,1990-06-05 00:00:00
313888.132600002,200290.027899999,58192.0,679.0,Landslide Hazard Mapping,Buncombe,Black Mountain,1990-06-05,,,,Debris,Slide - rotational,,Earth,Slide - rotational,Road embankment,,,,{CB274BCD-0EF7-49C1-9307-E2E04A1D92BD},1990-06-05 00:00:00,1,3.409333419799805,41.71900177001953,0.4410000145435333,0.4410000145435333,0.7770000100135803,21.175000309944153,102.28000259399414,38.05617139314128,1990-06-05 00:00:00
318626.112300001,202637.203299999,57942.0,650.0,Landslide Hazard Mapping,Buncombe,Moffitt Hill,1990-06-05,,,,Earth,Slide,,,,Road cut,,,,{8AE25A50-98BA-41CA-943A-113608FFEBA1},1990-06-05 00:00:00,1,3.4179666213691235,36.61399841308594,0.6159999966621399,0.6159999966621399,1.034999996423721,23.006000727415085,102.5389986410737,39.773895000618765,1990-06-05 00:00:00
275079.193000004,225903.812899999,58193.0,680.0,Landslide Hazard Mapping,Buncombe,Leicester,1990-08-30,,,,Earth,Slide - rotational,,,,Road embankment,,,,{A5FB6A55-515C-4B25-A69B-72A25DEC94A6},1990-08-30 00:00:00,1,2.490566626687845,27.243999481201172,0.0,0.0,0.0,27.84299945831299,74.71699880063534,35.113253474500695,1990-08-30 00:00:00
309606.524300002,225251.915600002,57878.0,68.0,Blue Ridge Parkway,Buncombe,Montreat,2004-05-12,1995-10-04 05:00:00,,Extremely rapid (>5 m/sec),Debris,Flow,,,,Unmodified,,,,{A6312A34-7BD9-4531-9B7B-9AAE65925F41},1995-10-04 05:00:00,1,2.4969333449999493,15.13700008392334,0.0,0.0,0.0,0.0,74.90800034999847,22.998725673058964,1995-10-04 05:00:00
301086.2478,220467.2366,58033.0,17.0,Blue Ridge Parkway,Buncombe,Craggy Pinnacle,2003-04-25,,,,Rock,Slide - translational,,,,Road cut,,,,{157BF64E-79EE-4F00-B4D1-ED64730F7633},2003-04-25 00:00:00,1,4.889633357524872,40.11600112915039,6.611999988555908,0.0,6.611999988555908,47.40200114250183,146.68900072574615,65.66878247963298,2003-04-25 00:00:00
296165.380099997,217978.2049,58898.0,2272.0,Blue Ridge Parkway,Buncombe,Craggy Pinnacle,2003-09-30,,,,Debris,Slide,,,,Road embankment,,,,{405FD521-5FFF-4B92-A995-EF4144A33C99},2003-09-30 00:00:00,1,4.068933333953222,46.20800018310547,28.597999572753903,0.0,28.597999572753903,74.80599975585938,122.06800001859663,68.0552739564294,2003-09-30 00:00:00
296335.122900002,217650.357000001,58897.0,2271.0,Blue Ridge Parkway,Buncombe,Craggy Pinnacle,2003-09-30,,,,Debris,Slide,,,,Road cut,,,,{33E76FB8-D393-4E14-9B20-2603FEA420CD},2003-09-30 00:00:00,1,4.068933333953222,46.20800018310547,28.597999572753903,0.0,28.597999572753903,74.80599975585938,122.06800001859663,68.0552739564294,2003-09-30 00:00:00
304831.121100001,222395.636100002,58937.0,2301.0,Blue Ridge Parkway,Buncombe,Montreat,2003-11-20,,,,Rock,Slide - translational,,,,Road cut,,,,{23E21C27-A88C-4FF3-99B1-BC386FEE46E6},2003-11-20 00:00:00,1,5.793433353304863,86.45500183105469,86.45500183105469,86.45500183105469,88.78500175476074,91.36600169539452,173.8030005991459,115.25026697748284,2003-11-20 00:00:00
294655.5612,217780.137800001,57869.0,59.0,Blue Ridge Parkway,Buncombe,Craggy Pinnacle,2004-01-16,,,,Rock,Slide,,,,Road cut,,,,{2BCB5512-5D8A-4C7B-B904-F4F889CEBEB3},2004-01-16 00:00:00,1,1.1794333140055338,7.98799991607666,2.069000005722046,2.069000005722046,2.069000005722046,3.1959999799728394,35.382999420166016,11.708315765178927,2004-01-16 00:00:00
295489.840499997,218112.369800001,58840.0,2283.0,Blue Ridge Parkway,Buncombe,Craggy Pinnacle,2004-01-16,,,,Rock,Slide - translational,,,,Road cut,,,,{EA43E720-BA53-4CB4-B4C0-99BCEABC43A0},2004-01-16 00:00:00,1,1.1553333312273026,8.144000053405762,2.2149999141693115,2.2149999141693115,2.2149999141693115,3.086999893188477,34.65999993681908,11.27427990708562,2004-01-16 00:00:00
295714.1241,218106.860100001,58839.0,2282.0,Blue Ridge Parkway,Buncombe,Craggy Pinnacle,2004-01-16,,,,Rock,Slide - translational,,,,Road cut,,,,{E7C9D5D2-5EBA-4D39-BB83-D75343AAC8C6},2004-01-16 00:00:00,1,1.1553333312273026,8.144000053405762,2.2149999141693115,2.2149999141693115,2.2149999141693115,3.086999893188477,34.65999993681908,11.27427990708562,2004-01-16 00:00:00
283597.691299997,199444.660399999,57870.0,60.0,Blue Ridge Parkway,Buncombe,Skyland,2004-02-04,,,,Rock,Slide,,,,Road cut,,,,{1D77DE26-60B4-455B-8FEA-E3841B8D65DD},2004-02-04 00:00:00,1,1.8670999951505416,27.81599998474121,27.81599998474121,27.81599998474121,27.81599998474121,29.233999967575073,56.01299985451624,37.31486136588466,2004-02-04 00:00:00
283644.023100004,199929.314100001,58944.0,2308.0,Blue Ridge Parkway,Buncombe,Skyland,2004-02-04,,,,Debris,Slide - translational,,,,Road cut,,,,{B9EC3041-DEA3-48A0-AF71-A98E2998E06E},2004-02-04 00:00:00,1,1.8670999951505416,27.81599998474121,27.81599998474121,27.81599998474121,27.81599998474121,29.233999967575073,56.01299985451624,37.31486136588466,2004-02-04 00:00:00
283662.6197,200029.215100002,58943.0,2307.0,Blue Ridge Parkway,Buncombe,Skyland,2004-02-04,,,,Rock,Fall,,Rock,Slide,Road cut,,,,{419C8400-BB35-42EB-B4B4-5C74A644503D},2004-02-04 00:00:00,1,1.8670999951505416,27.81599998474121,27.81599998474121,27.81599998474121,27.81599998474121,29.233999967575073,56.01299985451624,37.31486136588466,2004-02-04 00:00:00
293388.061099999,212725.229800001,58941.0,2305.0,Blue Ridge Parkway,Buncombe,Oteen,2004-03-25,,,,Rock,Fall,,,,Road cut,,,,{11E0D52F-1915-46A0-BC96-C338291F6E40},2004-03-25 00:00:00,1,1.772766688466072,10.937000274658203,0.0,0.0,0.0,17.587000370025635,53.18300065398216,25.689514824237477,2004-03-25 00:00:00
293205.315099999,213142.061299998,58942.0,2306.0,Blue Ridge Parkway,Buncombe,Oteen,2004-03-26,,,,Rock,Slide - translational,,,,Road cut,,,,{61B2AFFA-38FC-49E0-90B9-1FAF3EC23B7B},2004-03-26 00:00:00,1,1.772766688466072,10.937000274658203,0.0,0.0,0.0,14.687000274658203,53.18300065398216,23.918551081502244,2004-03-26 00:00:00
309903.8178,224923.396499999,57879.0,69.0,Blue Ridge Parkway,Buncombe,Montreat,2004-05-12,,,Extremely rapid (>5 m/sec),Debris,Flow,,,,Unmodified,,,,{6F97B6F9-0657-4E45-9D55-259520BB2965},2004-05-12 00:00:00,1,3.810866685009872,25.34000015258789,8.880000114440918,0.0,15.7020001411438,15.7020001411438,114.32600055029616,41.36965927896617,2004-05-12 00:00:00
301079.830700003,220594.116999999,58841.0,2284.0,Blue Ridge Parkway,Buncombe,Craggy Pinnacle,2004-06-11,,,,Rock,Fall,,,,Road cut,,,,{17D54D7F-EF2F-4EF6-AA86-F1C46E8E708B},2004-06-11 00:00:00,1,4.321400032440821,24.224000930786133,5.239999771118164,5.239999771118164,8.842999696731567,19.5409996509552,129.64200097322464,48.70844625925216,2004-06-11 00:00:00
303784.158799998,221266.664299998,58842.0,2285.0,Blue Ridge Parkway,Buncombe,Craggy Pinnacle,2004-07-09,,,,Rock,Slide - translational,,,,Road cut,,,,{2ECEB9C1-914C-4DD0-A333-BC79CBD5AD11},2004-07-09 00:00:00,1,4.238999968146285,16.084999084472656,10.765999794006348,0.0,12.720999836921692,38.381998777389526,127.16999904438852,53.09084143095914,2004-07-09 00:00:00
288234.731299996,207699.099300001,57985.0,403.0,Geohazards,Buncombe,Asheville,2004-08-11,,,,Debris,Slide,Extremely rapid (>5 m/sec),Debris,Flow,Road embankment,,,,{7F2640DA-5A36-4143-AD91-C75CA35DD365},2004-08-11 00:00:00,1,1.8985333471248549,14.531000137329102,0.0,0.0,0.0,2.0989999771118164,56.95600041374564,21.38256374876092,2004-08-11 00:00:00
310791.233408644,224438.679714088,58783.0,2380.0,Blue Ridge Parkway,Buncombe,Montreat,2006-11-01,2004-09-06 08:00:00,,,Debris,Slide,,,,Road embankment,,,,{7B9729CD-E35D-47E8-A5AD-731872270B8E},2004-09-06 08:00:00,1,5.084100008010864,50.52199935913086,5.383999824523926,0.0,5.383999824523926,84.99899959564209,152.52300024032593,92.076319818013,2004-09-06 08:00:00
262140.619000003,220544.513999999,60903.0,5191.0,Landslide Hazard Mapping,Buncombe,Sandymush,2008-03-20,2004-09-06 17:00:00,,,Debris,Slide,Extremely rapid (>5 m/sec),Debris,Flow,Unmodified,,,,{3D724714-ECD4-4B4B-A1E2-7FD65090FCD6},2004-09-06 17:00:00,1,1.9486666773601125,23.166000366210938,1.1440000534057615,0.0,1.1440000534057615,17.837999736890197,58.460000320803374,22.212642884386675,2004-09-06 17:00:00
266672.014899999,199768.924600001,59283.0,4975.0,Landslide Hazard Mapping,Buncombe,Cruso,2008-02-05,2004-09-06 17:00:00,,Extremely rapid (>5 m/sec),Debris,Flow,,,,Road embankment,,,,{9E5FCCDA-3131-4DF6-B49F-13EB173B9386},2004-09-06 17:00:00,1,3.1872000062217314,16.95199966430664,1.965999960899353,0.0869999974966049,2.052999958395958,32.22099982202053,95.61600018665196,46.099505004913354,2004-09-06 17:00:00
267378.01864657,213612.964980901,59355.0,5085.0,Landslide Hazard Mapping,Buncombe,Canton,2008-03-06,2004-09-06 17:00:00,,,Debris,Slide - translational,,,,Road embankment,,,,{2015AC67-DA5A-411E-91C8-C1AA0E68FF59},2004-09-06 17:00:00,1,3.137366689244906,37.13600158691406,1.2970000505447388,0.0,1.2970000505447388,22.732999563217163,94.12100067734718,35.63799428220819,2004-09-06 17:00:00
269374.075300001,206684.954700001,60882.0,5001.0,Landslide Hazard Mapping,Buncombe,Canton,2008-02-12,2004-09-06 17:00:00,,,Debris,Slide - translational,,,,Stream bank,,,,{C7966EB8-347D-47DF-BE37-65D3100D0AC2},2004-09-06 17:00:00,1,3.0269000778595605,32.012001037597656,2.242000102996826,0.5139999985694885,2.7560001015663147,26.00800049304962,90.80700233578682,37.47007076203261,2004-09-06 17:00:00
272198.554099999,212595.0031,59352.0,5075.0,Landslide Hazard Mapping,Buncombe,Enka,2008-03-03,2004-09-06 17:00:00,,,Weathered rock,Slide - translational,,,,Cut slope - Not road related,,,,{6EA83B46-93AB-4CA6-980F-C16F0F371123},2004-09-06 17:00:00,1,3.3371332405678307,44.266998291015625,1.8489999771118164,0.0,1.8489999771118164,23.68999934196472,100.11399721703492,37.843854400743105,2004-09-06 17:00:00
272546.123800002,195966.2733,59141.0,5050.0,Landslide Hazard Mapping,Buncombe,Dunsmore Mountain,2008-02-15,2004-09-06 17:00:00,,Extremely rapid (>5 m/sec),Debris,Flow,,,,Unmodified,,,,{8B02C591-2D6E-441A-97B9-A494360E408E},2004-09-06 17:00:00,1,3.3625666397313276,25.812999725341797,2.311000108718872,0.0,2.311000108718872,58.42799913883209,100.87699919193984,56.20994330007045,2004-09-06 17:00:00
274607.697490563,210040.296216526,61379.0,201308150001.0,Geohazards,Buncombe,Enka,2013-07-09,2004-09-06 17:00:00,Active,Very slow (>16 mm/yr),Debris,Slide,,,,Embankment - Not road related,,,,{6B455B5E-0611-4FD8-927A-4CBC337F527A},2004-09-06 17:00:00,1,3.0408999738593896,28.51099967956543,1.9919999837875368,0.3179999887943268,2.3099999725818634,24.99999961256981,91.22699921578167,38.20136598905645,2004-09-06 17:00:00
299544.2271,232056.324000001,59521.0,5356.0,Landslide Hazard Mapping,Buncombe,Barnardsville,2008-07-02,2004-09-06 17:00:00,,Extremely rapid (>5 m/sec),Debris,Flow,,,,Unmodified,,,,{8BFF04EB-2B6F-4164-81B4-D6EECA52DB64},2004-09-06 17:00:00,1,3.6817333517363298,25.020000457763672,4.232999801635742,0.0,4.232999801635742,68.90500020980835,110.45200055208988,64.01570123046417,2004-09-06 17:00:00
300650.672791049,213087.424612187,60917.0,20110221171.0,Landslide Hazard Mapping,Buncombe,Oteen,2008-05-01,2004-09-06 17:00:00,,,Debris,Slide,Extremely rapid (>5 m/sec),Debris,Flow,Unmodified,,,,{147C1895-97B0-4686-98E7-0BDDC2C55D24},2004-09-06 17:00:00,1,5.889733355244001,31.19300079345703,2.2230000495910645,0.0,2.2230000495910645,51.77600032091141,176.69200065732002,87.71951075674319,2004-09-06 17:00:00
301634.7883,221666.383699998,58158.0,640.0,Geohazards,Buncombe,Craggy Pinnacle,2005-05-11,2004-09-06 17:00:00,,Extremely rapid (>5 m/sec),Debris,Flow,,,,Unmodified,,,,{EF665E0A-A9EA-4DDA-AF16-2D07E006451E},2004-09-06 17:00:00,1,4.232933375736078,29.916000366210938,3.1500000953674316,0.0,3.1500000953674316,62.00100040435791,126.98800127208231,71.303047787122,2004-09-06 17:00:00
301653.486900002,221641.320599999,58157.0,639.0,Geohazards,Buncombe,Craggy Pinnacle,2005-05-11,2004-09-06 17:00:00,,Extremely rapid (>5 m/sec),Debris,Flow,,,,Unmodified,,,,{D6FDA923-4241-497E-BBDE-CA2D4A80C223},2004-09-06 17:00:00,1,4.232933375736078,29.916000366210938,3.1500000953674316,0.0,3.1500000953674316,62.00100040435791,126.98800127208231,71.303047787122,2004-09-06 17:00:00
301706.839500003,221932.329799999,60788.0,4483.0,Landslide Hazard Mapping,Buncombe,Craggy Pinnacle,,2004-09-06 17:00:00,,,,,,,,Road cut,,,,{589DC77B-A0B7-4105-BD95-0F8A34C2A407},2004-09-06 17:00:00,1,4.232933375736078,29.916000366210938,3.1500000953674316,0.0,3.1500000953674316,62.00100040435791,126.98800127208231,71.303047787122,2004-09-06 17:00:00
301871.381700002,223876.770599999,60787.0,4481.0,Landslide Hazard Mapping,Buncombe,Craggy Pinnacle,,2004-09-06 17:00:00,,Extremely rapid (>5 m/sec),Debris,Flow,,,,Road embankment,,,,{1D68D0EB-0AF7-48C0-A608-C1979354F413},2004-09-06 17:00:00,1,4.232933375736078,29.916000366210938,3.1500000953674316,0.0,3.1500000953674316,62.00100040435791,126.98800127208231,71.303047787122,2004-09-06 17:00:00
302021.006399997,223662.391100001,60786.0,4480.0,Landslide Hazard Mapping,Buncombe,Craggy Pinnacle,,2004-09-06 17:00:00,,Extremely rapid (>5 m/sec),Debris,Flow,,,,Road embankment,,,,{385BD110-045D-450E-86BD-3DDA1CD79B78},2004-09-06 17:00:00,1,4.232933375736078,29.916000366210938,3.1500000953674316,0.0,3.1500000953674316,62.00100040435791,126.98800127208231,71.303047787122,2004-09-06 17:00:00
304250.813600004,223190.075199999,58116.0,615.0,Geohazards,Buncombe,Craggy Pinnacle,,2004-09-06 17:00:00,,,,,,,,Unmodified,,,,{64A09BAB-EA4F-49A2-BC4F-93FC01F8743B},2004-09-06 17:00:00,1,5.019333351155122,42.59000015258789,4.288000106811523,0.0,4.288000106811523,79.11900043487549,150.58000053465366,88.19486775248886,2004-09-06 17:00:00
304674.343955282,224619.214791408,60789.0,4484.0,Landslide Hazard Mapping,Buncombe,Montreat,,2004-09-06 17:00:00,,,,,,,,Road cut,,,,{ECC25666-BB80-4186-BF06-F10D94AF7C4F},2004-09-06 17:00:00,1,5.019333351155122,42.59000015258789,4.288000106811523,0.0,4.288000106811523,79.11900043487549,150.58000053465366,88.19486775248886,2004-09-06 17:00:00
305128.222199999,222234.1417,60599.0,5501.0,Blue Ridge Parkway,Buncombe,Montreat,,2004-09-06 17:00:00,,Extremely rapid (>5 m/sec),Debris,Flow,,,,Unmodified,,,,{93E5A57B-95C8-4E4E-BFF4-D5511666237E},2004-09-06 17:00:00,1,5.019333351155122,42.59000015258789,4.288000106811523,0.0,4.288000106811523,79.11900043487549,150.58000053465366,88.19486775248886,2004-09-06 17:00:00
305247.961499996,222107.308200002,60600.0,5502.0,Blue Ridge Parkway,Buncombe,Montreat,2008-09-18,2004-09-06 17:00:00,,Extremely rapid (>5 m/sec),Debris,Flow,,,,Unmodified,,,,{3EB84A6D-4FE7-4BCF-9A3B-19F7F0780D57},2004-09-06 17:00:00,1,5.019333351155122,42.59000015258789,4.288000106811523,0.0,4.288000106811523,79.11900043487549,150.58000053465366,88.19486775248886,2004-09-06 17:00:00
305931.935999997,226819.487799998,59273.0,4497.0,Landslide Hazard Mapping,Buncombe,Montreat,,2004-09-06 17:00:00,,Extremely rapid (>5 m/sec),Debris,Flow,,,,Road embankment,,,,{6761AF67-A21A-4F76-A065-94B4ADCA3E3C},2004-09-06 17:00:00,1,4.0517332648237545,30.924999237060547,3.96399998664856,0.0,3.96399998664856,74.22499775886536,121.55199794471264,72.4527575055681,2004-09-06 17:00:00
309606.376699999,214998.569499999,59346.0,5302.0,Landslide Hazard Mapping,Buncombe,Montreat,,2004-09-06 17:00:00,,,,,,,, ,,,,{5979DE8C-5DA4-4B8E-8720-AB69085BA0A0},2004-09-06 17:00:00,1,5.550900061925252,43.367000579833984,2.936000108718872,0.0,2.936000108718872,58.4470009803772,166.52700185775757,80.57705469288537,2004-09-06 17:00:00
310331.984300002,214936.297600001,59349.0,5305.0,Landslide Hazard Mapping,Buncombe,Montreat,,2004-09-06 17:00:00,,,,,,,,Unmodified,,,,{6155CD51-0B3B-43D5-AF8A-820B8724624B},2004-09-06 17:00:00,1,4.312500022087867,40.422000885009766,3.4630000591278076,0.0,3.4630000591278076,55.48200082778931,129.375000662636,67.91129352054293,2004-09-06 17:00:00
310530.0691,215015.617699999,58908.0,5299.0,Landslide Hazard Mapping,Buncombe,Montreat,2008-10-21,2004-09-06 17:00:00,,,Debris,Slide,,,,Stream bank,,,,{E8ABB29D-2F53-403D-966F-178F6E844BC4},2004-09-06 17:00:00,1,4.312500022087867,40.422000885009766,3.4630000591278076,0.0,3.4630000591278076,55.48200082778931,129.375000662636,67.91129352054293,2004-09-06 17:00:00
310912.548299998,215675.790100001,59347.0,5303.0,Landslide Hazard Mapping,Buncombe,Montreat,,2004-09-06 17:00:00,,,,,,,, ,,,,{89A1B27D-107C-409B-9965-847097B84E1A},2004-09-06 17:00:00,1,4.706833316882451,45.51399993896485,4.960999965667725,0.0,4.960999965667725,72.37999987602234,141.20499950647354,83.84013156055155,2004-09-06 17:00:00
310999.046899997,214949.8464,58777.0,5628.0,Landslide Hazard Mapping,Buncombe,Montreat,2008-10-21,2004-09-06 17:00:00,,Extremely rapid (>5 m/sec),Debris,Flow,,,,Cut slope - Not road related,,,,{01EBF686-0AE9-4564-9AC3-1D635EBE07A3},2004-09-06 17:00:00,1,4.312500022087867,40.422000885009766,3.4630000591278076,0.0,3.4630000591278076,55.48200082778931,129.375000662636,67.91129352054293,2004-09-06 17:00:00
311021.272600003,223068.556899998,60597.0,5499.0,Landslide Hazard Mapping,Buncombe,Montreat,2008-09-09,2004-09-06 17:00:00,,Extremely rapid (>5 m/sec),Debris,Flow,,,,Road embankment,,,,{57D92C25-52A6-4C29-94FC-A0724E5D0890},2004-09-06 17:00:00,1,5.084100008010864,50.52199935913086,5.383999824523926,0.0,5.383999824523926,84.99899959564209,152.52300024032593,92.076319818013,2004-09-06 17:00:00
311394.8552,215188.2313,59348.0,5304.0,Landslide Hazard Mapping,Buncombe,Montreat,,2004-09-06 17:00:00,,,,,,,, ,,,,{0C250D0E-BD86-43C5-A174-7B7FF11D02B3},2004-09-06 17:00:00,1,4.312500022087867,40.422000885009766,3.4630000591278076,0.0,3.4630000591278076,55.48200082778931,129.375000662636,67.91129352054293,2004-09-06 17:00:00
311539.132308753,215725.411460987,58909.0,5300.0,Landslide Hazard Mapping,Buncombe,Montreat,2008-10-21,2004-09-06 17:00:00,,,Debris,Slide,,,,Road embankment,,,,{16AAAEFE-AE37-4C99-ACBA-93A68817AA32},2004-09-06 17:00:00,1,4.706833316882451,45.51399993896485,4.960999965667725,0.0,4.960999965667725,72.37999987602234,141.20499950647354,83.84013156055155,2004-09-06 17:00:00
268913.230700001,199742.534000002,60880.0,4993.0,Landslide Hazard Mapping,Buncombe,Cruso,2008-02-05,2004-09-16 17:00:00,,,Debris,Slide,,,,Road cut,,,,{AF4C02BB-30FC-4D98-B38A-B59D296AF4A9},2004-09-16 17:00:00,1,8.332733330798025,163.72000122070312,0.0,0.0,0.0,2.619999885559082,249.98199992394075,130.7156093787019,2004-09-16 17:00:00
269363.5198,194740.923099998,59143.0,5059.0,Landslide Hazard Mapping,Buncombe,Dunsmore Mountain,2008-02-29,2004-09-16 17:00:00,,Extremely rapid (>5 m/sec),Debris,Flow,,,,Embankment - Not road related,,,,{9DB0B13D-6396-4497-A084-D831B2577FE6},2004-09-16 17:00:00,1,10.099566661558734,192.5260009765625,0.0,0.0,0.0,5.810999870300293,302.98699984676205,160.41017391456876,2004-09-16 17:00:00
270712.609702996,195163.949986,58079.0,452.0,Landslide Hazard Mapping,Buncombe,Dunsmore Mountain,2005-10-25,2004-09-16 17:00:00,,Extremely rapid (>5 m/sec),Debris,Flow,,,,Road embankment,,,,{DE41599D-A3EF-4028-B2AF-C15A6D5E0834},2004-09-16 17:00:00,1,10.099566661558734,192.5260009765625,0.0,0.0,0.0,5.810999870300293,302.98699984676205,160.41017391456876,2004-09-16 17:00:00
271895.041100003,211471.022599999,58081.0,460.0,Landslide Hazard Mapping,Buncombe,Enka,,2004-09-16 17:00:00,,Extremely rapid (>5 m/sec),Debris,Flow,,,,Cut slope - Not road related,,,,{82DEF1B8-E916-411E-A4EA-0E0365691C9A},2004-09-16 17:00:00,1,7.578733213494221,149.08999633789062,0.0,0.0,0.0,6.763000011444092,227.36199640482664,119.40596519556544,2004-09-16 17:00:00
274091.8486,196498.5748,59138.0,5047.0,Landslide Hazard Mapping,Buncombe,Dunsmore Mountain,2008-02-14,2004-09-16 17:00:00,,Extremely rapid (>5 m/sec),Debris,Flow,,,,Unmodified,,,,{31A905A8-C8F8-4E7D-8361-B3DB20467B18},2004-09-16 17:00:00,1,10.974299800147612,211.2599945068359,0.0,0.0,0.0,6.314000129699707,329.2289940044284,175.01021127704522,2004-09-16 17:00:00
274155.238200001,196642.305500001,58848.0,5645.0,Landslide Hazard Mapping,Buncombe,Dunsmore Mountain,,2004-09-16 17:00:00,,Extremely rapid (>5 m/sec),Debris,Flow,,,,Unmodified,,,,{9CB57B7B-0852-4A04-AA91-E8B56077D145},2004-09-16 17:00:00,1,10.974299800147612,211.2599945068359,0.0,0.0,0.0,6.314000129699707,329.2289940044284,175.01021127704522,2004-09-16 17:00:00
274236.265000001,196177.030200001,59139.0,5048.0,Landslide Hazard Mapping,Buncombe,Dunsmore Mountain,2008-02-14,2004-09-16 17:00:00,,Extremely rapid (>5 m/sec),Debris,Flow,,,,Road embankment,,,,{576C4F53-E27A-46EF-A81B-2B2BEB9A8A9F},2004-09-16 17:00:00,1,10.974299800147612,211.2599945068359,0.0,0.0,0.0,6.314000129699707,329.2289940044284,175.01021127704522,2004-09-16 17:00:00
276977.151799999,209919.138999999,58072.0,444.0,Geohazards,Buncombe,Enka,2004-09-23,2004-09-16 17:00:00,,Extremely rapid (>5 m/sec),Debris,Flow,,,,Road cut,,,,{BC9C311A-753E-4DEB-A5C9-F197FF1939FC},2004-09-16 17:00:00,1,7.553866687044501,147.76300048828125,0.0,0.0,0.0,8.170000076293945,226.61600061133504,118.79766920837936,2004-09-16 17:00:00
276982.017399997,210173.183499999,58070.0,442.0,Geohazards,Buncombe,Enka,2004-09-23,2004-09-16 17:00:00,,Extremely rapid (>5 m/sec),Debris,Flow,,,,Road embankment,,,,{B94766B1-1124-48A0-87FF-F51686DD28F8},2004-09-16 17:00:00,1,7.553866687044501,147.76300048828125,0.0,0.0,0.0,8.170000076293945,226.61600061133504,118.79766920837936,2004-09-16 17:00:00
277020.884599999,210096.255199999,58071.0,443.0,Geohazards,Buncombe,Enka,2004-09-23,2004-09-16 17:00:00,,Extremely rapid (>5 m/sec),Debris,Flow,,,,Road embankment,,,,{1CC71DDD-A855-4EDB-A384-94990F1FB650},2004-09-16 17:00:00,1,7.553866687044501,147.76300048828125,0.0,0.0,0.0,8.170000076293945,226.61600061133504,118.79766920837936,2004-09-16 17:00:00
277058.548811354,210219.775711354,58069.0,441.0,Geohazards,Buncombe,Enka,2004-09-23,2004-09-16 17:00:00,,Extremely rapid (>5 m/sec),Debris,Flow,,,,Road cut,,,,{D151592A-69F9-40F5-986E-53C9E11457C7},2004-09-16 17:00:00,1,7.553866687044501,147.76300048828125,0.0,0.0,0.0,8.170000076293945,226.61600061133504,118.79766920837936,2004-09-16 17:00:00
277082.840099998,210349.298,58054.0,440.0,Geohazards,Buncombe,Enka,2004-09-23,2004-09-16 17:00:00,,Extremely rapid (>5 m/sec),Debris,Flow,,,,Road embankment,,,,{3790C10B-47FA-4068-ADEF-8B210F0296D1},2004-09-16 17:00:00,1,7.553866687044501,147.76300048828125,0.0,0.0,0.0,8.170000076293945,226.61600061133504,118.79766920837936,2004-09-16 17:00:00
280044.940700002,200164.847800001,59197.0,5319.0,Landslide Hazard Mapping,Buncombe,Dunsmore Mountain,2009-03-23,2004-09-16 17:00:00,,Extremely rapid (>5 m/sec),Debris,Flow,,,,Road cut,,,,{DE66FDC0-E14B-45B1-B9F6-BCC776BE8C98},2004-09-16 17:00:00,1,8.317400192469359,158.29600524902344,0.0,0.0,0.0,3.8239998817443848,249.52200577408075,130.83430771968364,2004-09-16 17:00:00
309707.939000003,224979.781199999,59122.0,2541.0,Blue Ridge Parkway,Buncombe,Montreat,2005-01-10,,,,Debris,Creep,,,,Road embankment,,,,{50BEFE2A-33D4-49AB-A4D4-31088A80DEBF},2005-01-10,1,0.8566666709052192,5.256999969482422,5.256999969482422,0.0,6.804000020027161,7.710000038146973,7.710000038146973,6.825860957147004,2005-01-10 00:00:00
311465.130500004,224229.676199999,58024.0,525.0,Blue Ridge Parkway,Buncombe,Montreat,2005-01-10,,,,Debris,Slide,Extremely rapid (>5 m/sec),Debris,Flow,Road cut,,,,{1FBCBC6A-DF04-4AA3-80D8-EA65E6716927},2005-01-10,1,1.0112222499317594,6.201000213623047,6.201000213623047,0.0,6.9270002245903015,9.101000249385834,9.101000249385834,7.819102387792308,2005-01-10 00:00:00
311493.540100001,224218.409200001,58023.0,524.0,Blue Ridge Parkway,Buncombe,Montreat,2005-01-10,,,,Debris,Slide - translational,,,,Road cut,,,,{11C3A2BF-384C-4E7D-A2BC-E1BD700DA91F},2005-01-10,1,1.0112222499317594,6.201000213623047,6.201000213623047,0.0,6.9270002245903015,9.101000249385834,9.101000249385834,7.819102387792308,2005-01-10 00:00:00
307863.539800003,226780.522999998,58047.0,532.0,Blue Ridge Parkway,Buncombe,Montreat,2005-01-11,,,,Rock,Slide - translational,,,,Road cut,,,,{C168B7E6-AE05-4E51-A429-B3FB6C80825C},2005-01-11,1,0.7710000038146972,5.256999969482422,5.256999969482422,0.0,5.256999969482422,6.804000020027161,7.710000038146973,6.35530507663445,2005-01-11 00:00:00
297772.001599997,209321.451299999,57948.0,573.0,State Map,Buncombe,Oteen,2005-02-25,,,,Debris,Slide,,,,Embankment - Not road related,,,,{D2EDBD68-A995-49E0-B9B1-5CE28D8578F4},2005-02-25,1,2.2071333060661953,20.768999099731445,17.5939998626709,3.2109999656677246,20.804999828338623,42.60499894618988,66.21399918198586,43.690409669278374,2005-02-25 00:00:00
298048.144599997,209361.830200002,57949.0,574.0,State Map,Buncombe,Oteen,2005-02-25,,,,Debris,Slide,,,,Embankment - Not road related,,,,{AB483B6E-606A-48A2-882A-CCF3DBC6BB8F},2005-02-25,1,2.2071333060661953,20.768999099731445,17.5939998626709,3.2109999656677246,20.804999828338623,42.60499894618988,66.21399918198586,43.690409669278374,2005-02-25 00:00:00
293288.683200002,215520.274099998,58237.0,783.0,Blue Ridge Parkway,Buncombe,Craggy Pinnacle,2005-04-15,,,,Rock,Slide - translational,,,,Road cut,,,,{84DE872E-BDE3-4716-9779-FCB3C9B5B100},2005-04-15,1,4.131599995493889,28.516000747680664,12.949999809265137,12.949999809265137,23.847999572753903,34.084999561309814,123.94799986481668,56.521487297687685,2005-04-15 00:00:00
301676.953400001,221776.3895,58159.0,641.0,Geohazards,Buncombe,Craggy Pinnacle,2005-05-11,,,,Debris,Slide,Extremely rapid (>5 m/sec),Debris,Flow,Unmodified,,,,{B45EC937-033E-44FC-848D-B68CD783798D},2005-05-11,1,2.237900008195235,18.163000106811523,0.0,0.0,0.0,2.412000013398938,67.13700024585705,20.47057964551232,2005-05-11 00:00:00
314129.586978264,200111.68468841,58216.0,725.0,Landslide Hazard Mapping,Buncombe,Black Mountain,2005-07-07,,,,Rock,Slide,,Rock,Fall,Cut slope - Not road related,,,,{430B4290-D951-4EAF-B303-7C61D2E7C4FD},2005-07-07,1,8.796266654133797,61.5099983215332,13.758000373840332,1.2549999952316284,15.436000376939774,78.04900172352791,263.8879996240139,126.46252219352634,2005-07-07 00:00:00
291228.618600003,198370.146899998,59184.0,2818.0,Landslide Hazard Mapping,Buncombe,Skyland,2006-05-01,,,,Weathered rock,Slide,,,,Road embankment,,,,{F448458D-07FE-4DF2-B5B4-33104D94A360},2006-05-01,1,3.414700006476293,27.410999298095703,0.0,0.0,0.0,25.523000478744507,102.4410001942888,52.59699362838422,2006-05-01 00:00:00
291240.65898107,198094.557280201,61413.0,201610280001.0,Geohazards,Buncombe,Skyland,2006-06-18,,Active,Very slow (>16 mm/yr),Debris,Subsidence,,,,Embankment - Not road related,,,,{8A608E92-6EF5-4495-8C42-5D566C809CCB},2006-06-18,1,2.242800008125293,19.732999801635746,0.0,0.0,0.0,12.052000343799593,67.28400024375878,22.44772497424453,2006-06-18 00:00:00
304052.827500001,222168.773600001,59088.0,2375.0,Blue Ridge Parkway,Buncombe,Craggy Pinnacle,2006-10-26,,,,Rock,Fall,Extremely rapid (>5 m/sec),Debris,Flow,Unmodified,,,,{2183E343-3971-4B05-8F44-FD675D5A64F9},2006-10-26,1,2.831299990415573,26.239999771118164,0.0,0.0,0.0,10.63999992609024,84.9389997124672,43.84116049717603,2006-10-26 00:00:00
309651.745499998,225031.611699998,58046.0,528.0,Blue Ridge Parkway,Buncombe,Montreat,2006-11-01,,,,Rock,Fall,,,,Road cut,,,,{EC608A0A-310F-46BF-9CC8-D9A2F00DA4DE},2006-11-01,1,3.70489998459816,30.198999404907227,0.7720000147819519,0.0,0.7720000147819519,26.816000163555145,111.1469995379448,51.18740820865088,2006-11-01 00:00:00
280813.774099998,196628.2487,59164.0,2721.0,Blue Ridge Parkway,Buncombe,Skyland,2007-01-03,,,Extremely rapid (>5 m/sec),Debris,Flow,,,,Road cut,,,,{4CDC4033-65F3-43DA-ADDA-2E2FEDE93C6D},2007-01-03,1,4.068866660197576,44.5880012512207,44.5880012512207,0.6259999871253967,53.0910010933876,53.9680010676384,122.06599980592728,84.29602026906252,2007-01-03 00:00:00
308996.998099998,215471.607000001,58824.0,2946.0,Landslide Hazard Mapping,Buncombe,Montreat,2007-03-13,,,,Debris,Slide,Extremely rapid (>5 m/sec),Debris,Flow,Road embankment,,,,{2AF75A35-C894-4506-AF7E-041719D63AE7},2007-03-13,1,2.5725666830937066,46.43000030517578,0.0,0.0,0.0,0.0,77.1770004928112,31.754645959181055,2007-03-13 00:00:00
310010.969400004,211451.654800002,59135.0,4445.0,Landslide Hazard Mapping,Buncombe,Black Mountain,2007-03-22,,,Extremely rapid (>5 m/sec),Debris,Flow,,,,Road embankment,,,,{BBACE54F-361F-47E8-A43F-1CE7E71FAF98},2007-03-22,1,4.416900102297465,43.78900146484375,12.555999755859377,12.555999755859377,13.184999763965608,63.08900195360184,132.50700306892395,64.68834209759459,2007-03-22 00:00:00
313309.555299997,200441.144400001,60785.0,4460.0,Landslide Hazard Mapping,Buncombe,Black Mountain,2007-03-27,,,,Debris,Slide,,,,Road cut,,,,{A30FDFCB-5390-44E6-92FC-4785A355DD51},2007-03-27,1,4.2960333635409675,57.44200134277344,0.0,0.0,0.0,10.460000425577164,128.88100090622902,40.475342595886325,2007-03-27 00:00:00
313868.586199999,200308.318599999,58849.0,5646.0,Landslide Hazard Mapping,Buncombe,Black Mountain,2007-03-27,,,,Weathered rock,Slide - translational,,,,Road cut,,,,{84C3DE73-A8A1-4846-9CBB-654913EE67B4},2007-03-27,1,4.2960333635409675,57.44200134277344,0.0,0.0,0.0,10.460000425577164,128.88100090622902,40.475342595886325,2007-03-27 00:00:00
314082.299000002,200487.550999999,60784.0,4459.0,Landslide Hazard Mapping,Buncombe,Black Mountain,2007-03-27,,,,Weathered rock,Slide,,,,Road cut,,,,{BB6715B4-0153-4B49-B57D-99540F5DE6C4},2007-03-27,1,4.2960333635409675,57.44200134277344,0.0,0.0,0.0,10.460000425577164,128.88100090622902,40.475342595886325,2007-03-27 00:00:00
307808.162,204288.059300002,59137.0,4452.0,Landslide Hazard Mapping,Buncombe,Black Mountain,2007-03-30,,,Extremely rapid (>5 m/sec),Debris,Flow,,,,Unmodified,,,,{2AB9FBCD-051F-446D-B0F2-389975834B66},2007-03-30,1,3.793566658099493,51.9640007019043,2.336999893188477,2.336999893188477,2.336999893188477,2.336999893188477,113.80699974298476,36.07380067293316,2007-03-30 00:00:00
312614.8926,202985.910599999,60776.0,4437.0,Landslide Hazard Mapping,Buncombe,Black Mountain,2007-04-02,,,,Weathered rock,Slide - rotational,,,,Unmodified,,,,{012E6626-4D7B-4C1D-92E5-66D2BEF294CD},2007-04-02,1,2.0327333390712736,27.60099983215332,1.4520000219345093,0.8799999952316284,2.3320000171661377,4.861999988555908,60.982000172138214,24.32804291091145,2007-04-02 00:00:00
312631.341700003,203071.9461,60777.0,4438.0,Landslide Hazard Mapping,Buncombe,Black Mountain,2007-04-02,,,,Earth,Slide,Extremely rapid (>5 m/sec),Earth,Flow,Unmodified,,,,{2DFE0617-82D2-44B7-A03E-B71C2B8B4106},2007-04-02,1,2.0327333390712736,27.60099983215332,1.4520000219345093,0.8799999952316284,2.3320000171661377,4.861999988555908,60.982000172138214,24.32804291091145,2007-04-02 00:00:00
312646.016599998,203049.2621,60775.0,4436.0,Landslide Hazard Mapping,Buncombe,Black Mountain,2007-04-02,,,,Earth,Slide,Extremely rapid (>5 m/sec),Earth,Flow,Unmodified,,,,{38AFC74E-6180-4879-8150-849617685A66},2007-04-02,1,2.0327333390712736,27.60099983215332,1.4520000219345093,0.8799999952316284,2.3320000171661377,4.861999988555908,60.982000172138214,24.32804291091145,2007-04-02 00:00:00
304750.848899998,202893.7412,60778.0,4453.0,Landslide Hazard Mapping,Buncombe,Black Mountain,2007-04-03,,,Extremely rapid (>5 m/sec),Debris,Flow,,,,Road embankment,,,,{421D3273-E72F-4A9E-974C-0B6D0449ED33},2007-04-03,1,2.1457666429380575,36.97999954223633,1.718999981880188,1.718999981880188,1.7449999824166298,4.39400003105402,64.37299928814173,23.20688102249365,2007-04-03 00:00:00
314558.276699997,200877.293299999,59132.0,4439.0,Landslide Hazard Mapping,Buncombe,Black Mountain,2007-04-03,,,,Earth,Slide,Extremely rapid (>5 m/sec),Earth,Flow,Unmodified,,,,{5F7E40A3-0E99-4372-9B56-C58E7A4600C7},2007-04-03,1,1.9295333355665207,24.24799919128418,2.9560000896453857,2.9560000896453857,4.171000123023987,7.687000274658203,57.88600006699562,23.380136686075353,2007-04-03 00:00:00
314970.854400001,199930.4067,59134.0,4441.0,Landslide Hazard Mapping,Buncombe,Moffitt Hill,2007-04-03,,,,Debris,Slide,Extremely rapid (>5 m/sec),Debris,Flow,Road embankment,,,,{5DC6D38E-C36E-4E4E-AB5A-C12ACC197C75},2007-04-03,1,1.9295333355665207,24.24799919128418,2.9560000896453857,2.9560000896453857,4.171000123023987,7.687000274658203,57.88600006699562,23.380136686075353,2007-04-03 00:00:00
314992.579800002,200039.581799999,59133.0,4440.0,Landslide Hazard Mapping,Buncombe,Moffitt Hill,2007-04-03,,,,Earth,Slide - translational,,,,Road cut,,,,{D06E3DF3-FB58-4414-BC60-26FDD6DDB478},2007-04-03,1,1.9295333355665207,24.24799919128418,2.9560000896453857,2.9560000896453857,4.171000123023987,7.687000274658203,57.88600006699562,23.380136686075353,2007-04-03 00:00:00
313756.401000001,202217.938099999,60779.0,4454.0,Landslide Hazard Mapping,Buncombe,Black Mountain,2007-04-05,,,Extremely rapid (>5 m/sec),Debris,Flow,,,,Unmodified,,,,{C9558477-43A4-43A1-93A2-DA438B67BDE2},2007-04-05,1,2.1101666390895844,25.511999130249023,2.8459999561309814,2.828000068664551,5.674000024795532,10.550000071525574,63.30499917268753,23.872449855606735,2007-04-05 00:00:00
318012.439125623,202369.548917982,60627.0,5643.0,Landslide Hazard Mapping,Buncombe,Moffitt Hill,2007-04-09,,,,Debris,Slide,,,,Road embankment,,,,{74D6958B-21CA-4390-944A-3F10D05E1715},2007-04-09,1,2.4036999553442,24.847999572753903,9.86299991607666,0.2599999904632568,10.122999906539915,16.108999967575073,72.110998660326,27.207555908789377,2007-04-09 00:00:00
319941.108400002,202538.385899998,60780.0,4455.0,Landslide Hazard Mapping,Buncombe,Moffitt Hill,2007-04-09,,,,Debris,Slide,,,,Road cut,,,,{F002FB32-332D-419D-A2D7-C8183E92E0C2},2007-04-09,1,2.4036999553442,24.847999572753903,9.86299991607666,0.2599999904632568,10.122999906539915,16.108999967575073,72.110998660326,27.207555908789377,2007-04-09 00:00:00
319973.415399998,202527.3563,60781.0,4456.0,Landslide Hazard Mapping,Buncombe,Moffitt Hill,2007-04-09,,,,Debris,Slide,,,,Road cut,,,,{6E54B4EA-47C0-4F0B-A7D2-EA2D9E2AB7AD},2007-04-09,1,2.4036999553442,24.847999572753903,9.86299991607666,0.2599999904632568,10.122999906539915,16.108999967575073,72.110998660326,27.207555908789377,2007-04-09 00:00:00
320125.182400003,202365.9692,60782.0,4457.0,Landslide Hazard Mapping,Buncombe,Moffitt Hill,2007-04-09,,,,Debris,Slide,,,,Road embankment,,,,{B7ABF0D9-C74F-4F0D-8CEC-763CDE5799F2},2007-04-09,1,2.4036999553442,24.847999572753903,9.86299991607666,0.2599999904632568,10.122999906539915,16.108999967575073,72.110998660326,27.207555908789377,2007-04-09 00:00:00
321672.850699998,201736.919,60783.0,4458.0,Landslide Hazard Mapping,Buncombe,Moffitt Hill,2007-04-09,,,,Debris,Slide,,,,Road cut,,,,{E17FEB6E-D117-4A9A-BB0D-61024287A860},2007-04-09,1,2.323066686652601,27.128000259399418,5.51800012588501,0.0460000000894069,5.564000125974417,11.45900010690093,69.69200059957802,23.34724313244015,2007-04-09 00:00:00
277239.877700001,205733.063299999,59258.0,4974.0,Landslide Hazard Mapping,Buncombe,Enka,2008-01-30,,,Extremely rapid (>5 m/sec),Debris,Flow,,,,Unmodified,,,,{D8AC76A9-CCA4-4C37-B3E5-B12362D9E1E9},2008-01-30,1,1.8105666467299064,14.656999588012695,0.0,0.0,0.0,0.5619999766349792,54.31699940189719,15.690989885333346,2008-01-30 00:00:00
279592.729900002,202972.804900002,59223.0,4968.0,Landslide Hazard Mapping,Buncombe,Enka,2008-01-30,,,Extremely rapid (>5 m/sec),Debris,Flow,,,,Unmodified,,,,{0F45D2C8-AF65-4591-AC3A-998D84D65FDE},2008-01-30,1,1.9357666701078415,17.19700050354004,0.0,0.0,0.0,0.3849999904632568,58.073000103235245,16.195610158580756,2008-01-30 00:00:00
266751.9749,199541.735100001,60879.0,4992.0,Landslide Hazard Mapping,Buncombe,Cruso,2008-02-02,,,,Debris,Slide,,,,Unmodified,,,,{17EA1E45-1635-4F17-9F5B-06841EBE17DC},2008-02-02,1,3.1557667086521786,37.49800109863281,37.49800109863281,37.49800109863281,46.678001403808594,46.678001403808594,94.67300125956535,58.55087204111663,2008-02-02 00:00:00
273278.821099997,198647.377599999,60040.0,4982.0,Landslide Hazard Mapping,Buncombe,Dunsmore Mountain,2008-02-05,,,,Debris,Slide,,,,Road cut,,,,{A6C9C915-1F10-428E-A725-C7BFA5D9525E},2008-02-05,1,2.917400026321411,33.86600112915039,4.980999946594238,4.980999946594238,5.4269999563694,45.27600088715553,87.52200078964233,46.566758838563715,2008-02-05 00:00:00
273336.802000001,198733.800299998,60656.0,4983.0,Landslide Hazard Mapping,Buncombe,Dunsmore Mountain,2008-02-05,,,,Debris,Slide,,,,Road embankment,,,,{1DC61862-5554-4928-BDF5-9D0B7066DC43},2008-02-05,1,2.917400026321411,33.86600112915039,4.980999946594238,4.980999946594238,5.4269999563694,45.27600088715553,87.52200078964233,46.566758838563715,2008-02-05 00:00:00
275190.448100001,197917.515700001,60883.0,5003.0,Landslide Hazard Mapping,Buncombe,Dunsmore Mountain,2008-02-05,,,Extremely rapid (>5 m/sec),Debris,Flow,,,,Road embankment,,,,{A1B00D4E-EAF3-4AFF-A097-05AF9C3DBB6F},2008-02-05,1,3.712033328413963,42.72800064086914,5.201000213623047,5.201000213623047,7.836000204086304,58.8630006313324,111.3609998524189,59.26564267537688,2008-02-05 00:00:00
266772.209600002,197438.532400001,60881.0,4997.0,Landslide Hazard Mapping,Buncombe,Cruso,2008-02-07,,,Extremely rapid (>5 m/sec),Debris,Flow,,,,Road embankment,,,,{B7C43B22-2793-4D71-9809-98D46EFBE127},2008-02-07,1,3.718800042942166,41.483001708984375,4.333000183105469,0.0,7.919000148773193,50.51500189304352,111.564001288265,52.46536189774111,2008-02-07 00:00:00
274977.972999997,197375.4549,58813.0,5043.0,Landslide Hazard Mapping,Buncombe,Dunsmore Mountain,2008-02-14,,,,Debris,Slide,,,,Road embankment,,,,{2621EDC9-6B72-472E-B801-64607A3DBA47},2008-02-14,1,3.1645333554285267,42.1150016784668,4.318999767303467,4.318999767303467,4.318999767303467,15.492000102996826,94.9360006628558,40.92634393621547,2008-02-14 00:00:00
270152.894000001,208164.583700001,60884.0,5024.0,Landslide Hazard Mapping,Buncombe,Enka,2008-02-15,,,,Debris,Slide,,,,Road cut,,,,{EDF68225-F00A-4DC5-8825-DB108FD46A56},2008-02-15,1,2.576633357008298,30.65800094604492,3.2209999561309814,0.1689999997615814,3.389999955892563,3.389999955892563,77.29900071024895,30.74125405206892,2008-02-15 00:00:00
271874.306900002,207671.903999999,60889.0,5033.0,Landslide Hazard Mapping,Buncombe,Enka,2008-02-15,,,Extremely rapid (>5 m/sec),Debris,Flow,,,,Unmodified,,,,{D493CBD7-C130-49E5-8471-1D891992A3C8},2008-02-15,1,2.5626333232658607,31.01099967956543,2.63700008392334,0.1969999969005584,2.8340000808238983,2.8340000808238983,76.87899969797581,30.06979548709883,2008-02-15 00:00:00
272702.465899996,210829.794399999,60885.0,5027.0,Landslide Hazard Mapping,Buncombe,Enka,2008-02-19,,,,Rock,Slide - translational,,,,Road cut,,,,{D3E41D13-CF92-43BD-B29E-FF52B0594FFC},2008-02-19,1,2.9615666305956743,31.01099967956543,28.038999557495117,28.038999557495117,28.038999557495117,30.872999638319016,88.84699891787022,48.987175874723235,2008-02-19 00:00:00
267427.415899999,209628.094300002,58815.0,5053.0,Landslide Hazard Mapping,Buncombe,Canton,2008-02-25,,,,Debris,Slide - translational,,,,Road cut,,,,{22A412A4-F2D8-4835-B095-E64E4365E8EC},2008-02-25,1,3.0850666771332422,31.381999969482425,0.5619999766349792,0.0,0.5619999766349792,30.186000525951385,92.55200031399728,34.17420665711584,2008-02-25 00:00:00
267429.103500001,209605.7152,58814.0,5052.0,Landslide Hazard Mapping,Buncombe,Canton,2008-02-25,,,,Debris,Slide - translational,,,,Road cut,,,,{59E8634F-8678-447E-9ECE-48E7AF4EFF1D},2008-02-25,1,3.0850666771332422,31.381999969482425,0.5619999766349792,0.0,0.5619999766349792,30.186000525951385,92.55200031399728,34.17420665711584,2008-02-25 00:00:00
267434.192400001,209646.487599999,58816.0,5054.0,Landslide Hazard Mapping,Buncombe,Canton,2008-02-25,,,,Debris,Slide - translational,,,,Road cut,,,,{2CFA0B25-574D-461F-A8F9-897ACBCF8991},2008-02-25,1,3.0850666771332422,31.381999969482425,0.5619999766349792,0.0,0.5619999766349792,30.186000525951385,92.55200031399728,34.17420665711584,2008-02-25 00:00:00
267436.547499999,209686.920000002,59142.0,5056.0,Landslide Hazard Mapping,Buncombe,Canton,2008-02-25,,,,Debris,Slide - translational,,,,Road cut,,,,{735AFDC8-F08A-4B6E-AAF2-E0EB55D26070},2008-02-25,1,3.0850666771332422,31.381999969482425,0.5619999766349792,0.0,0.5619999766349792,30.186000525951385,92.55200031399728,34.17420665711584,2008-02-25 00:00:00
267439.245499998,209621.982099999,58817.0,5055.0,Landslide Hazard Mapping,Buncombe,Canton,2008-02-25,,,,Debris,Slide,,,,Road embankment,,,,{9A454C8E-E590-483C-AC56-155BC0A54C7C},2008-02-25,1,3.0850666771332422,31.381999969482425,0.5619999766349792,0.0,0.5619999766349792,30.186000525951385,92.55200031399728,34.17420665711584,2008-02-25 00:00:00
269944.726599999,213338.798999999,59144.0,5062.0,Landslide Hazard Mapping,Buncombe,Canton,2008-02-29,,,,Debris,Slide - translational,,,,Unmodified,,,,{8AB4CE10-F85B-4775-AFFB-6BAF22F6EC7A},2008-02-29,1,3.5975000277161597,31.46299934387207,10.019000053405762,0.4280000030994415,17.59900000691414,19.64600001275539,107.9250008314848,41.28934825137666,2008-02-29 00:00:00
269947.172200002,213377.119199999,59145.0,5063.0,Landslide Hazard Mapping,Buncombe,Canton,2008-02-29,,,,Debris,Slide,Extremely rapid (>5 m/sec),Debris,Flow,Unmodified,,,,{309AF1A4-622F-49E8-8851-9E9733431C92},2008-02-29,1,3.5975000277161597,31.46299934387207,10.019000053405762,0.4280000030994415,17.59900000691414,19.64600001275539,107.9250008314848,41.28934825137666,2008-02-29 00:00:00
269967.997299999,213194.149700001,58203.0,556.0,Landslide Hazard Mapping,Buncombe,Canton,2008-02-29,,,,Debris,Slide - translational,,,,Unmodified,,,,{FF46422A-956C-4778-8B59-78706535037F},2008-02-29,1,3.5975000277161597,31.46299934387207,10.019000053405762,0.4280000030994415,17.59900000691414,19.64600001275539,107.9250008314848,41.28934825137666,2008-02-29 00:00:00
269976.4023,213392.556400001,60888.0,5032.0,Landslide Hazard Mapping,Buncombe,Canton,2008-02-29,,,Extremely rapid (>5 m/sec),Debris,Flow,,,,Unmodified,,,,{DFE0220D-B784-488A-8B60-FCD6BDDB5B61},2008-02-29,1,3.5975000277161597,31.46299934387207,10.019000053405762,0.4280000030994415,17.59900000691414,19.64600001275539,107.9250008314848,41.28934825137666,2008-02-29 00:00:00
269978.608599998,213369.381000001,60887.0,5031.0,Landslide Hazard Mapping,Buncombe,Canton,2008-02-29,,,,Debris,Slide - translational,,,,Unmodified,,,,{D88DD162-1311-4DFC-9527-EA4CBF3F6B2E},2008-02-29,1,3.5975000277161597,31.46299934387207,10.019000053405762,0.4280000030994415,17.59900000691414,19.64600001275539,107.9250008314848,41.28934825137666,2008-02-29 00:00:00
269981.387000002,213315.764699999,60886.0,5030.0,Landslide Hazard Mapping,Buncombe,Canton,2008-02-29,,,,Debris,Slide - translational,,,,Unmodified,,,,{504D3329-0BD2-4DAF-B0E8-4307903FF30F},2008-02-29,1,3.5975000277161597,31.46299934387207,10.019000053405762,0.4280000030994415,17.59900000691414,19.64600001275539,107.9250008314848,41.28934825137666,2008-02-29 00:00:00
269985.797300003,213082.235800002,58387.0,558.0,Landslide Hazard Mapping,Buncombe,Enka,2008-02-29,,,,Debris,Slide - translational,,,,Road cut,,,,{3BD4F417-C1A3-4AA1-A662-B80D95A1E2ED},2008-02-29,1,3.5975000277161597,31.46299934387207,10.019000053405762,0.4280000030994415,17.59900000691414,19.64600001275539,107.9250008314848,41.28934825137666,2008-02-29 00:00:00
270001.057599999,213330.120000001,58825.0,2300.0,Landslide Hazard Mapping,Buncombe,Enka,2008-02-29,,,,Debris,Slide - translational,,,,Road cut,,,,{9B0821FC-D50E-4A3D-935E-2869C5F9CC64},2008-02-29,1,3.5975000277161597,31.46299934387207,10.019000053405762,0.4280000030994415,17.59900000691414,19.64600001275539,107.9250008314848,41.28934825137666,2008-02-29 00:00:00
270002.640500002,213309.632599998,58843.0,2286.0,Landslide Hazard Mapping,Buncombe,Enka,2008-02-29,,,,Debris,Slide,,,,Unmodified,,,,{5D2B10C7-291C-46A6-8BCA-4AA41BF077D8},2008-02-29,1,3.5975000277161597,31.46299934387207,10.019000053405762,0.4280000030994415,17.59900000691414,19.64600001275539,107.9250008314848,41.28934825137666,2008-02-29 00:00:00
270011.613200001,213319.174199998,58844.0,2279.0,Landslide Hazard Mapping,Buncombe,Enka,2008-02-29,,,,Debris,Slide - translational,,,,Road cut,,,,{FC52280E-5030-4A1F-9098-5D6F7E5EBD6B},2008-02-29,1,3.5975000277161597,31.46299934387207,10.019000053405762,0.4280000030994415,17.59900000691414,19.64600001275539,107.9250008314848,41.28934825137666,2008-02-29 00:00:00
270032.854099996,213312.709600002,58022.0,521.0,Landslide Hazard Mapping,Buncombe,Enka,2008-02-29,,,,Rock,Slide - translational,,,,Road cut,,,,{A9D29B75-3950-470C-9FF1-6737CA50EB61},2008-02-29,1,3.5975000277161597,31.46299934387207,10.019000053405762,0.4280000030994415,17.59900000691414,19.64600001275539,107.9250008314848,41.28934825137666,2008-02-29 00:00:00
270043.025200002,213428.340300001,59146.0,5064.0,Landslide Hazard Mapping,Buncombe,Enka,2008-02-29,,,,Debris,Slide - translational,,,,Unmodified,,,,{96F99A6D-E4FE-45EC-9744-8C8A8DB51A1B},2008-02-29,1,3.5975000277161597,31.46299934387207,10.019000053405762,0.4280000030994415,17.59900000691414,19.64600001275539,107.9250008314848,41.28934825137666,2008-02-29 00:00:00
270047.704300001,213453.808899999,59274.0,5065.0,Landslide Hazard Mapping,Buncombe,Enka,2008-02-29,,,,Weathered rock,Slide - translational,,,,Road cut,,,,{4A6BD341-5ACB-4CA7-879D-70919690ED5E},2008-02-29,1,3.5975000277161597,31.46299934387207,10.019000053405762,0.4280000030994415,17.59900000691414,19.64600001275539,107.9250008314848,41.28934825137666,2008-02-29 00:00:00
270048.679300003,213182.1083,58202.0,555.0,Landslide Hazard Mapping,Buncombe,Enka,2008-02-29,,,,Debris,Slide - translational,,,,Road cut,,,,{95751F43-B469-4A1F-B2CD-394D1C14E4E8},2008-02-29,1,3.5975000277161597,31.46299934387207,10.019000053405762,0.4280000030994415,17.59900000691414,19.64600001275539,107.9250008314848,41.28934825137666,2008-02-29 00:00:00
270050.686300002,213667.075199999,59276.0,5067.0,Landslide Hazard Mapping,Buncombe,Enka,2008-02-29,,,,Debris,Slide - translational,,,,Road cut,,,,{B6531ABA-68AF-4DEB-983B-BC2F5DB7BC3E},2008-02-29,1,3.5975000277161597,31.46299934387207,10.019000053405762,0.4280000030994415,17.59900000691414,19.64600001275539,107.9250008314848,41.28934825137666,2008-02-29 00:00:00
270053.132299997,213602.258499999,59275.0,5066.0,Landslide Hazard Mapping,Buncombe,Enka,2008-02-29,,,,Debris,Slide - translational,,,,Road cut,,,,{388DA286-13B8-4428-8477-A2F888F5B5CC},2008-02-29,1,3.5975000277161597,31.46299934387207,10.019000053405762,0.4280000030994415,17.59900000691414,19.64600001275539,107.9250008314848,41.28934825137666,2008-02-29 00:00:00
270057.140600003,213245.291499998,57963.0,544.0,Landslide Hazard Mapping,Buncombe,Enka,2008-02-29,,,,Debris,Slide - translational,,,,Road cut,,,,{637BF43D-2D2C-4853-9153-D4720CD703A8},2008-02-29,1,3.5975000277161597,31.46299934387207,10.019000053405762,0.4280000030994415,17.59900000691414,19.64600001275539,107.9250008314848,41.28934825137666,2008-02-29 00:00:00
270060.966300003,213200.1842,58113.0,546.0,Landslide Hazard Mapping,Buncombe,Enka,2008-02-29,,,,Debris,Slide - translational,,,,Road cut,,,,{C191E3E4-8652-41C8-9200-C543F406E398},2008-02-29,1,3.5975000277161597,31.46299934387207,10.019000053405762,0.4280000030994415,17.59900000691414,19.64600001275539,107.9250008314848,41.28934825137666,2008-02-29 00:00:00
271755.331500001,213528.664900001,59353.0,5077.0,Landslide Hazard Mapping,Buncombe,Enka,2008-03-03,,,Extremely rapid (>5 m/sec),Debris,Blowout,,,,Unmodified,,,,{25FF2B4E-6977-4C82-96AC-5E2F230E1221},2008-03-03,1,2.4211333826184274,26.974000930786133,1.8480000495910645,0.0,2.4610000252723694,21.89700004458427,72.63400147855282,31.24655302496304,2008-03-03 00:00:00
271979.346500002,212448.032200001,59282.0,5073.0,Landslide Hazard Mapping,Buncombe,Enka,2008-03-03,,,Extremely rapid (>5 m/sec),Debris,Blowout,,,,Unmodified,,,,{8DA6C50C-9C32-4F82-8158-19E5D98B544C},2008-03-03,1,2.305866682281097,25.135000228881836,1.919000029563904,0.0,2.2020000219345093,21.840000569820404,69.1760004684329,30.063152437445407,2008-03-03 00:00:00
273191.268399999,213253.425099999,59354.0,5080.0,Landslide Hazard Mapping,Buncombe,Enka,2008-03-03,,,Extremely rapid (>5 m/sec),Debris,Flow,,,,Road cut,,,,{DE4EF2CC-A044-4076-90EB-A8C2F7826464},2008-03-03,1,2.305866682281097,25.135000228881836,1.919000029563904,0.0,2.2020000219345093,21.840000569820404,69.1760004684329,30.063152437445407,2008-03-03 00:00:00
267444.672200002,218201.662799999,60890.0,5122.0,Landslide Hazard Mapping,Buncombe,Sandymush,2008-03-12,,,,Debris,Slide,,,,Unmodified,,,,{B87520FB-EEB8-44D9-8373-8BE28C9E7D8B},2008-03-12,1,3.5965000379752987,39.29100036621094,0.3350000083446502,0.0,0.3350000083446502,53.64499995112419,107.89500113925897,53.48864855166429,2008-03-12 00:00:00
267495.0185,218179.427999999,60891.0,5123.0,Landslide Hazard Mapping,Buncombe,Sandymush,2008-03-12,,,,Debris,Slide,,,,Unmodified,,,,{D0D75D57-70F4-4EF7-A700-387AD6590E7D},2008-03-12,1,3.5965000379752987,39.29100036621094,0.3350000083446502,0.0,0.3350000083446502,53.64499995112419,107.89500113925897,53.48864855166429,2008-03-12 00:00:00
264848.489299998,217807.999200001,60894.0,5144.0,Landslide Hazard Mapping,Buncombe,Sandymush,2008-03-18,,,,Weathered rock,Slide - translational,,,,Stream bank,,,,{AE37B540-5014-4DBC-ADF0-88F078DC6928},2008-03-18,1,4.262033352123884,39.29100036621094,19.86199951171875,0.0,22.38899946212769,22.38899946212769,127.86100056371652,55.295352901695296,2008-03-18 00:00:00
264882.129500002,217402.473999999,60895.0,5145.0,Landslide Hazard Mapping,Buncombe,Sandymush,2008-03-18,,,,Weathered rock,Slide - translational,,,,Stream bank,,,,{B29B3A7E-3660-4230-9805-E90C00CEA9A8},2008-03-18,1,4.262033352123884,39.29100036621094,19.86199951171875,0.0,22.38899946212769,22.38899946212769,127.86100056371652,55.295352901695296,2008-03-18 00:00:00
265263.659599997,218755.196400002,60900.0,5153.0,Landslide Hazard Mapping,Buncombe,Sandymush,2008-03-18,,,Extremely rapid (>5 m/sec),Earth,Blowout,,,,Unmodified,,,,{070BC1B0-858F-43DD-BBE0-7B6C8C43F19F},2008-03-18,1,4.262033352123884,39.29100036621094,19.86199951171875,0.0,22.38899946212769,22.38899946212769,127.86100056371652,55.295352901695296,2008-03-18 00:00:00
265964.988499999,218699.912700001,60896.0,5146.0,Landslide Hazard Mapping,Buncombe,Sandymush,2008-03-18,,,,Weathered rock,Slide - translational,,,,Road cut,,,,{7D182403-2360-4EF8-943B-22CD1B630ED5},2008-03-18,1,4.262033352123884,39.29100036621094,19.86199951171875,0.0,22.38899946212769,22.38899946212769,127.86100056371652,55.295352901695296,2008-03-18 00:00:00
266010.9344,219597.661200002,60892.0,5136.0,Landslide Hazard Mapping,Buncombe,Sandymush,2008-03-18,,,Extremely rapid (>5 m/sec),Debris,Flow,,,,Unmodified,,,,{3FA5E303-1125-4890-9368-D5F70D679938},2008-03-18,1,4.262033352123884,39.29100036621094,19.86199951171875,0.0,22.38899946212769,22.38899946212769,127.86100056371652,55.295352901695296,2008-03-18 00:00:00
266020.921999998,219593.504299998,60893.0,5137.0,Landslide Hazard Mapping,Buncombe,Sandymush,2008-03-18,,,Extremely rapid (>5 m/sec),Debris,Flow,,,,Unmodified,,,,{411BDA88-5831-4356-B597-E5D2DD258EE6},2008-03-18,1,4.262033352123884,39.29100036621094,19.86199951171875,0.0,22.38899946212769,22.38899946212769,127.86100056371652,55.295352901695296,2008-03-18 00:00:00
266104.169799998,218937.172800001,60897.0,5147.0,Landslide Hazard Mapping,Buncombe,Sandymush,2008-03-18,,,,Weathered rock,Slide - translational,,,,Road cut,,,,{1ACD8835-830C-46E0-A46F-91132D6D33BD},2008-03-18,1,4.262033352123884,39.29100036621094,19.86199951171875,0.0,22.38899946212769,22.38899946212769,127.86100056371652,55.295352901695296,2008-03-18 00:00:00
266109.028099999,218981.285100002,60898.0,5148.0,Landslide Hazard Mapping,Buncombe,Sandymush,2008-03-18,,,,Weathered rock,Slide - translational,,,,Road cut,,,,{293C000E-EE77-4EAA-A324-BFC1641A14B8},2008-03-18,1,4.262033352123884,39.29100036621094,19.86199951171875,0.0,22.38899946212769,22.38899946212769,127.86100056371652,55.295352901695296,2008-03-18 00:00:00
266460.595399998,219501.530900002,60899.0,5149.0,Landslide Hazard Mapping,Buncombe,Sandymush,2008-03-18,,,,Weathered rock,Slide - translational,,,,Road cut,,,,{F58078CD-0245-497D-B34D-990B70FC7991},2008-03-18,1,4.262033352123884,39.29100036621094,19.86199951171875,0.0,22.38899946212769,22.38899946212769,127.86100056371652,55.295352901695296,2008-03-18 00:00:00
261893.869400002,220682.854699999,60909.0,5197.0,Landslide Hazard Mapping,Buncombe,Sandymush,2008-03-20,,,,Earth,Slide,,,,Unmodified,,,,{37CA38FF-4F30-4C04-AE18-54029107D5D1},2008-03-20,1,3.272033346626752,38.61100006103515,0.0,0.0,0.0,22.8340003490448,98.16100039880256,43.348361252562775,2008-03-20 00:00:00
261898.313500002,220790.599100001,60908.0,5196.0,Landslide Hazard Mapping,Buncombe,Sandymush,2008-03-20,,,,Debris,Slide,,,,Unmodified,,,,{1A678EC5-548B-405B-9687-06130F2BEFCA},2008-03-20,1,3.272033346626752,38.61100006103515,0.0,0.0,0.0,22.8340003490448,98.16100039880256,43.348361252562775,2008-03-20 00:00:00
261967.2764,220842.775199998,60907.0,5195.0,Landslide Hazard Mapping,Buncombe,Sandymush,2008-03-20,,,,Debris,Slide,Extremely rapid (>5 m/sec),Debris,Flow,Unmodified,,,,{8B82985F-F8FB-42E6-9801-5569F90F1D36},2008-03-20,1,3.272033346626752,38.61100006103515,0.0,0.0,0.0,22.8340003490448,98.16100039880256,43.348361252562775,2008-03-20 00:00:00
262010.469265547,220827.733355767,60905.0,5193.0,Landslide Hazard Mapping,Buncombe,Sandymush,2008-03-20,,,,Debris,Slide,,,,Unmodified,,,,{6055D97C-94E2-4D04-9DD3-DEBF8A504AB2},2008-03-20,1,3.272033346626752,38.61100006103515,0.0,0.0,0.0,22.8340003490448,98.16100039880256,43.348361252562775,2008-03-20 00:00:00
262041.816399999,220833.1171,60906.0,5194.0,Landslide Hazard Mapping,Buncombe,Sandymush,2008-03-20,,,,Debris,Slide,,,,Unmodified,,,,{77746553-7DC5-47D1-942E-2EE13581225C},2008-03-20,1,3.272033346626752,38.61100006103515,0.0,0.0,0.0,22.8340003490448,98.16100039880256,43.348361252562775,2008-03-20 00:00:00
262189.538099997,220666.302900001,60904.0,5192.0,Landslide Hazard Mapping,Buncombe,Sandymush,2008-03-20,,,,Debris,Slide - translational,,,,Unmodified,,,,{88E1A3E5-F660-4BA3-845F-8C9A17E65826},2008-03-20,1,3.272033346626752,38.61100006103515,0.0,0.0,0.0,22.8340003490448,98.16100039880256,43.348361252562775,2008-03-20 00:00:00
262529.643399999,216118.591699999,60902.0,5186.0,Landslide Hazard Mapping,Buncombe,Sandymush,2008-03-20,,,,Weathered rock,Slide - translational,,,,Unmodified,,,,{E1BE4FB9-022B-4218-ABEC-2F408A4D5834},2008-03-20,1,3.2076332812507946,38.08599853515625,0.0,0.0,0.0,21.815999746322632,96.22899843752384,41.950896585026854,2008-03-20 00:00:00
263835.151299998,216892.151500002,58823.0,5178.0,Landslide Hazard Mapping,Buncombe,Sandymush,2008-03-20,,,,Weathered rock,Slide - translational,,,,Unmodified,,,,{2E11E81E-F9D5-472B-B481-8120CB02ECD2},2008-03-20,1,3.2076332812507946,38.08599853515625,0.0,0.0,0.0,21.815999746322632,96.22899843752384,41.950896585026854,2008-03-20 00:00:00
268439.044200003,220470.867699999,60901.0,5170.0,Landslide Hazard Mapping,Buncombe,Sandymush,2008-03-20,,,,Debris,Slide,,,,Road embankment,,,,{FCCC123A-F0A3-490D-90B4-113FACCA0217},2008-03-20,1,3.4235666414101917,39.73699951171875,0.0,0.0,0.0,21.998000383377075,102.70699924230576,45.45435657866276,2008-03-20 00:00:00
268455.310000002,220493.6754,58176.0,665.0,Landslide Hazard Mapping,Buncombe,Sandymush,2008-03-20,,,,Debris,Slide - rotational,,,,Road embankment,,,,{A273A803-4410-4608-BE6E-369E366F5CEB},2008-03-20,1,3.4235666414101917,39.73699951171875,0.0,0.0,0.0,21.998000383377075,102.70699924230576,45.45435657866276,2008-03-20 00:00:00
293250.240599997,200894.171500001,60910.0,5219.0,Landslide Hazard Mapping,Buncombe,Oteen,2008-04-07,,,,Debris,Slide - translational,,,,Road embankment,,,,{62A7CD23-396B-4209-82E8-1CFF54E36178},2008-04-07,1,3.44723334684968,20.465999603271484,14.765999794006348,14.765999794006348,30.86899995803833,31.704999946057796,103.4170004054904,50.23731029322189,2008-04-07 00:00:00
293278.329259848,200751.357855296,60911.0,5220.0,Landslide Hazard Mapping,Buncombe,Oteen,2008-04-07,,,,Debris,Slide - translational,,,,Road cut,,,,{B1152BF6-4E10-4CB2-B342-56384D38BF0D},2008-04-07,1,3.44723334684968,20.465999603271484,14.765999794006348,14.765999794006348,30.86899995803833,31.704999946057796,103.4170004054904,50.23731029322189,2008-04-07 00:00:00
293518.600500002,200637.643599998,60914.0,5244.0,Landslide Hazard Mapping,Buncombe,Oteen,2008-04-07,,,,Debris,Slide - translational,,,,Embankment - Not road related,,,,{7E11E733-F760-4AF8-8E8D-0469FAD52336},2008-04-07,1,3.44723334684968,20.465999603271484,14.765999794006348,14.765999794006348,30.86899995803833,31.704999946057796,103.4170004054904,50.23731029322189,2008-04-07 00:00:00
296753.367700003,203157.4078,60912.0,5242.0,Landslide Hazard Mapping,Buncombe,Oteen,2008-04-08,,,,Weathered rock,Slide - translational,,,,Road cut,,,,{ABDE7211-B481-4BB3-8DF1-12FBECA8DF0E},2008-04-08,1,2.8483666964496175,19.010000228881836,13.093000411987305,0.0,25.670000076293945,30.50000026263297,85.45100089348853,45.15180376977356,2008-04-08 00:00:00
296790.754299998,203170.538400002,60913.0,5243.0,Landslide Hazard Mapping,Buncombe,Oteen,2008-04-08,,,,Weathered rock,Slide,,,,Road cut,,,,{F161DAC4-4742-45D1-9CB9-1AC6E7144230},2008-04-08,1,2.8483666964496175,19.010000228881836,13.093000411987305,0.0,25.670000076293945,30.50000026263297,85.45100089348853,45.15180376977356,2008-04-08 00:00:00
295265.719400004,203206.709199999,60915.0,5246.0,Landslide Hazard Mapping,Buncombe,Oteen,2008-04-17,,,,Debris,Slide - translational,,,,Road cut,,,,{BBA53249-2C0C-4674-B019-1F48342106B2},2008-04-17,1,2.3827333577598133,19.010000228881836,0.930999994277954,0.0,0.930999994277954,5.11900007724762,71.4820007327944,25.77030365263139,2008-04-17 00:00:00
295505.634800002,203479.728,58850.0,5649.0,Landslide Hazard Mapping,Buncombe,Oteen,2008-04-17,,,Extremely rapid (>5 m/sec),Debris,Flow,,,,Unmodified,,,,{FD661C30-D6F0-4119-9AF2-0F25BB9ACDE2},2008-04-17,1,2.3827333577598133,19.010000228881836,0.930999994277954,0.0,0.930999994277954,5.11900007724762,71.4820007327944,25.77030365263139,2008-04-17 00:00:00
303799.397524657,221300.897550773,61375.0,201608180002.0,Blue Ridge Parkway,Buncombe,Craggy Pinnacle,2008-04-23,,Inactive - stabilized,Very slow (>16 mm/yr),Debris,Slide,,,,Road embankment,,,,{842E6D99-A00D-4538-AC30-C7ABA958CCCE},2008-04-23,1,2.7034666962727596,15.550000190734863,15.550000190734863,0.0010000000474974,16.680000139283948,17.11700014572125,81.10400088818278,34.425412300777786,2008-04-23 00:00:00
296993.758400001,205369.480599999,59343.0,5280.0,Landslide Hazard Mapping,Buncombe,Oteen,2008-05-02,,,,Debris,Slide,,,,Road cut,,,,{6B1CAAD3-CBA1-4564-9436-D4EF7D8A7EA9},2008-05-02,1,2.117533342222062,15.133999824523926,3.865000009536743,0.0,3.865000009536743,25.044000055408105,63.52600026666187,27.747301893780808,2008-05-02 00:00:00
297318.707000002,205040.496599998,59342.0,5279.0,Landslide Hazard Mapping,Buncombe,Oteen,2008-05-02,,,,Debris,Slide,,,,Road cut,,,,{B3132718-1DF6-41CD-8E45-7AA4C7CAB50D},2008-05-02,1,2.117533342222062,15.133999824523926,3.865000009536743,0.0,3.865000009536743,25.044000055408105,63.52600026666187,27.747301893780808,2008-05-02 00:00:00
287462.722999997,207309.548599999,60916.0,5247.0,Landslide Hazard Mapping,Buncombe,Asheville,2008-05-09,,,,Weathered rock,Slide - translational,,,,Road cut,,,,{CB1EA0DD-F08A-48B1-BF6C-4A973FD5022F},2008-05-09,1,1.0310666624456644,12.34000015258789,0.0,0.0,0.0,0.0379999987781047,30.931999873369932,11.923499216208295,2008-05-09 00:00:00
300517.986400001,205113.4815,59344.0,5277.0,Landslide Hazard Mapping,Buncombe,Oteen,2008-05-12,,,,Rock,Slide - translational,,,,Road cut,,,,{784A459F-48C5-436E-924D-A0C219B9612B},2008-05-12,1,1.6399666628955554,15.406999588012695,4.51800012588501,3.072999954223633,11.527000188827516,11.527000188827516,49.19899988686666,23.52909390796879,2008-05-12 00:00:00
301058.217699997,206489.137899999,59345.0,5286.0,Landslide Hazard Mapping,Buncombe,Oteen,2008-05-16,,,,Debris,Slide,,,,Road embankment,,,,{275D0049-77D2-4B59-B10C-A63C20796709},2008-05-16,1,1.5303333358218272,14.347000122070312,1.8639999628067017,1.8639999628067017,1.8639999628067017,17.1069997549057,45.91000007465482,20.430280443658436,2008-05-16 00:00:00
293909.478100002,218085.186700001,59447.0,5341.0,Landslide Hazard Mapping,Buncombe,Craggy Pinnacle,2008-05-28,,,Extremely rapid (>5 m/sec),Debris,Flow,,,,Unmodified,,,,{1CA08478-F865-4A73-971B-6AABA62B5ED0},2008-05-28,1,2.278499970709284,14.616999626159668,0.0320000015199184,0.0320000015199184,0.0320000015199184,7.1509999595582485,68.35499912127852,23.71465740471129,2008-05-28 00:00:00
294042.049999997,218357.054099999,59448.0,5342.0,Landslide Hazard Mapping,Buncombe,Craggy Pinnacle,2008-05-28,,,,Debris,Slide,,,,Stream bank,,,,{6821E828-7794-4160-83A0-F81853647AC7},2008-05-28,1,2.278499970709284,14.616999626159668,0.0320000015199184,0.0320000015199184,0.0320000015199184,7.1509999595582485,68.35499912127852,23.71465740471129,2008-05-28 00:00:00
303291.605700001,215757.0057,59350.0,5309.0,Landslide Hazard Mapping,Buncombe,Craggy Pinnacle,2008-06-10,,,,Debris,Slide - translational,,,,Unmodified,,,,{5AC855E8-928C-4317-A594-C70E3AAE9D19},2008-06-10,1,2.2444999953111013,15.281000137329102,0.3470000028610229,0.0,0.3470000028610229,0.3470000028610229,67.33499985933304,19.1506525498518,2008-06-10 00:00:00
295407.023599997,225511.904300001,58904.0,5311.0,Landslide Hazard Mapping,Buncombe,Craggy Pinnacle,2008-06-12,,,,Debris,Slide,Extremely rapid (>5 m/sec),Debris,Flow,Unmodified,,,,{AD7C2688-143C-4371-90E9-F7A9CA70E483},2008-06-12,1,1.7176332929637284,12.49899959564209,8.670999526977539,8.670999526977539,9.274999499320984,9.98099946975708,51.52899878891185,20.459679421857786,2008-06-12 00:00:00
296246.235799998,225194.9318,58905.0,5314.0,Landslide Hazard Mapping,Buncombe,Craggy Pinnacle,2008-06-17,,,,Weathered rock,Slide - translational,,,,Road cut,,,,{F0DB6C48-1B66-4EC3-BBAA-48C09A86E45F},2008-06-17,1,1.776633293585231,12.65999984741211,12.65999984741211,0.0,12.65999984741211,21.934999346733093,53.29899880755693,24.91811154164535,2008-06-17 00:00:00
302154.211199999,223446.800799999,59449.0,5343.0,Landslide Hazard Mapping,Buncombe,Craggy Pinnacle,2008-06-23,,,,Debris,Slide,,,,Road embankment,,,,{6B6CFFFD-F96F-45CF-A747-763CD9DC60D1},2008-06-23,1,1.2604333356022834,11.75,0.7260000109672546,0.7260000109672546,0.8500000089406967,0.8500000089406967,37.813000068068504,12.793125248881877,2008-06-23 00:00:00
296247.481899999,228672.003899999,59446.0,5317.0,Landslide Hazard Mapping,Buncombe,Barnardsville,2008-06-25,,,Extremely rapid (>5 m/sec),Debris,Flow,,,,Unmodified,,,,{1DAFCDBD-573A-4A9F-ABF9-B3322D4B1176},2008-06-25,1,1.3856666377745568,12.65999984741211,2.188999891281128,0.0,2.9089999198913574,3.3059999346733093,41.569999133236706,15.781263056007646,2008-06-25 00:00:00
296269.931100003,228713.737500001,59351.0,5316.0,Landslide Hazard Mapping,Buncombe,Barnardsville,2008-06-25,,,,Debris,Slide,Extremely rapid (>5 m/sec),Debris,Flow,Unmodified,,,,{65F254DD-DEDD-47B5-BBEC-723EFAC0917B},2008-06-25,1,1.3856666377745568,12.65999984741211,2.188999891281128,0.0,2.9089999198913574,3.3059999346733093,41.569999133236706,15.781263056007646,2008-06-25 00:00:00
300484.553300001,233787.068399999,59526.0,5362.0,Landslide Hazard Mapping,Buncombe,Barnardsville,2008-06-30,,Inactive - dormant,Extremely slow (<16 mm/yr),Debris,Slide - rotational,,,,Unmodified,,,,{01504657-3D84-47CA-9E99-240B6418D800},2008-06-30,1,1.7463000172710357,18.742000579833984,10.069000244140623,5.22599983215332,20.992000102996823,21.092000104486942,52.38900051813107,29.980833893810903,2008-06-30 00:00:00
300827.453599997,233842.304400001,59527.0,5363.0,Landslide Hazard Mapping,Buncombe,Barnardsville,2008-06-30,,,Extremely rapid (>5 m/sec),Debris,Flow,,,,Unmodified,,,,{FF8147D4-30D3-420D-B5B0-06FB2E781C5C},2008-06-30,1,1.7463000172710357,18.742000579833984,10.069000244140623,5.22599983215332,20.992000102996823,21.092000104486942,52.38900051813107,29.980833893810903,2008-06-30 00:00:00
297406.575366076,231632.982416316,59522.0,5369.0,Landslide Hazard Mapping,Buncombe,Barnardsville,2008-07-15,,Active,Very slow (>16 mm/yr),Debris,Slide - rotational,,,,Unmodified,,,,{DAA6C92E-A591-419D-ADEC-6D7131FDA2DA},2008-07-15,1,3.0819000214338304,20.496000289916992,20.496000289916992,20.496000289916992,20.496000289916992,47.04700040817261,92.45700064301492,53.210344341112155,2008-07-15 00:00:00
305455.534900002,232466.445099998,59523.0,5370.0,Landslide Hazard Mapping,Buncombe,Mount Mitchell,2008-07-16,,,,Debris,Slide,,,,Road cut,,,,{33B9CB68-E69F-4E9C-8356-EB8E86396127},2008-07-16,1,2.6409666871031123,14.19200038909912,14.19200038909912,0.0,14.19200038909912,43.42300081253052,79.22900061309338,45.62460388425352,2008-07-16 00:00:00
305517.819499999,232452.343800001,59524.0,5371.0,Landslide Hazard Mapping,Buncombe,Mount Mitchell,2008-07-16,,,,Debris,Slide,,,,Road cut,,,,{4254660D-ACB7-422F-BD86-22E23A703C5E},2008-07-16,1,2.6409666871031123,14.19200038909912,14.19200038909912,0.0,14.19200038909912,43.42300081253052,79.22900061309338,45.62460388425352,2008-07-16 00:00:00
305573.038800001,232459.2412,59525.0,5372.0,Landslide Hazard Mapping,Buncombe,Mount Mitchell,2008-07-16,,,,Debris,Slide,,,,Road cut,,,,{3D2A2D72-7231-42EB-B9DF-0260F45A8031},2008-07-16,1,2.6409666871031123,14.19200038909912,14.19200038909912,0.0,14.19200038909912,43.42300081253052,79.22900061309338,45.62460388425352,2008-07-16 00:00:00
305607.573600002,232509.579,59528.0,5373.0,Landslide Hazard Mapping,Buncombe,Mount Mitchell,2008-07-16,,,,Debris,Slide,,,,Road cut,,,,{5AA9A5FC-E404-4754-8D88-30E690C187BB},2008-07-16,1,2.6409666871031123,14.19200038909912,14.19200038909912,0.0,14.19200038909912,43.42300081253052,79.22900061309338,45.62460388425352,2008-07-16 00:00:00
305705.297300003,232516.479600001,59529.0,5374.0,Landslide Hazard Mapping,Buncombe,Mount Mitchell,2008-07-16,,,,Debris,Slide,,,,Road cut,,,,{476A55C9-1D1F-4B8D-A9A7-2843D2990F67},2008-07-16,1,2.6409666871031123,14.19200038909912,14.19200038909912,0.0,14.19200038909912,43.42300081253052,79.22900061309338,45.62460388425352,2008-07-16 00:00:00
305971.809299998,232479.033100002,59531.0,5376.0,Landslide Hazard Mapping,Buncombe,Mount Mitchell,2008-07-16,,,,Debris,Slide,,,,Road cut,,,,{EA9FA635-13F8-4EE4-9862-8CE924C5570E},2008-07-16,1,2.6409666871031123,14.19200038909912,14.19200038909912,0.0,14.19200038909912,43.42300081253052,79.22900061309338,45.62460388425352,2008-07-16 00:00:00
306003.361599997,232649.697000001,59530.0,5375.0,Landslide Hazard Mapping,Buncombe,Mount Mitchell,2008-07-16,,,,Debris,Slide,,,,Road cut,,,,{D7BB6E44-9226-4C8A-9AA4-56A4AE152E5A},2008-07-16,1,2.6409666871031123,14.19200038909912,14.19200038909912,0.0,14.19200038909912,43.42300081253052,79.22900061309338,45.62460388425352,2008-07-16 00:00:00
306223.857799999,232684.973200001,59532.0,5377.0,Landslide Hazard Mapping,Buncombe,Mount Mitchell,2008-07-17,,,,Debris,Slide,,,,Road cut,,,,{7473A2E2-CD53-402F-8F9E-8E172C17F673},2008-07-17,1,2.6409666871031123,14.19200038909912,14.19200038909912,0.0,14.19200038909912,37.582000732421875,79.22900061309338,42.47937051536804,2008-07-17 00:00:00
306380.304399997,232722.309300002,59533.0,5378.0,Landslide Hazard Mapping,Buncombe,Mount Mitchell,2008-07-17,,,,Debris,Slide,,,,Road cut,,,,{EE2845DF-FF92-44F1-86F9-D9C170DEB674},2008-07-17,1,2.6409666871031123,14.19200038909912,14.19200038909912,0.0,14.19200038909912,37.582000732421875,79.22900061309338,42.47937051536804,2008-07-17 00:00:00
301288.633400001,230783.271600001,60606.0,5570.0,Landslide Hazard Mapping,Buncombe,Barnardsville,2008-07-21,,,,Debris,Slide,,,,Unmodified,,,,{CAB65C5E-B6FE-4B3E-AB3E-F394BA1F76CA},2008-07-21,1,2.708599983652433,19.60199928283691,0.0,0.0,0.0,19.60199928283691,81.25799950957298,34.3157991282926,2008-07-21 00:00:00
301321.916000001,230854.173799999,60607.0,5571.0,Landslide Hazard Mapping,Buncombe,Barnardsville,2008-07-21,,Active,Very slow (>16 mm/yr),Debris,Slide - rotational,,,,Cut slope - Not road related,,,,{633966AD-CEF1-4180-AEA5-FDD581095A5B},2008-07-21,1,2.708599983652433,19.60199928283691,0.0,0.0,0.0,19.60199928283691,81.25799950957298,34.3157991282926,2008-07-21 00:00:00
301363.111500002,231097.4265,60608.0,5572.0,Landslide Hazard Mapping,Buncombe,Barnardsville,2008-07-21,,Active,Very slow (>16 mm/yr),Debris,Slide - rotational,,,,Cut slope - Not road related,,,,{B6F82E37-B53D-4F2A-8A82-00E83C61E887},2008-07-21,1,2.708599983652433,19.60199928283691,0.0,0.0,0.0,19.60199928283691,81.25799950957298,34.3157991282926,2008-07-21 00:00:00
270001.5929,213416.250599999,59242.0,4519.0,Landslide Hazard Mapping,Buncombe,Enka,2008-08-20,,,,Weathered rock,Slide - rotational,,,,Unmodified,,,,{5D47C727-F3CF-4B50-AFAE-D6F0E1970229},2008-08-20,1,0.7885666819056496,5.583000183105469,1.968000054359436,0.0,1.971000054385513,5.707000115420669,23.657000457169488,7.687023845816705,2008-08-20 00:00:00
270015.888099998,213422.704599999,59666.0,5403.0,Landslide Hazard Mapping,Buncombe,Enka,2008-08-20,,,,Weathered rock,Slide - rotational,,,,Unmodified,,,,{7E06C526-318F-49B7-B1C6-9316EB6AFCF7},2008-08-20,1,0.7885666819056496,5.583000183105469,1.968000054359436,0.0,1.971000054385513,5.707000115420669,23.657000457169488,7.687023845816705,2008-08-20 00:00:00
310987.518399999,222342.267200001,60594.0,5496.0,Landslide Hazard Mapping,Buncombe,Montreat,2008-09-09,,,,Debris,Slide,,,,Road embankment,,,,{0803EDC5-810D-47A0-9851-8CA2747E7465},2008-09-09,1,13.99106676230828,216.7310028076172,0.0,0.0,0.0,6.355000019073486,419.7320028692484,187.70398985840288,2008-09-09 00:00:00
311107.591700003,223015.5121,60596.0,5498.0,Landslide Hazard Mapping,Buncombe,Montreat,2008-09-09,,,,Debris,Slide,Extremely rapid (>5 m/sec),Debris,Flow,Road embankment,,,,{08325343-C450-42B1-97A8-CECF0E49EFE6},2008-09-09,1,13.99106676230828,216.7310028076172,0.0,0.0,0.0,6.355000019073486,419.7320028692484,187.70398985840288,2008-09-09 00:00:00
311743.630800001,222401.400899999,60595.0,5497.0,Landslide Hazard Mapping,Buncombe,Montreat,2008-09-09,,,,Debris,Slide,,,,Road embankment,,,,{233732AC-0CC1-4B82-B145-B739A80B241E},2008-09-09,1,13.99106676230828,216.7310028076172,0.0,0.0,0.0,6.355000019073486,419.7320028692484,187.70398985840288,2008-09-09 00:00:00
289431.754600003,217625.019200001,60598.0,5500.0,Landslide Hazard Mapping,Buncombe,Weaverville,2008-09-12,,,,Debris,Slide - translational,,,,Road embankment,,,,{EBE86D25-4D58-4E8D-9246-064698439AE1},2008-09-12,1,4.5368333260218305,66.88999938964844,11.303999900817873,11.303999900817873,17.111999988555908,17.111999988555908,136.1049997806549,57.08178790560492,2008-09-12 00:00:00
305738.023699999,223483.730300002,60601.0,5503.0,Blue Ridge Parkway,Buncombe,Montreat,2008-09-18,,,,Debris,Slide,,,,Road embankment,,,,{75BB6FB1-BC6B-4BEB-B036-64B38FCB20A0},2008-09-18,1,8.814566779881716,110.53800201416016,3.913000106811523,1.784999966621399,6.296000063419342,25.33400070667267,264.4370033964515,80.89227340826628,2008-09-18 00:00:00
309751.676099966,224938.629746313,60602.0,5504.0,Blue Ridge Parkway,Buncombe,Montreat,2008-09-18,,,Extremely rapid (>5 m/sec),Debris,Flow,,,,Road embankment,,,,{8CDE61D5-0D78-4799-BFF2-1D2CC4567C07},2008-09-18,1,9.798833285885244,127.21299743652344,4.559999942779541,2.549999952316284,8.644999861717224,23.222999572753903,293.96499857655726,89.3705758439998,2008-09-18 00:00:00
310294.971100003,224583.321199998,58892.0,2296.0,Blue Ridge Parkway,Buncombe,Montreat,2008-09-18,,,,Debris,Slide,Extremely rapid (>5 m/sec),Debris,Flow,Unmodified,,,,{8B6046B7-F692-42CA-BE14-E42AFC23E347},2008-09-18,1,11.946766803661982,155.9810028076172,4.642000198364258,2.7279999256134033,9.61300015449524,24.18600058555603,358.40300410985947,107.0697769268706,2008-09-18 00:00:00
291410.435599998,221995.1741,59190.0,5505.0,Landslide Hazard Mapping,Buncombe,Weaverville,2008-09-25,,,,Debris,Slide,Extremely rapid (>5 m/sec),Debris,Flow,Unmodified,,,,{7F566468-B850-4E5F-AD19-E1D3024B7271},2008-09-25,1,4.686033325549215,61.90399932861328,0.0,0.0,0.0,0.0,140.58099976647645,26.467971205849093,2008-09-25 00:00:00
292607.376900002,221308.852899998,59191.0,5506.0,Landslide Hazard Mapping,Buncombe,Weaverville,2008-09-25,,,,Debris,Slide - translational,,,,Road cut,,,,{682DD932-259B-420D-A390-4EFAB5F10AC0},2008-09-25,1,4.686033325549215,61.90399932861328,0.0,0.0,0.0,0.0,140.58099976647645,26.467971205849093,2008-09-25 00:00:00
292418.915100001,218864.933400001,60603.0,5526.0,Landslide Hazard Mapping,Buncombe,Weaverville,2008-09-30,,,,Debris,Slide - translational,,,,Road embankment,,,,{2BDD6703-1F15-4EC3-A842-2E1AC369E512},2008-09-30,1,1.9364333296815557,19.832000732421875,19.832000732421875,0.0,19.832000732421875,19.832000732421875,58.09299989044666,26.559490302793296,2008-09-30 00:00:00
289221.290700004,212651.340399999,60604.0,5533.0,Landslide Hazard Mapping,Buncombe,Asheville,2008-10-01,,,,Debris,Slide,,,,Road cut,,,,{9515886B-2012-4BD9-86BD-C9321F075B8E},2008-10-01,1,1.2918666758264103,14.751999855041504,0.0120000001043081,0.0,0.0120000001043081,8.798000251874328,38.756000274792314,14.005227390067729,2008-10-01 00:00:00
292565.325000003,224533.0211,60605.0,5562.0,Landslide Hazard Mapping,Buncombe,Weaverville,2008-10-07,,,,Debris,Slide,Extremely rapid (>5 m/sec),Debris,Flow,Unmodified,,,,{08E5AF02-473B-4C73-B365-A722341E48D1},2008-10-07,1,1.5252000193033988,13.94200038909912,0.0,0.0,0.0,3.2890000343322754,45.756000579101965,14.32354457055789,2008-10-07 00:00:00
292608.238799997,224535.7238,58790.0,5563.0,Landslide Hazard Mapping,Buncombe,Weaverville,2008-10-07,,,,Debris,Slide,Extremely rapid (>5 m/sec),Debris,Flow,Unmodified,,,,{567DDA27-5F07-4F8E-A501-757E36020706},2008-10-07,1,1.5252000193033988,13.94200038909912,0.0,0.0,0.0,3.2890000343322754,45.756000579101965,14.32354457055789,2008-10-07 00:00:00
292623.145099998,224534.864300001,58791.0,5564.0,Landslide Hazard Mapping,Buncombe,Weaverville,2008-10-07,,,,Debris,Slide,Extremely rapid (>5 m/sec),Debris,Flow,Unmodified,,,,{C59A90E1-7B47-42BB-89BD-0EBF971D7A7F},2008-10-07,1,1.5252000193033988,13.94200038909912,0.0,0.0,0.0,3.2890000343322754,45.756000579101965,14.32354457055789,2008-10-07 00:00:00
292732.409699999,224588.732700001,58792.0,5565.0,Landslide Hazard Mapping,Buncombe,Weaverville,2008-10-07,,,,Debris,Slide,Extremely rapid (>5 m/sec),Debris,Flow,Unmodified,,,,{9B03776F-9FC1-43D3-BF4E-5CB897BECF11},2008-10-07,1,1.5252000193033988,13.94200038909912,0.0,0.0,0.0,3.2890000343322754,45.756000579101965,14.32354457055789,2008-10-07 00:00:00
294492.468599997,221387.920200001,60609.0,5574.0,Landslide Hazard Mapping,Buncombe,Craggy Pinnacle,2008-10-09,,,,Debris,Slide,Extremely rapid (>5 m/sec),Debris,Flow,Unmodified,,,,{7F858DCD-B9FC-4104-825E-9C3033E4F312},2008-10-09,1,1.5536666850481804,13.94200038909912,0.8539999723434448,0.8539999723434448,0.8539999723434448,0.8539999723434448,46.61000055144541,13.270764206646788,2008-10-09 00:00:00
294492.894299999,221449.072299998,60610.0,5575.0,Landslide Hazard Mapping,Buncombe,Craggy Pinnacle,2008-10-09,,,,Debris,Slide,Extremely rapid (>5 m/sec),Debris,Flow,Unmodified,,,,{E4E6E8BE-FABA-4639-A412-801454886DB9},2008-10-09,1,1.5536666850481804,13.94200038909912,0.8539999723434448,0.8539999723434448,0.8539999723434448,0.8539999723434448,46.61000055144541,13.270764206646788,2008-10-09 00:00:00
294543.634923846,221202.254578511,60611.0,5576.0,Landslide Hazard Mapping,Buncombe,Craggy Pinnacle,2008-10-09,,,Extremely rapid (>5 m/sec),Debris,Flow,,,,Road cut,,,,{4471EE1E-99B0-407C-B622-3E7DA2886A4E},2008-10-09,1,1.5536666850481804,13.94200038909912,0.8539999723434448,0.8539999723434448,0.8539999723434448,0.8539999723434448,46.61000055144541,13.270764206646788,2008-10-09 00:00:00
315217.255199999,198839.6877,60612.0,5577.0,Landslide Hazard Mapping,Buncombe,Lake Lure,2008-10-15,,,,Debris,Slide - translational,,,,Road embankment,,,,{2D19FBA9-97A8-4642-AF94-BB1E65602E50},2008-10-15,1,3.0855332308836902,57.551998138427734,0.0,0.0,0.0,18.19899912481196,92.5659969265107,34.46095643863437,2008-10-15 00:00:00
273955.661906714,199308.350719446,61424.0,201707060001.0,Geohazards,Buncombe,Dunsmore Mtn,2008-10-16,,Inactive,,Debris,Flow,,,,Road embankment,,,,{5A74E0AE-8DE5-421D-8102-DD738651ECF0},2008-10-16,1,0.6575333420187235,7.809000015258789,0.0,0.0,0.0,6.154000144451857,19.726000260561705,8.481045069028097,2008-10-16 00:00:00
274029.764899999,199395.889199998,60614.0,5588.0,Landslide Hazard Mapping,Buncombe,Dunsmore Mountain,2008-10-16,,,Extremely rapid (>5 m/sec),Debris,Flow,,,,Unmodified,,,,{F20F40B0-8CA6-4FE7-AB39-2CC977564B8F},2008-10-16,1,0.6575333420187235,7.809000015258789,0.0,0.0,0.0,6.154000144451857,19.726000260561705,8.481045069028097,2008-10-16 00:00:00
308926.512699999,214992.545600001,57991.0,358.0,Landslide Hazard Mapping,Buncombe,Montreat,2008-10-21,,,Extremely rapid (>5 m/sec),Debris,Flow,,,,Unmodified,,,,{775B6499-0609-4AC5-86E0-10EA5C8D0B29},2008-10-21,1,2.4278333815940036,49.14300155639648,2.884999990463257,0.0,2.884999990463257,5.266999959945679,72.8350014478201,21.47825296368603,2008-10-21 00:00:00
309236.451200001,214885.717500001,58910.0,5301.0,Landslide Hazard Mapping,Buncombe,Montreat,2008-10-21,,,Extremely rapid (>5 m/sec),Debris,Flow,,,,Road embankment,,,,{9A002E87-2A58-4C04-9355-A1362C8555FB},2008-10-21,1,2.4278333815940036,49.14300155639648,2.884999990463257,0.0,2.884999990463257,5.266999959945679,72.8350014478201,21.47825296368603,2008-10-21 00:00:00
310898.594400004,215010.795499999,58906.0,5297.0,Landslide Hazard Mapping,Buncombe,Montreat,2008-10-21,,,,Rock,Slide,,,,Cut slope - Not road related,,,,{316C7DA0-E7D2-4DFE-BC26-B72670C47358},2008-10-21,1,2.9747333207478124,61.98699951171875,3.309999942779541,0.0,3.309999942779541,5.656999826431274,89.24199962243438,25.694524506767515,2008-10-21 00:00:00
310942.372097208,214897.208799311,58907.0,5298.0,Landslide Hazard Mapping,Buncombe,Montreat,2008-10-21,,,,Weathered rock,Slide,,,,Cut slope - Not road related,,,,{D63BB609-0530-4CA2-B072-E9558AB51026},2008-10-21,1,2.9747333207478124,61.98699951171875,3.309999942779541,0.0,3.309999942779541,5.656999826431274,89.24199962243438,25.694524506767515,2008-10-21 00:00:00
312896.266000003,204623.284699999,60619.0,5604.0,Landslide Hazard Mapping,Buncombe,Black Mountain,2008-10-22,,,Extremely rapid (>5 m/sec),Debris,Flow,,,,Unmodified,,,,{EB074877-BE10-4A0C-91EF-E04957FD0105},2008-10-22,1,2.9513667285442353,60.58000183105469,0.0,0.0,0.0,4.981000065803528,88.54100185632706,23.13890709585306,2008-10-22 00:00:00
312917.055699997,204596.292300001,60618.0,5603.0,Landslide Hazard Mapping,Buncombe,Black Mountain,2008-10-22,,,Extremely rapid (>5 m/sec),Debris,Flow,,,,Unmodified,,,,{BE32A648-F038-420D-B81F-310147D41C9E},2008-10-22,1,2.9513667285442353,60.58000183105469,0.0,0.0,0.0,4.981000065803528,88.54100185632706,23.13890709585306,2008-10-22 00:00:00
277934.0942,217050.397700001,58080.0,453.0,Landslide Hazard Mapping,Buncombe,Leicester,2008-10-23,,,,Rock,Slide - translational,,,,Road cut,,,,{BA7BDA0E-5492-4D83-A7BF-9DB46FC0BBB2},2008-10-23,1,0.8593999743461609,12.49899959564209,0.0,0.0,0.0,1.1819999814033508,25.781999230384827,8.305355930222666,2008-10-23 00:00:00
309313.1796,209293.983899999,58776.0,5627.0,Landslide Hazard Mapping,Buncombe,Black Mountain,2008-10-29,,,,Debris,Slide - translational,,,,Stream bank,,,,{8E54F170-C8F2-41BF-B2BA-B840B7BD0C55},2008-10-29,1,1.6195666680733365,24.972999572753903,0.593999981880188,0.593999981880188,0.593999981880188,25.958999544382095,48.58700004220009,27.650974550279106,2008-10-29 00:00:00
309325.902800001,209349.170499999,58775.0,5626.0,Landslide Hazard Mapping,Buncombe,Black Mountain,2008-10-29,,,,Debris,Slide - translational,,,,Stream bank,,,,{417BB890-09DD-40D8-AEFF-525B99D5FA1F},2008-10-29,1,1.6195666680733365,24.972999572753903,0.593999981880188,0.593999981880188,0.593999981880188,25.958999544382095,48.58700004220009,27.650974550279106,2008-10-29 00:00:00
316836.361500002,201486.9593,58774.0,5625.0,Landslide Hazard Mapping,Buncombe,Moffitt Hill,2008-10-29,,,Extremely rapid (>5 m/sec),Debris,Flow,,,,Unmodified,,,,{5997E835-6433-467E-8893-5C740908652A},2008-10-29,1,2.49540003935496,40.547000885009766,0.5529999732971191,0.5529999732971191,0.5529999732971191,41.60200083255768,74.8620011806488,42.59588314375498,2008-10-29 00:00:00
270295.457400002,209747.645,58781.0,5632.0,Landslide Hazard Mapping,Buncombe,Enka,2008-10-30,,,,Debris,Slide - translational,,,,Road cut,,,,{250DD2EF-27D3-411F-853B-C6FBDFD3749A},2008-10-30,1,1.1722999935348828,14.178999900817873,0.1169999986886978,0.0,0.1169999986886978,14.807999923825264,35.168999806046486,15.255792586048727,2008-10-30 00:00:00
270568.828599997,209322.791000001,58780.0,5631.0,Landslide Hazard Mapping,Buncombe,Enka,2008-10-30,,,Extremely rapid (>5 m/sec),Debris,Flow,,,,Unmodified,,,,{1A6DA099-D9A9-4AE9-AEAF-70241A993909},2008-10-30,1,1.1722999935348828,14.178999900817873,0.1169999986886978,0.0,0.1169999986886978,14.807999923825264,35.168999806046486,15.255792586048727,2008-10-30 00:00:00
270577.793399997,209363.307500001,58779.0,5630.0,Landslide Hazard Mapping,Buncombe,Enka,2008-10-30,,,Extremely rapid (>5 m/sec),Debris,Flow,,,,Unmodified,,,,{659D2F99-FB13-4067-ADD8-BA3FED96D441},2008-10-30,1,1.1722999935348828,14.178999900817873,0.1169999986886978,0.0,0.1169999986886978,14.807999923825264,35.168999806046486,15.255792586048727,2008-10-30 00:00:00
293920.939599998,219107.077100001,58231.0,368.0,Landslide Hazard Mapping,Buncombe,Craggy Pinnacle,2008-11-05,,,,Debris,Slide - rotational,,,,Unmodified,,,,{9DABBEC1-A4C8-4B9D-B43A-E7EC540DEA5E},2008-11-05,1,0.942233325789372,13.505000114440918,0.0,0.0,0.0,0.7940000295639038,28.266999773681164,8.8673053288153,2008-11-05 00:00:00
293947.124600001,219200.0715,58232.0,369.0,Landslide Hazard Mapping,Buncombe,Craggy Pinnacle,2008-11-05,,,,Debris,Slide - translational,,,,Unmodified,,,,{044DC650-8966-40B0-BF8D-23D1AB7B9D2C},2008-11-05,1,0.942233325789372,13.505000114440918,0.0,0.0,0.0,0.7940000295639038,28.266999773681164,8.8673053288153,2008-11-05 00:00:00
294057.405500002,219095.731699999,57994.0,360.0,Landslide Hazard Mapping,Buncombe,Craggy Pinnacle,2008-11-05,,,,Debris,Slide - rotational,,,,Cut slope - Not road related,,,,{5A76F205-C366-4D9E-9F58-CBB3161CE174},2008-11-05,1,0.942233325789372,13.505000114440918,0.0,0.0,0.0,0.7940000295639038,28.266999773681164,8.8673053288153,2008-11-05 00:00:00
302944.310900003,231811.638799999,59241.0,4518.0,Landslide Hazard Mapping,Buncombe,Barnardsville,2008-12-18,,,,Debris,Slide - rotational,,,,Unmodified,,,,{A006AA0A-6B85-40BF-82B0-8DF8E5EEBC45},2008-12-18,1,3.917766708259782,35.81700134277344,7.1020002365112305,7.1020002365112305,12.413000106811523,77.19700169563293,117.53300124779344,72.43693009232847,2008-12-18 00:00:00
277523.506399997,196775.540100001,59230.0,5324.0,Landslide Hazard Mapping,Buncombe,Dunsmore Mountain,2009-04-23,,,,Debris,Slide,,,,Stream bank,,,,{B80664F5-4368-40C7-B867-552B235A7E1D},2009-04-23,1,5.362766659756502,32.090999603271484,23.902000427246097,0.3529999852180481,24.646000415086743,24.646000415086743,160.88299979269505,62.53261811022618,2009-04-23 00:00:00
291331.167599998,211088.996599998,60918.0,6058.0,Landslide Hazard Mapping,Buncombe,Asheville,2009-09-01,,Suspended,Extremely rapid (>5 m/sec),Weathered rock,Slide - translational,,,,Road cut,,,,{EF81AEA3-9C0F-4877-ABFA-5135EE968D52},2009-09-01,1,4.169266690678584,19.690000534057617,12.718000411987305,12.718000411987305,17.90500020980835,30.31600058078766,125.07800072035752,54.87185682718619,2009-09-01 00:00:00
289250.20949911,210730.500303959,61048.0,201002241001.0,Landslide Hazard Mapping,Buncombe,Asheville,2010-02-24,,Inactive,Extremely rapid (>5 m/sec),Weathered rock,Slide - translational,,,,Cut slope - Not road related,,,,{12805D41-13F8-4FD8-8BDA-C4FE191833D1},2010-02-24,1,4.858366612593333,38.61399841308594,5.941999912261963,0.0,5.941999912261963,6.59499990940094,145.7509983778,37.97488696568714,2010-02-24 00:00:00
307462.915063701,205234.960509667,60926.0,201010071001.0,Landslide Hazard Mapping,Buncombe,,2010-10-07,,Inactive,Extremely rapid (>5 m/sec),Debris,Flow,,,,Road embankment,,,,{ACB055E1-C881-4FA8-88D7-4D19B2ED0264},2010-10-07,1,3.200766654809316,26.51099967956543,0.0,0.0,0.0,12.151999592781069,96.02299964427948,45.316285694978674,2010-10-07 00:00:00
267626.133400001,210050.288600001,59140.0,5049.0,Landslide Hazard Mapping,Buncombe,Canton,2011-02-21,,Inactive,Extremely rapid (>5 m/sec),Debris,Flow,,,,Embankment - Not road related,4.0,,,{D877E75A-6F14-45A7-BB24-A5BF1FB84CCA},2011-02-21 00:00:00,1,1.5843667030334472,23.50900077819824,0.0,0.0,0.0,0.0,47.53100109100342,12.809790238531194,2011-02-21 00:00:00
280637.656781739,211981.6408623,61401.0,201609270001.0,Geohazards,Buncombe,Enka,2012-10-04,,Inactive,Very rapid (>3 m/min),Debris,Flow,,,,Embankment - Not road related,,,,{9959B948-6034-420C-A2DF-88E1692370B1},2012-10-04 00:00:00,1,4.464399979511897,46.584999084472656,31.617000579833984,2.1579999923706055,35.635000586509705,43.04500067234039,133.9319993853569,68.95584035357396,2012-10-04 00:00:00
317829.703805999,202407.266679175,61334.0,201412140001.0,Geohazards,Buncombe,Moffitt Hill,2014-12-14,2013-01-14 17:00:00,Inactive,Extremely rapid (>5 m/sec),Debris,Flow,,,,Road embankment,,,,{C2664535-9163-4EE6-ADFE-C254AA9CD5A2},2013-01-14 17:00:00,1,5.164900083933025,55.185001373291016,5.0279998779296875,0.006000000052154,9.657000022940338,9.908000010065734,154.94700251799077,46.981663624822154,2013-01-14 17:00:00
300433.077336856,215234.540436716,61473.0,20180323001.0,Geohazards,Buncombe,Craggy Pinnacle,2013-03-23,,Active,Rapid (>1.8 m/hr),Debris,Slide,,,,Cut slope - Not road related,,,,{18196DDF-2195-4A28-806D-79A79454F016},2013-03-23 00:00:00,1,3.5118999463661265,26.774999618530273,0.0289999991655349,0.0,0.0289999991655349,12.817999556660652,105.3569983909838,37.49932541302787,2013-03-23 00:00:00
293926.645089061,218928.110342857,61228.0,201305060001.0,Geohazards,Buncombe,Craggy Pinnacle,2013-05-06,,Active,Slow (>1.6 m/yr),Debris,Slide,,,,Cut slope - Not road related,,,,{9DEBDDF6-92EA-4551-A15C-C4A2D28E1C77},2013-05-06 00:00:00,1,5.8756999945733694,58.439998626708984,23.70400047302246,23.70400047302246,24.852000530809164,67.98000067099929,176.2709998372011,86.42325893375411,2013-05-06 00:00:00
280448.375807977,211973.085958389,61340.0,201307020001.0,Landslide Hazard Mapping,Buncombe,Enka,2013-07-02,,Active,Very slow (>16 mm/yr),Debris,Slide,,,,Road embankment,,,,{21A8CBE2-13CB-41CE-8261-2B24F739DC5F},2013-07-02 00:00:00,1,5.222033259272576,49.71799850463867,6.10699987411499,6.10699987411499,6.640999853610992,19.27999970316887,156.66099777817726,48.48030708915034,2013-07-02 00:00:00
280554.553510682,211977.871437984,61341.0,201307020002.0,Geohazards,Buncombe,Enka,2013-07-02,,Inactive,Very slow (>16 mm/yr),Debris,Slide,,,,Road embankment,,,,{597AF764-E7EB-4B05-87E2-6726C103F14A},2013-07-02 00:00:00,1,5.222033259272576,49.71799850463867,6.10699987411499,6.10699987411499,6.640999853610992,19.27999970316887,156.66099777817726,48.48030708915034,2013-07-02 00:00:00
280634.130680968,212007.546965286,61342.0,201307020003.0,Geohazards,Buncombe,Enka,2013-07-02,,Active,Very slow (>16 mm/yr),Debris,Slide,,,,Road embankment,,,,{5078FB7E-A157-4488-98DE-D5BB72E77F22},2013-07-02 00:00:00,1,5.222033259272576,49.71799850463867,6.10699987411499,6.10699987411499,6.640999853610992,19.27999970316887,156.66099777817726,48.48030708915034,2013-07-02 00:00:00
288973.226063689,212937.465280502,61170.0,201401170001.0,Geohazards,Buncombe,Asheville,2014-01-17,2013-07-04 05:00:00,Active,,Debris,Slide,,,,Embankment - Not road related,,,,{D5FC4294-5F4E-43CB-86C8-5088A78683F4},2013-07-04 05:00:00,1,5.890833316246669,53.96599960327149,23.441999435424805,12.196999549865724,56.61099910736084,64.47599893808365,176.72499948740003,81.02554442861992,2013-07-04 05:00:00
289502.618598251,211942.336551483,61225.0,201402280001.0,Geohazards,Buncombe,Asheville,2014-02-28,2013-07-04 05:00:00,Inactive,,Debris,Slide,,,,Road embankment,,,,{55BDD401-AD50-4701-A941-706FEDAEAB93},2013-07-04 05:00:00,1,5.890833316246669,53.96599960327149,23.441999435424805,12.196999549865724,56.61099910736084,64.47599893808365,176.72499948740003,81.02554442861992,2013-07-04 05:00:00
288837.146417919,211534.740561249,61447.0,201710030002.0,Geohazards,Buncombe,Asheville,2017-10-23,2013-07-04 06:00:00,Inactive - stabilized,Very rapid (>3 m/min),Debris,Slide,,,,Road cut,,,,{4EEE75D0-86AB-462F-9C9E-445ADE3FF7ED},2013-07-04 06:00:00,1,5.890833316246669,53.96599960327149,23.441999435424805,12.196999549865724,56.61099910736084,64.47599893808365,176.72499948740003,81.02554442861992,2013-07-04 06:00:00
289198.416981483,213476.88681042,61201.0,201401140001.0,Geohazards,Buncombe,Asheville,2014-01-13,2013-07-04 06:00:00,Inactive,,Debris,Slide,,,,Road unspecified,,,,{605C59E4-86E7-4202-A8A5-E1D22F4E2138},2013-07-04 06:00:00,1,5.890833316246669,53.96599960327149,23.441999435424805,12.196999549865724,56.61099910736084,64.47599893808365,176.72499948740003,81.02554442861992,2013-07-04 06:00:00
290033.180985856,213554.268133497,61233.0,201406030001.0,Geohazards,Buncombe,Asheville,2014-06-03,2013-07-04 06:00:00,Inactive,Extremely rapid (>5 m/sec),Debris,Slide,,,Flow,Road embankment,,,,{AB5BEA59-A923-42FD-83E1-C71F89D47EBC},2013-07-04 06:00:00,1,5.890833316246669,53.96599960327149,23.441999435424805,12.196999549865724,56.61099910736084,64.47599893808365,176.72499948740003,81.02554442861992,2013-07-04 06:00:00
296363.17060871,217577.442939315,61297.0,201307200001.0,Geohazards,Buncombe,Craggy Pinnacle,2013-07-20,,Inactive - stabilized,Slow (>1.6 m/yr),Debris,Slide,,,,Road embankment,,,,{D75ED673-95F6-4547-9F84-9072DE93C446},2013-07-20 00:00:00,1,13.816366765399774,67.3010025024414,17.610000610351562,0.8920000195503235,27.54700070619583,77.53100115060806,414.4910029619932,192.05009241699088,2013-07-20 00:00:00
289953.6219576,216541.148534473,61171.0,201307240001.0,Geohazards,Buncombe,Weaverville,2013-07-24,,Active,Moderate (>13 m/mo),Debris,Slide,,,,Embankment - Not road related,,,,{A41F4D13-D2CB-48CE-BA19-0456FFFBDACD},2013-07-24 00:00:00,1,12.762833234667776,67.20800018310547,6.5329999923706055,6.5329999923706055,9.216000080108644,42.77000001072883,382.88499704003334,143.05259376920122,2013-07-24 00:00:00
296868.064842677,195664.656992986,61175.0,201309160001.0,Geohazards,Buncombe,Fruitland,2013-09-16,,Inactive,Moderate (>13 m/mo),Debris,Slide,,,,Embankment - Not road related,,,,{3D73426C-8CEA-4D86-8DB1-DFA860053CDF},2013-09-16 00:00:00,1,2.488133337845405,20.802000045776367,1.7489999532699585,0.0,1.7489999532699585,7.860000014305115,74.64400013536215,21.829769615838927,2013-09-16 00:00:00
306789.103904331,213076.721157,61298.0,201401140001.0,Geohazards,Buncombe,Black Mountain,2014-01-14,,Active,Moderate (>13 m/mo),Rock,Slide - translational,,,,Road cut,,,,{2D0D0E2C-4D51-42FF-B23D-2C09248B0102},2014-01-14 00:00:00,1,5.307833325366179,60.402000427246094,23.589000701904297,0.0,39.680999755859375,43.64699977636337,159.23499976098535,67.19038764258009,2014-01-14 00:00:00
287742.409192344,206925.190331828,61202.0,201401170001.0,Geohazards,Buncombe,Asheville,2014-01-17,,Inactive,,Debris,Slide,,,,Road embankment,,,,{8F3B38D6-4208-4BA2-B214-5FD46722671D},2014-01-17 00:00:00,1,4.2136333832478465,62.01900100708008,1.0219999551773071,0.3389999866485595,1.5379999428987503,34.0620004683733,126.40900149743538,44.25321757012691,2014-01-17 00:00:00
297239.724804215,205872.07921578,61295.0,201405280001.0,Geohazards,Buncombe,Oteen,2014-05-28,,Inactive,,,,,,,Road embankment,,,,{8AB1054B-D4D3-4EF6-ABA6-60769EB186C6},2014-05-28 00:00:00,1,3.4730998913447064,36.87099838256836,2.13700008392334,2.13700008392334,3.109000086784363,4.523000121116638,104.1929967403412,33.75991094821741,2014-05-28 00:00:00
290811.318942589,197392.759144607,61239.0,201409080001.0,Geohazards,Buncombe,Skyland,2014-09-08,,Active,Slow (>1.6 m/yr),Debris,Slide,Slow (>1.6 m/yr),,,Road embankment,,,,{2416CCE1-45F4-413F-BB91-E7253FB85D11},2014-09-08 00:00:00,1,4.441166651745637,50.80500030517578,50.80500030517578,1.9170000553131104,52.72200036048889,69.2550003528595,133.23499955236912,74.23819668768844,2014-09-08 00:00:00
310539.275415073,214996.970440267,61242.0,201410160002.0,Geohazards,Buncombe,Montreat,2014-10-16,,Active,,Debris,Slide,,,,Road cut,,,,{F8B16AAF-E752-43B2-A2E9-937305EA656E},2014-10-16 00:00:00,1,5.77679999996908,81.80400085449219,81.80400085449219,81.80400085449219,99.32000064849854,108.1240005493164,173.3039999990724,125.10330812846136,2014-10-16 00:00:00
310560.06209074,215001.945029316,61241.0,201410160001.0,Geohazards,Buncombe,Montreat,2014-10-16,,Active,Very rapid (>3 m/min),Debris,Slide,,,,Road cut,,,,{AE6FA000-C7C3-4744-92D7-0E764FBDE15F},2014-10-16 00:00:00,1,5.77679999996908,81.80400085449219,81.80400085449219,81.80400085449219,99.32000064849854,108.1240005493164,173.3039999990724,125.10330812846136,2014-10-16 00:00:00
288147.520167142,217764.642080676,61243.0,201410280001.0,Geohazards,Buncombe,Weaverville,2014-10-28,,Inactive,,Debris,Slide,,,,Road embankment,,,,{0C6F130D-0ADA-425C-8E8F-B096F10A8DF0},2014-10-28 00:00:00,1,2.820600006643993,45.652000427246094,0.0,0.0,0.0,0.0020000000949949,84.6180001993198,30.408555054543825,2014-10-28 00:00:00
295650.565448852,205041.559850009,61296.0,201502130001.0,Geohazards,Buncombe,Oteen,2015-02-13,,Inactive,,,,,,,Embankment - Not road related,,,,{F0E9D672-369B-4508-8C9E-E27890DC27DD},2015-02-13 00:00:00,1,1.145700000723203,17.145999908447266,6.692999839782715,0.0,6.692999839782715,6.692999839782715,34.37100002169609,15.03755166731902,2015-02-13 00:00:00
303781.856570284,221104.758869666,61300.0,201505070001.0,Geohazards,Buncombe,Craggy Pinnacle,2015-05-07,,Inactive,Extremely rapid (>5 m/sec),Rock,Slide,,,,Road cut,,,,{D204A8CF-4CA1-4464-97CB-9FB7BEFCB006},2015-05-07 00:00:00,1,5.775000003831727,40.3120002746582,0.0,0.0,0.0,3.0730000026524067,161.70000010728836,51.212534670327045,2015-05-07 00:00:00
282443.089345855,221376.021416519,61419.0,201703310001.0,Geohazards,Buncombe,Weaverville,2017-03-31,,Inactive,Extremely rapid (>5 m/sec),Rock,Slide,,,,Road cut,,,,{86BCC534-9FF6-4ED0-9429-04825F576CDD},2017-03-31,1,2.6923333326975505,18.680999755859375,13.861000061035156,0.0,13.861000061035156,16.15500009059906,80.76999998092651,33.73668530036068,2017-03-31 00:00:00
295569.701691854,208980.027407448,61420.0,20704030001.0,Geohazards,Buncombe,Oteen,2017-04-02,,Inactive,Very slow (>16 mm/yr),Debris,Slide,,,,Road embankment,,,,{74F29166-0AF7-4604-A74F-785EBA954B15},2017-04-02,1,3.239300025937458,39.20600128173828,39.20600128173828,0.3370000123977661,39.54300129413605,57.012001156806946,97.17900077812374,61.59500226183666,2017-04-02 00:00:00
294105.708358786,219387.756904371,61434.0,20170901003.0,Geohazards,Buncombe,Craggy Pinnacle,2017-09-01,,Inactive,,Debris,Slide,,,,Unmodified,,,,{4F04E205-D3C9-4AC7-BBD3-7CCC363A077C},2017-09-01,1,3.045366665845116,22.81399917602539,5.8470001220703125,5.8470001220703125,5.9090001210570335,5.9260001219809055,91.36099997535348,27.212391654388636,2017-09-01 00:00:00
296036.679276733,219674.888286467,61432.0,20170901001.0,Geohazards,Buncombe,Craggy Pinnacle,2017-09-01,,Inactive,,Debris,Slide,,,,Unmodified,,,,{A9487F5D-E4E4-45F2-A677-E7B6845D9646},2017-09-01,1,3.271599989881118,23.468000411987305,7.77400016784668,7.77400016784668,7.77400016784668,7.77400016784668,98.14799969643354,30.79718450429388,2017-09-01 00:00:00
296039.343023068,219554.092170911,61433.0,20170901002.0,Geohazards,Buncombe,Craggy Pinnacle,2017-09-01,,Inactive,,Debris,Slide,,,,Unmodified,,,,{8CB674FE-B65A-4DDD-B1B8-313D6B823F71},2017-09-01,1,3.271599989881118,23.468000411987305,7.77400016784668,7.77400016784668,7.77400016784668,7.77400016784668,98.14799969643354,30.79718450429388,2017-09-01 00:00:00
288113.294022767,194002.916225691,61441.0,20170915001.0,Geohazards,Buncombe,Skyland,2017-09-15,,Active,Slow (>1.6 m/yr),Earth,Slide,Slow (>1.6 m/yr),Debris,,Embankment - Not road related,,,,{58CC4DCA-26F1-4985-A0F9-8CC1F1C809AE},2017-09-15,1,5.083133418361346,34.82600021362305,34.512001037597656,0.0,37.458001136779785,37.458001136779785,152.49400255084038,82.64341090556944,2017-09-15 00:00:00
288838.666378573,211483.357881119,61446.0,20171023001.0,Geohazards,Buncombe,Asheville,2017-10-23,,Active,Very rapid (>3 m/min),Debris,Slide,,,Flow,Road embankment,,,,{1F0D013D-3315-4F75-B038-DA19363E83C3},2017-10-23,1,2.14593332807223,39.007999420166016,0.0,0.0,0.0,6.316999912261963,64.3779998421669,24.125578949821843,2017-10-23 00:00:00
287847.005825425,209499.271973898,61450.0,20180210001.0,Geohazards,Buncombe,Asheville,2018-02-10,,Active,Very rapid (>3 m/min),Weathered rock,Slide,,,,Cut slope - Not road related,,,,{22C6394A-B063-4307-A29F-5AC54E208891},2018-02-10,1,3.5708666414022447,43.23899841308594,12.498000144958496,0.0,16.273000240325928,28.646000623703003,107.12599924206734,40.97319832256963,2018-02-10 00:00:00
300448.110850436,215248.331511158,61472.0,20180323002.0,Geohazards,Buncombe,Craggy Pinnacle,2018-03-23,,Inactive - stabilized,,Debris,Slide,,,,Road embankment,,,,{09696E3E-965C-47B9-8CC1-3770440C169C},2018-03-23,1,2.616099977865815,23.816999435424805,4.177999973297119,1.8600000143051147,10.2150000333786,11.428000092506409,78.48299933597445,29.674802125205815,2018-03-23 00:00:00
286342.506832667,217385.879981303,61477.0,20180402001.0,Landslide Hazard Mapping,Buncombe,Weaverville,2018-04-02,,Inactive,Rapid (>1.8 m/hr),Debris,Slide,,,,Stream bank,,,,{ACB8DFF5-A8B6-4522-8038-C96C5718493E},2018-04-02,1,1.8115333035510657,14.595999717712402,4.718999862670898,0.0,4.737999862059951,4.75399986281991,54.34599910653196,24.137568576431352,2018-04-02 00:00:00
306762.921053431,212977.261082992,61548.0,20190117003.0,Landslide Hazard Mapping,Buncombe,Black Mountain,2019-01-17,,Inactive,Rapid (>1.8 m/hr),Debris,Slide,,,,Embankment - Not road related,,,,{00492D3C-3555-46BD-84C6-B835B8384628},2019-01-17,1,7.294766529401144,72.96399688720703,2.430000066757202,0.0,2.430000066757202,15.10099959373474,218.8429958820343,66.56791741723616,2019-01-17 00:00:00
306775.181431158,212935.868248097,61549.0,20190117002.0,Landslide Hazard Mapping,Buncombe,Black Mountain,2019-01-17,,Active,Rapid (>1.8 m/hr),Debris,Slide,,,,Embankment - Not road related,,,,{A26D03E9-DCDA-41AE-A470-5EEE11CC4CB7},2019-01-17,1,7.294766529401144,72.96399688720703,2.430000066757202,0.0,2.430000066757202,15.10099959373474,218.8429958820343,66.56791741723616,2019-01-17 00:00:00
293557.550775355,209830.543391962,78695.0,202005060501.0,Landslide Hazard Mapping,Buncombe,Oteen,2020-05-06,,Inactive,,Earth,Slide,,,,Embankment - Not road related,,,,{99453A01-9D45-4EED-A4DD-C075E95F3D41},2020-05-06,1,5.194266669886807,57.5989990234375,2.7209999561309814,2.7209999561309814,2.7209999561309814,60.923998951911926,155.82800009660423,68.78667743330479,2020-05-06 00:00:00
288614.446705812,208598.819395579,114247.0,202107280505.0,Landslide Hazard Mapping,Buncombe,,2021-07-28,,Active,,Debris,Slide,,,,,,,,{EABECD75-D132-4284-B222-F46C05BAE719},2021-07-28,1,5.069223192512679,27.844999313354492,10.308199882507324,10.308199882507324,17.209299564361572,38.216298937797546,152.07669577538036,80.47785968702593,2021-07-28 00:00:00
290848.75334404,197346.177101562,115161.0,202108240505.0,Landslide Hazard Mapping,Buncombe,,2021-08-24,,Suspended,,Debris,Slide - rotational,,,,Road embankment,,,,{C5228436-BFC0-4FFA-AE14-F25381FCE6A3},2021-08-24,1,8.784023156599142,71.92350006103516,11.248600006103516,0.0,12.466499924659727,126.56689894199371,263.52069469797425,162.31513336330653,2021-08-24 00:00:00
290949.378779659,197448.488771794,115159.0,202108240502.0,Landslide Hazard Mapping,Buncombe,,2021-08-24,,Suspended,,Debris,Slide,,,,Road embankment,,,,{2960580A-BA89-44D3-877A-B2A9D47E782E},2021-08-24,1,8.784023156599142,71.92350006103516,11.248600006103516,0.0,12.466499924659727,126.56689894199371,263.52069469797425,162.31513336330653,2021-08-24 00:00:00
291053.663153864,197796.478391123,115169.0,202108240512.0,Landslide Hazard Mapping,Buncombe,,2021-08-24,,,,Debris,Composite,,,,,,,,{691D4CC2-5E9D-428E-A147-332FEAD93458},2021-08-24,1,9.667909917980433,77.8572998046875,7.392399787902832,0.0,8.712899804115295,130.0608994588256,290.037297539413,174.37412462152363,2021-08-24 00:00:00
291056.044408626,197673.44689506,115165.0,202108240512.0,Landslide Hazard Mapping,Buncombe,,2021-08-24,,,,Debris,Composite,,,,,,,,{B15A2A55-6109-4150-9F55-B80DBEE4969F},2021-08-24,1,9.667909917980433,77.8572998046875,7.392399787902832,0.0,8.712899804115295,130.0608994588256,290.037297539413,174.37412462152363,2021-08-24 00:00:00
291090.595984256,197467.814673878,115164.0,202108240510.0,Landslide Hazard Mapping,Buncombe,,2021-08-24,,Inactive,,Debris,Slide,,,,Road cut,,,,{B6887BEF-3586-4FC1-8BA1-70C86A188B25},2021-08-24,1,9.667909917980433,77.8572998046875,7.392399787902832,0.0,8.712899804115295,130.0608994588256,290.037297539413,174.37412462152363,2021-08-24 00:00:00
291100.355316782,197472.779558992,115163.0,202108240509.0,Landslide Hazard Mapping,Buncombe,,2021-08-24,,Inactive,,Debris,Slide,,,,Road cut,,,,{4ED2764B-E3D1-49FA-8D96-316283F35E90},2021-08-24,1,9.667909917980433,77.8572998046875,7.392399787902832,0.0,8.712899804115295,130.0608994588256,290.037297539413,174.37412462152363,2021-08-24 00:00:00
291104.463255464,197895.697339561,115167.0,202108240514.0,Landslide Hazard Mapping,Buncombe,,2021-08-24,,,,Debris,Composite,,,,,,,,{28083088-AFA1-463B-BF56-C1E97758E94B},2021-08-24,1,9.667909917980433,77.8572998046875,7.392399787902832,0.0,8.712899804115295,130.0608994588256,290.037297539413,174.37412462152363,2021-08-24 00:00:00
291106.557806895,197498.326182345,115162.0,202108240508.0,Landslide Hazard Mapping,Buncombe,,2021-08-24,,Inactive,,Debris,Slide,,,,Road cut,,,,{5872EBDE-95BD-440B-8841-F1CEAE4CF01A},2021-08-24,1,9.667909917980433,77.8572998046875,7.392399787902832,0.0,8.712899804115295,130.0608994588256,290.037297539413,174.37412462152363,2021-08-24 00:00:00
291121.925790389,197742.503283173,115166.0,202108240513.0,Landslide Hazard Mapping,Buncombe,,2021-08-24,,,,Debris,Composite,,,,,,,,{6F22756B-E31E-4596-9F70-29B9C75F21B2},2021-08-24,1,9.667909917980433,77.8572998046875,7.392399787902832,0.0,8.712899804115295,130.0608994588256,290.037297539413,174.37412462152363,2021-08-24 00:00:00
291138.594573726,197990.153778474,115168.0,202108240515.0,Landslide Hazard Mapping,Buncombe,,2021-08-24,,,,Debris,Composite,,,,,,,,{EBD86E53-50AF-4FD0-BCBC-8A2825ECB3E4},2021-08-24,1,9.667909917980433,77.8572998046875,7.392399787902832,0.0,8.712899804115295,130.0608994588256,290.037297539413,174.37412462152363,2021-08-24 00:00:00
291107.521993679,197546.187482795,115160.0,202108240503.0,Landslide Hazard Mapping,Buncombe,,2021-08-26,,Suspended,,,Slide,,,,,,,,{C86C6EF4-3B93-4BA0-BE15-95C2708F94BD},2021-08-26,1,9.575246590127549,77.8572998046875,0.0,0.0,0.0,26.12960024923086,287.2573977038264,150.85742226906123,2021-08-26 00:00:00
299753.839430067,212970.638665523,116008.0,202108310512.0,Landslide Hazard Mapping,Buncombe,,2021-08-31,,Active,,Debris,Slide,,,,Road cut,,,,{295792FE-55C7-491B-A925-D15DE4FDA125},2021-08-31,1,8.649146462976933,116.56759643554688,0.0,0.0,0.0,8.67389988899231,259.474393889308,104.206132911857,2021-08-31 00:00:00
299987.524743841,213225.981232492,116009.0,202108310514.0,Landslide Hazard Mapping,Buncombe,,2021-08-31,,Inactive,,Debris,Slide,,,,Road cut,,,,{F714E7AC-81A8-4CBB-93BC-88560A7C33A4},2021-08-31,1,8.649146462976933,116.56759643554688,0.0,0.0,0.0,8.67389988899231,259.474393889308,104.206132911857,2021-08-31 00:00:00
300721.040299028,211913.273796808,116005.0,202108310502.0,Landslide Hazard Mapping,Buncombe,,2021-08-31,,Active,,Debris,Slide,,,,Unmodified,,,,{7769BE11-9757-42B7-9D98-C1E3608D9A42},2021-08-31,1,8.649146462976933,116.56759643554688,0.0,0.0,0.0,8.67389988899231,259.474393889308,104.206132911857,2021-08-31 00:00:00
300912.878914493,212137.614985203,116006.0,202108310503.0,Landslide Hazard Mapping,Buncombe,,2021-08-31,,Inactive,,Debris,Slide,,,,,,,,{0C15656D-7881-45B5-9DB5-A23D19C6D1BD},2021-08-31,1,8.649146462976933,116.56759643554688,0.0,0.0,0.0,8.67389988899231,259.474393889308,104.206132911857,2021-08-31 00:00:00
302335.574520566,211995.426615799,116007.0,202108310506.0,Landslide Hazard Mapping,Buncombe,,2021-08-31,,Inactive,,Debris,Slide,,,,Road unspecified,,,,{E47230CA-7C78-4224-840B-2D6C55E7E364},2021-08-31,1,9.440726450582344,126.9375991821289,0.0,0.0,0.0,16.66439986228943,283.22179351747036,116.45616528688116,2021-08-31 00:00:00
302687.353762656,212849.75516572,116011.0,202108310518.0,Landslide Hazard Mapping,Buncombe,,2021-08-31,,,,Debris,Slide,,,,Unmodified,,,,{087C5735-5435-4E67-B22E-7E64ADD4F59E},2021-08-31,1,9.440726450582344,126.9375991821289,0.0,0.0,0.0,16.66439986228943,283.22179351747036,116.45616528688116,2021-08-31 00:00:00
302983.348770287,212844.920917165,116010.0,202108310516.0,Landslide Hazard Mapping,Buncombe,,2021-08-31,,Active,,Debris,Slide,,,,Road cut,,,,{66E885B9-5C99-444B-B8B4-5C07FE098625},2021-08-31,1,9.440726450582344,126.9375991821289,0.0,0.0,0.0,16.66439986228943,283.22179351747036,116.45616528688116,2021-08-31 00:00:00
302454.781943289,211564.884411639,116012.0,202109130501.0,Landslide Hazard Mapping,Buncombe,,2021-09-13,,Inactive,,Debris,,,,,Road embankment,,,,{55068D9B-3BF0-4295-A609-2EF84AC6C079},2021-09-13,1,11.903339672088624,126.9375991821289,0.0,0.0,0.0,56.709497690200806,357.1001901626587,109.47485756428982,2021-09-13 00:00:00
285378.175106226,210101.916417347,116435.0,202111080502.0,Landslide Hazard Mapping,Buncombe,,2021-10-08,,Active,,Weathered rock,Slide,,,,Road embankment,,,,{33993078-EDBD-46F6-AAE5-CB538C092EA5},2021-10-08,1,4.005419987191757,68.8832015991211,68.8832015991211,68.8832015991211,87.71610045433044,95.25240015983582,120.1625996157527,100.5413836692032,2021-10-08 00:00:00
271912.537071358,205305.564512294,118877.0,202112300506.0,Landslide Hazard Mapping,Buncombe,,2021-12-30,,,,Debris,Slide,,,,Road cut,,,,{EAD26B44-ADC7-47CA-A74B-01F328547ABB},2021-12-30,1,0.7120733183207145,11.596199989318848,1.5259000062942505,1.5259000062942505,1.5259000062942505,1.5259000062942505,21.362199549621437,10.059362900963736,2021-12-30 00:00:00
