X,Y,OBJECTID,Process_ID,Project,County,Quad,Col_Date,Mvmnt_Date,SM_State,SM_Rate_1,SM_Mat_1,SM_Type_1,SM_Rate_2,SM_Mat_2,SM_Type_2,Slp_Config,Fatalities,Confidence,MapMethod,GlobalID,Sort_Date,IsLandslide,Avg_Rainfall_30day,Max_Rainfall_30day,Max_Rainfall_3day,R1d,R3d,R7d,R30d,API_14,Event_Date,Random_Date
259532.4738349472,220341.02108371916,,,,,,,,,,,,,,,,,,,,,0,4.512619935472807,24.997098922729492,0.0,0.0,0.0,25.33659890294075,135.3785980641842,64.33695927365804,,2021-10-16 08:53:36
259595.91549897497,217299.62295828556,,,,,,,,,,,,,,,,,,,,,0,5.183433378239473,32.525001525878906,11.237000465393066,5.434999942779541,18.076000452041622,26.20400071144104,155.50300134718418,78.41887248906919,,2018-05-29 12:36:52
259849.0962064728,216757.5811208776,,,,,,,,,,,,,,,,,,,,,0,8.41481305276975,93.7721939086914,9.795700073242188,0.0,9.795700073242188,45.30289936065674,252.4443915830925,98.4319283922808,,2021-09-05 06:42:30
260419.0524350743,219819.07052843375,,,,,,,,,,,,,,,,,,,,,0,5.864666660626729,27.902999877929688,17.50200080871582,17.50200080871582,19.491000831127167,64.9360004067421,175.93999981880188,90.62982817860372,,2018-08-10 05:14:56
260564.880950284,217961.05108540657,,,,,,,,,,,,,,,,,,,,,0,5.425923187534014,26.391698837280273,26.391698837280273,26.391698837280273,40.49129867553711,73.04759788513184,162.77769562602043,84.08623783016122,,2021-02-19 10:14:43
260925.16197406047,214296.52335665797,,,,,,,,,,,,,,,,,,,,,0,3.5349000125347327,49.303001403808594,13.746000289916992,13.746000289916992,13.94800029695034,13.94800029695034,106.04700037604198,41.693609277160746,,2020-10-26 17:15:00
260950.9551570225,214720.13493842803,,,,,,,,,,,,,,,,,,,,,0,2.160966626430551,54.60599899291992,1.3539999723434448,1.3539999723434448,1.3539999723434448,1.3539999723434448,64.82899879291654,12.069980863473008,,2017-10-09 13:52:47
261070.43721072492,217570.15151295063,,,,,,,,,,,,,,,,,,,,,0,4.676433404178048,65.25700378417969,6.961999893188477,1.1480000019073486,8.848999917507172,29.12199968099594,140.29300212534145,66.60018915752929,,2020-04-28 08:28:03
261191.65874466184,217760.7002666963,,,,,,,,,,,,,,,,,,,,,0,1.490269975364208,10.121500015258787,4.716899871826172,4.426000118255615,9.142899990081789,9.142899990081789,44.70809926092625,20.851824290640604,,2021-10-06 00:59:36
261419.0959126719,214957.14110180337,,,,,,,,,,,,,,,,,,,,,0,4.306599943138038,60.42499923706055,6.691999912261963,6.691999912261963,9.343999981880188,9.670999974012377,129.19799829414114,45.44941977664326,,2017-02-10 08:36:03
261456.41342367703,215133.36817002585,,,,,,,,,,,,,,,,,,,,,0,6.014733374025672,26.229999542236328,0.006000000052154,0.006000000052154,0.006000000052154,84.35400052648038,180.44200122077015,105.93618035762722,,2019-02-28 13:40:30
261727.7069977189,216223.92355406296,,,,,,,,,,,,,,,,,,,,,0,7.737733149528504,101.1177978515625,1.437999963760376,1.437999963760376,1.437999963760376,2.352699935436249,232.1319944858551,64.36041164487932,,2021-09-10 05:44:32
261972.2471837521,222762.663769675,,,,,,,,,,,,,,,,,,,,,0,3.607900033394495,19.905000686645508,3.1659998893737793,3.1659998893737793,3.1659998893737793,13.431999802589417,108.23700100183488,44.56362549341808,,2018-07-31 13:41:32
262203.8620233211,220999.52141356491,,,,,,,,,,,,,,,,,,,,,0,2.9344333482751,24.02199935913086,8.85200023651123,0.0,13.106000423431396,33.510000467300415,88.033000448253,49.52101484547406,,2020-06-26 16:43:10
262297.38010475505,216006.24890743507,,,,,,,,,,,,,,,,,,,,,0,3.335233365992705,36.11100006103515,27.599000930786133,27.599000930786133,36.29800081253052,36.29800081253052,100.05700097978117,57.986675294321955,,2020-11-13 11:16:29
262496.2285342017,221720.7862060923,,,,,,,,,,,,,,,,,,,,,0,5.177233273241048,70.822998046875,0.0,0.0,0.0,70.822998046875,155.31699819723144,73.70092902811727,,2020-04-18 10:42:41
263117.7641575098,221585.25734002932,,,,,,,,,,,,,,,,,,,,,0,1.241566640883684,9.661999702453612,9.661999702453612,0.0,9.672999702394009,21.83299931138754,37.246999226510525,21.74827374934912,,2019-10-12 01:20:12
263427.89783268864,219886.74639756215,,,,,,,,,,,,,,,,,,,,,0,6.29179998729378,25.413999557495117,7.415999889373779,0.4469999969005584,8.032999888062477,55.6839994341135,188.7539996188134,85.93061169213809,,2018-06-04 07:40:56
263647.03029759164,220340.75069469525,,,,,,,,,,,,,,,,,,,,,0,3.009066718816757,33.275001525878906,8.994000434875488,8.994000434875488,9.401000440120695,55.4050018787384,90.27200156450272,56.64542002179442,,2017-12-25 11:50:18
264339.8298097158,217090.9862981884,,,,,,,,,,,,,,,,,,,,,0,4.26676666966329,17.31800079345703,15.8100004196167,15.8100004196167,17.123000383377075,33.255000591278076,128.0030000898987,48.38596407482728,,2020-09-18 15:51:53
265079.3759392973,216891.59221312543,,,,,,,,,,,,,,,,,,,,,0,2.036033348176473,14.788000106811523,14.788000106811523,3.875999927520752,23.817999839782715,27.55499991774559,61.081000445294194,38.87226702180794,,2020-06-25 14:33:38
265255.21024119854,220037.65818609815,,,,,,,,,,,,,,,,,,,,,0,4.994633315503597,31.37299919128418,0.0,0.0,0.0,4.5959999561309814,149.83899946510792,40.4762795333144,,2018-08-29 02:43:19
265545.9034812042,219440.78019839295,,,,,,,,,,,,,,,,,,,,,0,2.8323999692996344,20.503999710083008,13.82699966430664,0.0,14.254999667406082,29.327999621629715,84.97199907898903,42.35335205357076,,2017-06-27 10:31:35
265954.62234147824,221524.94592675348,,,,,,,,,,,,,,,,,,,,,0,5.503266740838686,55.62200164794922,0.4239999949932098,0.4239999949932098,0.4239999949932098,61.909001648426056,165.0980022251606,65.67831973850568,,2020-10-18 19:35:43
265992.91351827764,197908.39892606591,,,,,,,,,,,,,,,,,,,,,0,2.407400006676714,20.902999877929688,0.8870000243186951,0.2599999904632568,1.1560000143945215,12.995999928563831,72.22200020030141,34.0393374045837,,2018-07-05 06:13:46
266201.3893780381,200391.34602811857,,,,,,,,,,,,,,,,,,,,,0,1.635533320092751,22.7810001373291,1.4119999408721924,0.3370000123977661,1.7489999532699585,2.309999942779541,49.06599960278254,18.7060741987658,,2019-10-18 13:16:25
267100.69685084664,197948.22625584737,,,,,,,,,,,,,,,,,,,,,0,4.401933338741461,31.326000213623047,6.894999980926514,6.894999980926514,6.894999980926514,7.95799994468689,132.05800016224384,48.77773518451619,,2020-06-06 19:44:44
267104.2006332814,218388.5065648572,,,,,,,,,,,,,,,,,,,,,0,6.565700112217261,65.2300033569336,1.7369999885559082,1.5329999923706057,3.2699999809265137,51.73899984359741,196.97100336651783,70.22892249156513,,2019-05-19 03:52:32
267151.70780258504,211174.89333103248,,,,,,,,,,,,,,,,,,,,,0,4.422293174328903,44.34269714355469,8.80459976196289,3.7458999156951904,21.03929972648621,21.06639972515404,132.6687952298671,39.78462175489696,,2021-11-01 16:55:34
267400.3094400747,210428.91915119064,,,,,,,,,,,,,,,,,,,,,0,2.6236666679382323,13.123000144958496,9.630999565124512,9.630999565124512,9.630999565124512,14.687999725341797,78.71000003814697,28.881680548578785,,2019-04-01 02:02:01
267446.6306215049,210865.48257283983,,,,,,,,,,,,,,,,,,,,,0,2.3358333269755045,13.123000144958496,9.630999565124512,0.0,9.630999565124512,14.687999725341797,70.07499980926514,25.877606748007285,,2019-04-02 22:54:14
267617.9238032776,194364.93016134953,,,,,,,,,,,,,,,,,,,,,0,5.266199921444058,71.03299713134766,71.03299713134766,71.03299713134766,72.38599717617035,98.75499761104584,157.98599764332175,113.94686292918846,,2017-09-13 01:09:31
267633.52194188227,215663.4263903174,,,,,,,,,,,,,,,,,,,,,0,5.871099996566772,49.81100082397461,3.811000108718872,0.0,3.811000108718872,21.098999463021755,176.13299989700317,48.461038575352326,,2019-01-20 19:14:43
267839.5864943174,193391.03910480737,,,,,,,,,,,,,,,,,,,,,0,5.902699965238571,45.016998291015625,5.814000129699707,0.7829999923706055,7.228000104427338,34.03400015830994,177.08099895715714,92.9717151739392,,2020-05-31 13:32:38
267908.5153880177,198623.27875369217,,,,,,,,,,,,,,,,,,,,,0,4.331366694718599,50.95800018310547,50.95800018310547,6.185999870300293,65.95800018310547,65.95800018310547,129.94100084155798,88.07034103394464,,2018-04-26 22:23:20
268044.9334001469,199161.92772223736,,,,,,,,,,,,,,,,,,,,,0,3.375109921892484,19.34980010986328,0.0,0.0,0.0,0.0,101.25329765677452,26.73851930044984,,2021-03-13 12:58:20
268394.58817632415,201513.45192584823,,,,,,,,,,,,,,,,,,,,,0,2.259866707523664,22.554000854492188,17.381999969482422,17.381999969482422,17.381999969482422,24.90999999642372,67.79600122570992,34.54879553146372,,2020-12-01 14:44:29
268711.99080584646,198683.0461501372,,,,,,,,,,,,,,,,,,,,,0,6.357533290982246,61.564998626708984,0.0,0.0,0.0,92.23999905586244,190.7259987294674,101.13226209291206,,2019-04-26 08:25:07
268867.7488400441,203736.0696190618,,,,,,,,,,,,,,,,,,,,,0,3.420133297642072,37.3849983215332,1.128000020980835,1.128000020980835,1.128000020980835,46.74499869346619,102.60399892926216,50.21612598419236,,2020-03-31 23:16:52
268870.4619992819,195243.5324100807,,,,,,,,,,,,,,,,,,,,,0,6.480866613052785,41.99300003051758,27.96299934387207,13.491000175476074,56.44599914550781,92.44599990546703,194.42599839158356,105.33925176080466,,2017-05-25 15:18:14
268976.9865635206,193601.04951039093,,,,,,,,,,,,,,,,,,,,,0,3.995200011859803,68.81999969482422,0.3210000097751617,0.3210000097751617,0.3240000098012388,0.3240000098012388,119.8560003557941,23.43609130281885,,2017-10-05 23:16:12
269065.6868857902,220851.6300395312,,,,,,,,,,,,,,,,,,,,,0,0.4777733155836661,9.725799560546877,0.0,0.0,0.0,9.725799560546877,14.333199467509983,8.3026640536769,,2021-12-17 02:02:58
269274.56757953943,210056.51720156812,,,,,,,,,,,,,,,,,,,,,0,4.074799969047308,44.11800003051758,0.0,0.0,0.0,64.35600060224533,122.24399907141924,63.679025861751875,,2018-05-01 05:06:15
269359.3849993473,196829.460223544,,,,,,,,,,,,,,,,,,,,,0,6.707303113366167,97.6084976196289,0.0032999999821186,0.0,0.0032999999821186,22.8697997815907,201.219093400985,43.30550145907759,,2021-11-04 17:55:31
269379.98793639714,203400.74319085348,,,,,,,,,,,,,,,,,,,,,0,6.4491667201121645,41.608001708984375,0.0,0.0,0.0,61.82600021362305,193.47500160336497,80.14231183401266,,2019-07-29 23:30:08
269397.99971077824,197955.0475902175,,,,,,,,,,,,,,,,,,,,,0,6.8684001725787915,107.56300354003906,3.812999963760376,0.0,5.277999997138977,10.67900002002716,206.05200517736375,65.56710091314562,,2020-05-09 19:13:58
269415.79234918347,219422.4598037967,,,,,,,,,,,,,,,,,,,,,0,3.6890333194751297,30.73500061035156,21.74099922180176,21.74099922180176,35.30599880218506,45.75499876216054,110.67099958425388,68.59419767672802,,2019-10-28 05:05:43
269447.7377896399,212776.11396186787,,,,,,,,,,,,,,,,,,,,,0,3.411600029716889,53.374000549316406,1.2209999561309814,0.0,1.2209999561309814,8.3510000705719,102.34800089150669,44.45437562385467,,2018-10-23 07:23:32
269519.4519137236,211883.40219341996,,,,,,,,,,,,,,,,,,,,,0,4.713800020019213,29.68400001525879,1.36899995803833,1.36899995803833,1.36899995803833,28.18200048804283,141.4140006005764,71.14742630555158,,2018-05-27 22:16:38
269544.15107610024,199497.7643395347,,,,,,,,,,,,,,,,,,,,,0,10.709036498673958,129.69400024414062,129.69400024414062,129.69400024414062,207.8876991271973,230.26549887657168,321.27109496021876,253.6049642769384,,2021-08-19 08:18:23
269570.02133800293,203766.5488906611,,,,,,,,,,,,,,,,,,,,,0,3.2114999871701,30.14699935913086,0.0,0.0,0.0,0.0,96.344999615103,23.90734995271048,,2019-05-31 04:53:25
269772.38437140733,203012.70001059305,,,,,,,,,,,,,,,,,,,,,0,2.0129666042164898,46.176998138427734,0.0,0.0,0.0,0.0,60.3889981264947,11.72784587371313,,2017-10-07 17:51:11
270029.7675016416,192567.0379115709,,,,,,,,,,,,,,,,,,,,,0,2.625666678945223,22.91699981689453,0.3140000104904175,0.0,0.3140000104904175,0.636000007390976,78.7700003683567,21.59452407335482,,2018-01-05 07:30:55
270355.9807887423,208204.06630976283,,,,,,,,,,,,,,,,,,,,,0,2.5638099600871405,31.6560001373291,1.0097999572753906,0.0,1.0097999572753906,6.583299875259399,76.91429880261421,25.504771502748977,,2021-01-15 19:20:26
270456.18737176183,218888.83480595244,,,,,,,,,,,,,,,,,,,,,0,3.1976666795051036,21.277000427246097,0.0,0.0,0.0,33.489999771118164,95.93000038515312,41.279834206198274,,2020-09-24 19:11:17
270625.39062132704,213152.41689583837,,,,,,,,,,,,,,,,,,,,,0,3.225166640803218,55.44599914550781,0.7480000257492065,0.0,0.877000018954277,1.368000015616417,96.75499922409654,37.82741947629298,,2017-02-05 15:09:03
270656.18324837455,216106.6776143556,,,,,,,,,,,,,,,,,,,,,0,4.054833290411625,29.4060001373291,3.7660000324249263,2.1059999465942383,5.871999979019165,49.61899971961975,121.64499871234877,51.19986605155873,,2018-03-08 12:44:53
270666.18493458413,215684.79670096043,,,,,,,,,,,,,,,,,,,,,0,2.8958666568466773,13.041999816894531,2.9179999828338623,0.1220000013709068,3.039999984204769,16.084999801125377,86.87599970540032,35.38472251177403,,2020-07-08 20:36:15
270769.7651927022,193227.06562026584,,,,,,,,,,,,,,,,,,,,,0,6.818233361141756,36.35200119018555,8.656999588012695,0.0,11.971999645233154,13.68299961090088,204.54700083425269,96.60508835586784,,2019-03-04 15:04:33
271444.98922802514,208735.8867930462,,,,,,,,,,,,,,,,,,,,,0,6.416066644589106,53.84700012207031,3.059999942779541,0.0,3.059999942779541,65.4850001335144,192.4819993376732,83.45083563353255,,2020-10-15 12:14:34
271940.7756022945,205642.95520063263,,,,,,,,,,,,,,,,,,,,,0,5.316499948501587,60.2859992980957,0.0,0.0,0.0,28.95599901676178,159.4949984550476,49.81910725004688,,2019-05-11 14:38:27
271992.3493229556,223177.65924935855,,,,,,,,,,,,,,,,,,,,,0,1.5432999779780705,17.02199935913086,17.02199935913086,0.0,18.102999329566956,32.28499889373779,46.29899933934212,29.186513502105814,,2017-12-12 18:50:43
272012.3431848304,214646.86607362737,,,,,,,,,,,,,,,,,,,,,0,5.705933327476184,22.37299919128418,11.263999938964844,0.0,11.263999938964844,24.76500034332275,171.1779998242855,78.87385666400417,,2019-03-06 01:15:04
272201.52026386245,216604.67000663045,,,,,,,,,,,,,,,,,,,,,0,2.4029000282287596,11.263999938964844,4.943999767303467,4.943999767303467,4.943999767303467,11.644999980926514,72.0870008468628,27.980242478801735,,2019-03-27 20:16:15
272580.6472471593,195834.74316368692,,,,,,,,,,,,,,,,,,,,,0,0.7162000056356191,7.75600004196167,0.0,0.0,0.0,1.7050000317394731,21.486000169068575,7.326278116349807,,2019-09-25 21:59:01
273003.47700598463,196668.81133637571,,,,,,,,,,,,,,,,,,,,,0,2.327233394732078,32.25400161743164,3.677000045776367,0.0,3.677000045776367,9.916000127792358,69.81700184196234,18.4706957483394,,2019-09-18 15:49:35
273149.36228952237,207667.92920174677,,,,,,,,,,,,,,,,,,,,,0,5.160433445374171,40.58000183105469,0.0,0.0,0.0,67.16000199317932,154.81300336122513,67.42709928409228,,2019-07-11 15:40:43
273460.43585882086,205332.0694321553,,,,,,,,,,,,,,,,,,,,,0,2.84009998627007,21.625999450683594,3.755000114440918,0.8790000081062317,4.63400012254715,18.685999810695648,85.2029995881021,37.074009532297694,,2018-11-13 22:12:30
273501.8831451801,216031.76617342135,,,,,,,,,,,,,,,,,,,,,0,6.071699970960617,49.52299880981445,48.06999969482422,0.0,49.7229996919632,58.50199997425079,182.1509991288185,82.7962563006965,,2020-10-14 09:58:11
273590.7640464894,222128.25716592875,,,,,,,,,,,,,,,,,,,,,0,4.904399999968397,26.136999130249023,22.076000213623047,11.623000144958496,53.72200107574463,53.75700107589364,147.1319999990519,90.39700643543227,,2019-06-21 12:47:52
273599.2976474085,217177.42237615772,,,,,,,,,,,,,,,,,,,,,0,1.304699997107188,9.95199966430664,9.95199966430664,9.95199966430664,11.268999695777891,11.268999695777891,39.14099991321564,21.216156891635933,,2019-10-09 02:46:59
274123.6914793266,210497.0450807494,,,,,,,,,,,,,,,,,,,,,0,4.9508000691731775,36.11000061035156,9.859000205993652,0.0,9.859000205993652,47.52600085735321,148.5240020751953,84.6545351960172,,2019-11-04 22:51:51
274132.6102465806,209309.9875876233,,,,,,,,,,,,,,,,,,,,,0,5.354569800694784,62.83659744262695,0.0,0.0,0.0,22.413198709487915,160.6370940208435,66.69163298259589,,2021-04-07 11:03:16
274170.1353511428,212613.67609420329,,,,,,,,,,,,,,,,,,,,,0,3.333500056279202,41.810001373291016,0.7139999866485596,0.0,0.7139999866485596,0.7139999866485596,100.00500168837608,27.52690279945424,,2020-11-25 19:55:53
274179.25363814173,211049.3281445721,,,,,,,,,,,,,,,,,,,,,0,2.3202000220616656,48.85300064086914,0.765999972820282,0.765999972820282,1.1199999749660492,1.8679999709129331,69.60600066184998,22.88167255823596,,2017-02-09 10:36:32
274430.3342265924,223067.84031844637,,,,,,,,,,,,,,,,,,,,,0,2.623466639406979,40.51499938964844,8.053000450134277,0.0,8.856000423431396,9.88800041936338,78.70399918220937,28.250275646721757,,2017-02-11 10:47:19
274434.9566113146,218518.15047214457,,,,,,,,,,,,,,,,,,,,,0,2.800973264873028,21.872699737548828,9.43299961090088,0.363099992275238,15.918099343776705,23.45709937810898,84.02919794619083,38.77369101556521,,2021-02-16 23:35:10
274460.87657231826,213216.70915068057,,,,,,,,,,,,,,,,,,,,,0,5.705933327476184,22.37299919128418,0.0,0.0,0.0,20.413000106811523,171.1779998242855,63.66048948827705,,2019-03-09 00:13:17
274499.8136362695,205570.55919027937,,,,,,,,,,,,,,,,,,,,,0,3.9459333841999378,57.56600189208984,0.0,0.0,0.0,0.0,118.37800152599812,33.172136173660746,,2020-11-22 05:17:22
275139.2110911675,208592.6706820655,,,,,,,,,,,,,,,,,,,,,0,4.7294832437609635,60.71979904174805,1.310099959373474,1.310099959373474,1.7034999430179596,25.58069959282875,141.8844973128289,34.35930178341139,,2021-11-05 02:33:03
275347.2141801184,214676.60174837903,,,,,,,,,,,,,,,,,,,,,0,2.0548499379850305,16.623998641967773,0.0,0.0,0.0,17.467699617147446,61.64549813955091,27.362063047036504,,2021-06-18 22:42:18
275409.0753543289,201811.4706178181,,,,,,,,,,,,,,,,,,,,,0,7.039266629315292,39.959999084472656,1.162999987602234,1.162999987602234,1.162999987602234,106.12499797344208,211.17799887945876,97.9340839088188,,2017-04-29 13:05:51
275517.8842169515,221092.5065125824,,,,,,,,,,,,,,,,,,,,,0,2.7530666733781497,30.38599967956543,0.0,0.0,0.0,0.8410000205039978,82.59200020134449,26.5640548727929,,2020-04-09 07:59:02
275773.8905679177,203350.59604126352,,,,,,,,,,,,,,,,,,,,,0,5.999000066518784,34.79100036621094,19.187000274658203,0.0,20.31500029563904,20.95100027322769,179.9700019955635,79.69399796531236,,2017-05-04 22:53:45
276004.9731702638,200325.76420237316,,,,,,,,,,,,,,,,,,,,,0,6.491699941953024,83.28450012207031,0.0,0.0,0.0,0.0,194.7509982585907,81.92490889554841,,2021-10-18 10:32:06
276026.91465331946,212495.9821328013,,,,,,,,,,,,,,,,,,,,,0,3.9000999652702983,31.35300064086914,31.35300064086914,6.145999908447266,47.85200023651123,78.84400000772439,117.00299895810896,77.01664906527799,,2018-06-30 07:21:02
276110.3282834636,199947.80258327603,,,,,,,,,,,,,,,,,,,,,0,2.2049333383639653,15.89900016784668,8.800000190734863,8.800000190734863,8.800000190734863,18.48799991607666,66.14800015091896,32.20871962428107,,2017-03-23 23:05:06
276202.6832523369,220628.58238229132,,,,,,,,,,,,,,,,,,,,,0,2.4346599457164606,21.97570037841797,4.067500114440918,4.067500114440918,5.359400033950806,6.412899971008301,73.03979837149382,21.56459161950455,,2021-03-17 02:06:13
276837.54566956626,205400.0305907294,,,,,,,,,,,,,,,,,,,,,0,6.056166704495748,54.04199981689453,12.147000312805176,0.0,14.564000368118286,20.378000497817993,181.68500113487244,65.6879789166432,,2020-02-27 18:54:02
277007.6534033538,198953.8937791304,,,,,,,,,,,,,,,,,,,,,0,2.008000006522828,13.248000144958496,1.212000012397766,0.0010000000474974,1.2130000124452636,8.124000145005994,60.24000019568484,20.676627368412216,,2018-07-21 08:10:36
277286.2135028819,207969.38373031624,,,,,,,,,,,,,,,,,,,,,0,3.48343332807223,26.7810001373291,2.2100000381469727,2.2100000381469727,2.2100000381469727,5.7769999504089355,104.5029998421669,29.195112134489435,,2017-06-14 08:05:46
277323.6651872837,223470.67184313817,,,,,,,,,,,,,,,,,,,,,0,2.9847266445557277,19.765399932861328,2.234299898147583,0.0,2.234299898147583,38.79519963264465,89.54179933667183,43.63445882674877,,2021-07-17 03:50:03
277695.69340203813,205885.4375565974,,,,,,,,,,,,,,,,,,,,,0,3.486600004819532,32.611000061035156,0.3939999938011169,0.0,0.3939999938011169,4.858000072650611,104.59800014458597,30.06628704673296,,2019-08-09 05:27:04
277811.4681360164,217183.22009742455,,,,,,,,,,,,,,,,,,,,,0,5.5792333466311295,21.40800094604492,6.669000148773193,6.052999973297119,12.722000122070312,23.65500056743622,167.3770003989339,56.013609769860906,,2019-03-17 03:09:42
277916.9486868576,210848.3918667915,,,,,,,,,,,,,,,,,,,,,0,5.607133225599925,67.36599731445312,0.0,0.0,0.0,3.2350000739097595,168.21399676799774,61.23121523613041,,2019-05-02 18:22:47
278367.3105559267,220554.28903998632,,,,,,,,,,,,,,,,,,,,,0,2.6754666338364284,25.038000106811523,0.1650000065565109,0.0,0.1650000065565109,12.203999564051628,80.26399901509285,22.438603068413624,,2017-08-05 22:41:32
278407.22811708134,204781.2030359496,,,,,,,,,,,,,,,,,,,,,0,6.491199964781602,47.733001708984375,25.336999893188477,15.4399995803833,63.530999183654785,107.4189977645874,194.73599894344807,112.93360346288232,,2018-05-21 02:04:28
278613.54739302606,196183.82132391792,,,,,,,,,,,,,,,,,,,,,0,3.7852332989219577,24.76099967956543,24.76099967956543,0.0040000001899898,39.41299944324419,44.6899993638508,113.55699896765871,59.83925950533367,,2017-07-18 03:37:02
278753.0108915058,222677.21053725097,,,,,,,,,,,,,,,,,,,,,0,5.5465333497772615,20.22100067138672,8.593999862670898,1.381999969482422,9.97599983215332,18.23099994659424,166.39600049331784,57.75420298292427,,2019-03-13 00:19:19
278835.4922352347,206124.149954107,,,,,,,,,,,,,,,,,,,,,0,6.393799990415573,54.04199981689453,54.04199981689453,0.0,93.36100006103516,95.91700005531312,191.8139997124672,111.69153496316838,,2020-02-09 21:28:03
279003.05079448276,213789.0761718137,,,,,,,,,,,,,,,,,,,,,0,3.2633000213652847,26.2810001373291,7.821000099182129,7.821000099182129,7.9700001031160355,11.137000158429146,97.89900064095856,31.048297076977946,,2017-06-15 06:48:33
279022.6025019018,202472.24668915855,,,,,,,,,,,,,,,,,,,,,0,2.5264333446820575,32.749000549316406,32.749000549316406,32.749000549316406,32.749000549316406,39.21900057792664,75.79300034046173,55.025403971679054,,2019-12-02 23:29:27
279410.43073679873,199717.0465938923,,,,,,,,,,,,,,,,,,,,,0,4.645466697464387,27.25200080871582,0.0,0.0,0.0,10.42799997329712,139.3640009239316,36.399285907457084,,2019-03-21 05:32:30
279410.5848929893,220677.1042497932,,,,,,,,,,,,,,,,,,,,,0,1.4424333382979966,13.993000030517578,0.0,0.0,0.0,0.0,43.2730001489399,10.40287575552316,,2017-10-04 13:26:58
279671.5449363191,208808.8701195438,,,,,,,,,,,,,,,,,,,,,0,7.696466668446859,38.20500183105469,6.705999851226807,6.705999851226807,6.705999851226807,10.367999792099,230.89400005340576,56.809084593286464,,2018-06-15 22:12:04
279930.5280857175,220779.47458048348,,,,,,,,,,,,,,,,,,,,,0,0.9775466493641336,12.075900077819824,0.0120000001043081,0.0,0.0120000001043081,3.670699989423156,29.32639948092401,8.169479102360395,,2021-11-29 11:56:29
279983.61651590216,226497.5149395914,,,,,,,,,,,,,,,,,,,,,0,3.694100038552036,50.2130012512207,50.2130012512207,0.0,62.4900016784668,76.85200138669461,110.82300115656108,78.4966235234945,,2019-07-26 15:19:26
280030.5912618503,206122.92272221457,,,,,,,,,,,,,,,,,,,,,0,3.932759867111842,28.22209930419922,14.123199462890623,1.3044999837875366,15.427699446678162,20.802299082279205,117.98279601335526,38.70378476097306,,2021-08-11 14:43:09
280236.86925460555,208236.15322003912,,,,,,,,,,,,,,,,,,,,,0,3.4533333100999397,18.99099922180176,12.1850004196167,12.1850004196167,18.60300040245056,26.40800052881241,103.5999993029982,48.34018160960884,,2020-08-01 07:47:25
280311.6763841364,195494.62753160665,,,,,,,,,,,,,,,,,,,,,0,10.354976348082223,110.2179946899414,0.0,0.0,0.0,4.526199758052826,310.64929044246674,70.03749803005238,,2021-09-13 01:24:25
280313.22366552264,203391.2490746385,,,,,,,,,,,,,,,,,,,,,0,2.54846673582991,37.573001861572266,5.936999797821045,5.936999797821045,5.936999797821045,5.936999797821045,76.45400207489729,36.2234168320435,,2018-04-24 23:46:14
280447.61520212475,202559.78795698224,,,,,,,,,,,,,,,,,,,,,0,6.509600003560384,59.65599822998047,0.0,0.0,0.0,10.10099983215332,195.28800010681152,69.54937014189746,,2019-01-12 15:44:40
280545.9348669833,199840.56988130783,,,,,,,,,,,,,,,,,,,,,0,6.687899877130985,43.349998474121094,43.349998474121094,29.20199966430664,99.80599784851074,117.3499972075224,200.63699631392956,125.88397662920596,,2018-05-19 10:06:33
280660.1483568313,226104.869148552,,,,,,,,,,,,,,,,,,,,,0,5.003833341598511,60.33399963378906,60.33399963378906,0.0,65.1589994430542,83.00800037384033,150.11500024795532,99.22709090645245,,2019-04-23 22:13:21
280682.41714978556,212787.5872910945,,,,,,,,,,,,,,,,,,,,,0,1.7321000000772375,9.869000434875488,5.103000164031982,0.0,6.737000107765198,19.655999779701233,51.96300000231713,25.145365617052175,,2017-03-17 22:42:02
280694.2264250069,211158.4059042503,,,,,,,,,,,,,,,,,,,,,0,5.6936666541267185,34.36800003051758,13.598999977111816,6.814000129699707,20.747000098228455,52.21400010585785,170.80999962380156,90.99538290865124,,2019-06-23 11:52:33
280769.2097363242,218577.88903173985,,,,,,,,,,,,,,,,,,,,,0,2.855666647851467,43.069000244140625,0.0,0.0,0.0,1.7350000143051147,85.66999943554401,42.17099701780599,,2019-12-09 10:49:56
280911.9441024406,197382.7150081389,,,,,,,,,,,,,,,,,,,,,0,2.731933320996662,12.751999855041504,0.5920000076293945,0.5920000076293945,0.6040000077337027,16.695999747142196,81.95799962989986,33.52322911783091,,2017-07-08 17:02:59
281095.53250811243,227267.8214535509,,,,,,,,,,,,,,,,,,,,,0,0.846266690082848,12.81700038909912,12.81700038909912,2.0810000896453857,14.898000478744509,14.898000478744509,25.38800070248544,16.970726540281547,,2019-10-10 02:48:49
281118.9728679492,206139.6412876327,,,,,,,,,,,,,,,,,,,,,0,2.6353666460490786,16.562999725341797,0.0010000000474974,0.0,0.0010000000474974,0.0040000000735744,79.06099938147236,20.855926066932255,,2018-09-03 01:57:54
281199.8460000024,195284.1229707344,,,,,,,,,,,,,,,,,,,,,0,4.697600079638263,38.928001403808594,6.201000213623047,6.201000213623047,6.201000213623047,7.534000249579549,140.92800238914788,56.17476993646231,,2017-06-06 20:25:08
281328.9410088084,227268.55965138285,,,,,,,,,,,,,,,,,,,,,0,3.1767333641648294,32.707000732421875,0.0,0.0,0.0,0.0,95.30200092494488,32.45528504891891,,2020-11-21 13:11:49
281428.9920811366,201967.2410436962,,,,,,,,,,,,,,,,,,,,,0,0.5358333414963757,6.064000129699707,0.0,0.0,0.0,0.0010000000474974,16.07500024489127,4.72902754977399,,2019-09-23 09:47:43
281791.5350340255,217815.06854623443,,,,,,,,,,,,,,,,,,,,,0,4.217933390968635,34.56700134277344,12.118000030517578,0.0,13.962000012397766,22.526999592781067,126.53800172905903,38.82150699215962,,2017-07-31 15:57:49
282146.01503208856,204636.57235751787,,,,,,,,,,,,,,,,,,,,,0,3.5381065850456555,20.484600067138672,15.250499725341797,15.250499725341797,15.250499725341797,22.152299463748932,106.14319755136968,51.58578741548645,,2021-02-28 17:52:10
282274.29914903303,202645.29086470412,,,,,,,,,,,,,,,,,,,,,0,4.130366711659978,27.14800071716309,0.0049999998882412,0.0049999998882412,0.0049999998882412,29.04500067699701,123.91100134979934,53.78873613186431,,2019-07-12 17:33:13
282281.4862967299,227342.67955766848,,,,,,,,,,,,,,,,,,,,,0,4.572200013200442,79.81900024414062,0.4370000064373016,0.0,0.4370000064373016,27.19199985265732,137.16600039601326,57.227039358200905,,2020-04-30 10:18:47
282397.3670368399,209016.23997469255,,,,,,,,,,,,,,,,,,,,,0,2.235703246792158,15.56559944152832,8.341499328613281,0.0,8.669299334287643,45.20749804377556,67.07109740376472,41.75696258761313,,2021-06-16 07:27:51
282435.08782202,213662.83747648745,,,,,,,,,,,,,,,,,,,,,0,2.0706999798615775,32.65399932861328,0.0,0.0,0.0,7.749000072479248,62.12099939584732,27.564132319231305,,2017-10-21 20:37:47
282764.39093243034,206995.0136206504,,,,,,,,,,,,,,,,,,,,,0,5.984833317591498,62.57600021362305,7.960999965667725,7.960999965667725,18.113999843597412,33.16300010681152,179.54499952774495,63.54991318222774,,2018-11-08 02:08:06
282775.4623067645,204734.56645592116,,,,,,,,,,,,,,,,,,,,,0,3.156600041155859,29.28300094604492,10.095000267028809,0.2750000059604645,10.386000273749232,10.386000273749232,94.69800123467576,45.87262253810849,,2018-09-27 04:27:54
282804.7421304438,218240.6656546828,,,,,,,,,,,,,,,,,,,,,0,2.414723289012909,22.785799026489254,0.0,0.0,0.0,31.754299104213715,72.44169867038727,32.25173944976411,,2021-03-24 07:09:01
282980.26829679613,220279.6009599185,,,,,,,,,,,,,,,,,,,,,0,4.852933302583794,45.55699920654297,3.177000045776367,3.177000045776367,4.680999994277954,6.890999913215637,145.5879990775138,51.261760403431374,,2019-08-05 21:59:46
283022.50606241456,223149.1319670389,,,,,,,,,,,,,,,,,,,,,0,1.512866661682104,10.993000030517578,0.8840000033378601,0.0,0.8840000033378601,1.034999996423721,45.38599985046312,12.57242817377472,,2018-09-05 10:33:50
283051.24660056474,198177.61591558595,,,,,,,,,,,,,,,,,,,,,0,2.4973666629443567,18.219999313354492,0.1550000011920929,0.1550000011920929,0.1660000011324882,14.075000397861004,74.9209998883307,35.21591054471997,,2018-07-06 11:27:16
283619.23303147923,224139.89328437115,,,,,,,,,,,,,,,,,,,,,0,5.611099993619913,23.31599998474121,12.194000244140623,0.2010000050067901,17.556000024080276,37.61300054192543,168.33299980859738,66.15605241676703,,2018-07-25 01:39:32
283780.0800445007,217134.0081634361,,,,,,,,,,,,,,,,,,,,,0,5.246666683753332,21.354999542236328,8.725000381469727,0.0,16.521000385284424,16.521000385284424,157.40000051259997,58.35096843704896,,2019-03-12 22:52:32
284201.97579311667,193096.21686332228,,,,,,,,,,,,,,,,,,,,,0,7.864833386552831,53.10900115966797,0.0,0.0,0.0,29.586000204086304,235.94500159658492,79.69964215036589,,2018-08-26 14:35:57
284256.87658335123,215097.68190358407,,,,,,,,,,,,,,,,,,,,,0,2.2926666315606172,21.57799911499023,0.6010000109672546,0.0,0.6010000109672546,5.7329999804496765,68.77999894681852,18.345199184399675,,2018-06-20 19:24:23
284425.1048369537,201138.8159319614,,,,,,,,,,,,,,,,,,,,,0,4.594566667079926,46.92499923706055,2.256999969482422,2.256999969482422,2.256999969482422,2.256999969482422,137.83700001239777,28.309532825145485,,2019-11-24 01:49:01
284430.4334146532,200101.35915365643,,,,,,,,,,,,,,,,,,,,,0,2.7859000528852147,20.48900032043457,0.0860000029206276,0.0,0.0860000029206276,15.818000353872776,83.57700158655643,31.345795323588973,,2020-12-10 22:29:14
284579.08381413826,198949.43256849775,,,,,,,,,,,,,,,,,,,,,0,2.663039931282401,23.75459861755371,0.0,0.0,0.0,28.409298419952393,79.89119793847203,37.74418954615606,,2021-07-06 05:59:05
284681.2445665745,208784.25486948848,,,,,,,,,,,,,,,,,,,,,0,2.16743338353311,21.891000747680664,21.197999954223633,21.197999954223633,29.824000358581543,29.824000358581543,65.0230015059933,43.18840851534299,,2017-12-22 05:10:31
284782.26479145756,215348.2647184162,,,,,,,,,,,,,,,,,,,,,0,2.0533000335718197,15.522000312805176,0.0,0.0,0.0,0.025000000372529,61.599001007154584,22.310721420137995,,2017-09-21 18:09:34
284811.34456544067,218008.98112675853,,,,,,,,,,,,,,,,,,,,,0,4.00633331934611,21.354999542236328,4.191999912261963,4.191999912261963,4.191999912261963,26.205999851226807,120.1899995803833,64.7206610215463,,2019-03-02 06:04:02
284900.8610596339,209591.15046414235,,,,,,,,,,,,,,,,,,,,,0,2.6680999606847764,27.018999099731445,0.0,0.0,0.0,2.2740000188350677,80.04299882054329,32.8258671716572,,2020-01-23 17:23:38
285006.5828301099,196358.07688805973,,,,,,,,,,,,,,,,,,,,,0,3.2667333532047147,61.64400100708008,0.0,0.0,0.0,7.769000053405762,98.00200059614144,41.34806249678216,,2017-10-22 07:42:14
285043.72747405904,198222.8258206324,,,,,,,,,,,,,,,,,,,,,0,1.925319975800812,10.66160011291504,4.654699802398682,0.0,4.654699802398682,7.38229972217232,57.75959927402437,24.948915159356694,,2021-07-02 15:13:46
285085.22295880236,221173.1100035229,,,,,,,,,,,,,,,,,,,,,0,6.164566531280676,36.52399826049805,2.6619999408721924,0.0,2.6619999408721924,35.435999155044556,184.9369959384203,83.5563969606981,,2019-06-28 11:16:10
285172.870290744,195038.2330347438,,,,,,,,,,,,,,,,,,,,,0,7.027066645026207,47.5629997253418,0.0,0.0,0.0,0.0,210.8119993507862,59.584712807953096,,2019-07-03 03:24:50
285437.1482020046,222945.52762913116,,,,,,,,,,,,,,,,,,,,,0,4.883156549309691,57.50239944458008,19.52389907836914,0.0,19.52389907836914,19.52389907836914,146.49469647929072,54.98578391969721,,2021-04-13 07:42:20
285845.62517962063,221739.07645708043,,,,,,,,,,,,,,,,,,,,,0,2.2811000084892536,11.958000183105469,11.958000183105469,0.2150000035762787,15.521000236272812,22.8690000732895,68.43300025467761,35.75843716072416,,2020-07-01 23:36:41
285994.14767036773,214806.13250433095,,,,,,,,,,,,,,,,,,,,,0,2.3551865617434182,35.488197326660156,2.34879994392395,0.0,3.2268999218940735,5.050699889659882,70.65559685230255,20.320379319272813,,2021-11-07 12:34:24
286040.42641257646,194416.6296667824,,,,,,,,,,,,,,,,,,,,,0,4.7910667012600845,27.38999938964844,0.0,0.0,0.0,18.3580002784729,143.73200103780255,61.91297053976739,,2017-08-22 19:22:37
286052.9129300516,208146.18274643112,,,,,,,,,,,,,,,,,,,,,0,2.5611666679382323,11.30799961090088,4.90500020980835,0.0,4.90500020980835,4.90500020980835,76.83500003814697,23.994097155422697,,2019-03-25 09:06:42
286284.33546866564,220016.6481059272,,,,,,,,,,,,,,,,,,,,,0,3.4811965584754945,19.967199325561523,0.0,0.0,0.0,28.996999263763428,104.43589675426485,43.827606749479614,,2021-02-23 08:47:26
286314.12697739754,227420.48939636676,,,,,,,,,,,,,,,,,,,,,0,4.363226600488027,56.0994987487793,0.0,0.0,0.0,0.0,130.8967980146408,43.22037825235856,,2021-04-11 14:23:00
286338.8924671991,220787.7003448659,,,,,,,,,,,,,,,,,,,,,0,5.253400013844172,70.16500091552734,38.01300048828125,0.0,38.50900048017502,38.50900048017502,157.60200041532516,88.8358726007084,,2017-11-01 17:24:49
286416.93256917445,225598.07203386995,,,,,,,,,,,,,,,,,,,,,0,4.575213229927855,24.141199111938477,18.95319938659668,7.714200019836426,32.389599323272705,32.7548993229866,137.25639689783566,66.07801398384802,,2021-06-24 11:50:30
286487.59922976734,194150.6513377406,,,,,,,,,,,,,,,,,,,,,0,2.1293666462103524,22.26099967956543,0.0,0.0,0.0,0.0,63.88099938631058,15.381758317342202,,2018-01-05 23:56:17
286607.1023607586,203293.07121034717,,,,,,,,,,,,,,,,,,,,,0,3.0332999361058075,25.292999267578125,25.257999420166016,0.3849999904632568,27.73599934577942,27.73599934577942,90.99899808317424,52.35952679482821,,2017-09-15 19:16:55
286656.7981548552,209591.63027257985,,,,,,,,,,,,,,,,,,,,,0,3.3133333127324778,49.04999923706055,0.0,0.0,0.0,3.258000075817108,99.39999938197434,44.27382522906437,,2019-09-01 00:16:09
286751.4061245128,215787.8277622347,,,,,,,,,,,,,,,,,,,,,0,2.153399998135865,18.80900001525879,15.454999923706056,0.0,15.454999923706056,31.8370001912117,64.60199994407594,32.47733822317404,,2020-12-07 03:17:15
286909.3111681818,221891.97146393883,,,,,,,,,,,,,,,,,,,,,0,2.167769964536031,19.402000427246097,2.785799980163574,0.0,2.785799980163574,2.785799980163574,65.03309893608093,25.253421515906464,,2021-06-06 11:45:40
286949.6255264719,208594.85573005996,,,,,,,,,,,,,,,,,,,,,0,2.099133282899857,43.23899841308594,0.0,0.0,0.0,5.192999839782715,62.9739984869957,26.16173094975696,,2018-01-27 14:48:31
286957.6154239172,197603.92400971384,,,,,,,,,,,,,,,,,,,,,0,0.6626933157444,15.317099571228027,0.7833999991416931,0.7833999991416931,0.7833999991416931,0.8935999944806099,19.880799472332,3.737047228622751,,2021-12-12 04:08:44
287133.1323369441,198124.0309967203,,,,,,,,,,,,,,,,,,,,,0,2.7913333787272374,50.137001037597656,0.0,0.0,0.0,5.239999771118164,83.74000136181712,21.897104764793497,,2017-11-24 12:11:40
287146.3582696513,213372.4193493001,,,,,,,,,,,,,,,,,,,,,0,3.4199667314688367,55.19200134277344,5.418000221252441,5.418000221252441,5.418000221252441,5.902000218629837,102.5990019440651,25.60227686057236,,2020-11-27 08:39:16
287308.5707679151,203496.40727298308,,,,,,,,,,,,,,,,,,,,,0,4.477983194589615,30.53769874572754,0.4389999806880951,0.4389999806880951,0.4389999806880951,11.149099797010422,134.33949583768845,53.70247466310913,,2021-08-02 17:09:48
287401.62311392,206132.94910164116,,,,,,,,,,,,,,,,,,,,,0,2.232833302207291,17.6299991607666,5.755000114440918,5.755000114440918,5.755000114440918,16.98799991607666,66.98499906621873,30.878788811425277,,2017-03-23 17:34:33
287529.15129576286,203896.96889712889,,,,,,,,,,,,,,,,,,,,,0,1.75351329393064,17.431499481201172,0.0,0.0,0.0,14.23599973320961,52.605398817919195,22.157164632293252,,2021-06-19 12:57:46
287786.2987357876,199814.0522503174,,,,,,,,,,,,,,,,,,,,,0,3.010900002469619,26.4060001373291,0.0,0.0,0.0,10.30999994277954,90.32700007408856,30.555826710646382,,2018-07-13 08:54:00
287855.1961629901,194376.6811604608,,,,,,,,,,,,,,,,,,,,,0,8.229466585318248,124.1709976196289,21.608999252319336,10.354999542236328,32.642998814582825,32.642998814582825,246.88399755954745,90.56162043617294,,2019-05-07 22:32:40
287894.36374365474,202364.2414963602,,,,,,,,,,,,,,,,,,,,,0,1.4338666439056396,17.6299991607666,17.6299991607666,0.0,17.6299991607666,22.631999254226685,43.01599931716919,25.087813342639723,,2017-03-05 07:33:06
287953.52879655367,211060.44927562456,,,,,,,,,,,,,,,,,,,,,0,3.5268699391977862,19.10140037536621,5.775899887084961,0.0,5.776899887016043,26.57920022099279,105.80609817593358,45.57413867951934,,2021-02-25 18:44:06
288021.44871730893,206491.69951269543,,,,,,,,,,,,,,,,,,,,,0,4.343066684777538,61.50600051879883,4.4029998779296875,0.7379999756813049,5.140999853610992,67.02100038528442,130.29200054332614,55.76362274705676,,2020-04-20 14:14:17
288097.39490895916,227347.49111880505,,,,,,,,,,,,,,,,,,,,,0,2.0332333557773383,11.239999771118164,10.050000190734863,0.0,10.050000190734863,10.050000190734863,60.997000673320144,22.466985509106618,,2019-04-03 02:07:42
288456.80762073083,202107.5731785522,,,,,,,,,,,,,,,,,,,,,0,0.7777333507935206,10.777000427246094,0.0,0.0,0.0,0.2199999988079071,23.33200052380562,10.205529102242746,,2019-09-25 11:44:39
288588.28794894594,214534.9640293879,,,,,,,,,,,,,,,,,,,,,0,5.458766602476438,49.75699996948242,0.0,0.0,0.0,24.22099995613098,163.76299807429314,72.39110963727774,,2020-02-19 20:07:37
288755.953494701,225609.16445015036,,,,,,,,,,,,,,,,,,,,,0,1.8891666491826375,31.458999633789062,0.0,0.0,0.0,10.265000343322754,56.674999475479126,26.450714794453265,,2017-10-21 06:08:29
288964.15693009633,210358.52904694265,,,,,,,,,,,,,,,,,,,,,0,2.9163666687246104,14.21500015258789,0.0,0.0,0.0,17.675000190734863,87.4910000617383,39.24452465611753,,2018-07-31 03:19:01
289167.77032129787,202524.4719975044,,,,,,,,,,,,,,,,,,,,,0,5.660633325514694,55.25,6.473999977111816,6.473999977111816,14.270999670028688,29.638999700546265,169.81899976544082,59.20093290521761,,2018-11-08 22:23:45
289230.0893147663,211949.81209238336,,,,,,,,,,,,,,,,,,,,,0,3.261500056584676,55.19200134277344,0.4839999973773956,0.0,0.4839999973773956,0.4839999973773956,97.84500169754028,23.367542723495607,,2020-11-25 03:57:25
289445.13043963205,196675.93731940584,,,,,,,,,,,,,,,,,,,,,0,6.010866690116624,43.847999572753906,38.1879997253418,0.0189999993890523,38.31799972616136,38.31799972616136,180.32600070349872,83.48747742608656,,2018-11-27 08:43:46
289484.1915905319,207208.5837447692,,,,,,,,,,,,,,,,,,,,,0,6.020666688680649,50.82600021362305,5.060999870300293,4.699999809265137,12.158999681472778,42.66799974441528,180.62000066041944,96.26791908296336,,2020-08-09 22:47:53
289565.7030422309,228141.9769110301,,,,,,,,,,,,,,,,,,,,,0,3.7579334121818344,36.255001068115234,2.8580000400543213,0.0,2.8580000400543213,41.77300047874451,112.73800236545505,49.45222634008903,,2018-11-01 02:56:54
289690.9688597981,210509.0967478037,,,,,,,,,,,,,,,,,,,,,0,6.027000017960867,38.58300018310547,28.673999786376953,28.673999786376953,28.673999786376953,28.673999786376953,180.810000538826,80.6628468964289,,2018-11-25 11:37:32
289787.58904739184,194463.47782692607,,,,,,,,,,,,,,,,,,,,,0,4.4846666872501375,46.51900100708008,0.0,0.0,0.0,120.77300071716309,134.54000061750412,93.82257203990908,,2019-06-15 12:57:58
289813.26119848224,203576.14951895553,,,,,,,,,,,,,,,,,,,,,0,2.212659935156504,15.756799697875977,9.419699668884276,0.0,9.419699668884276,19.65649962425232,66.37979805469513,33.650375703648834,,2021-05-16 01:49:02
289832.5711933171,209555.7705659328,,,,,,,,,,,,,,,,,,,,,0,3.850866711139679,29.35300064086914,29.35300064086914,0.0,39.29900074005127,61.07600164413452,115.52600133419035,72.69977658096457,,2019-10-29 19:21:05
290022.73389131064,219784.79443995457,,,,,,,,,,,,,,,,,,,,,0,6.704633388419946,50.944000244140625,0.9679999947547911,0.2240000069141388,1.7510000169277191,86.25100199878216,201.1390016525984,107.12315748407654,,2018-08-09 05:45:34
290221.95105920447,195487.50090524252,,,,,,,,,,,,,,,,,,,,,0,5.401066634555658,45.78300094604492,0.0,0.0,0.0,0.0,162.03199903666973,55.81545412480953,,2017-04-17 09:39:36
290373.91743072,195537.37163446145,,,,,,,,,,,,,,,,,,,,,0,2.315266643961271,43.92300033569336,0.4449999928474426,0.0,0.4449999928474426,18.22099906206131,69.45799931883812,18.9350856081767,,2019-09-22 15:11:46
290473.9539115434,199044.18010596352,,,,,,,,,,,,,,,,,,,,,0,7.830233420183261,35.900001525878906,15.34000015258789,0.0,15.34000015258789,42.03400018811226,234.90700260549784,91.5762220565476,,2020-08-19 18:21:50
290571.69142011966,209426.8205610155,,,,,,,,,,,,,,,,,,,,,0,2.6806333559254805,16.48200035095215,0.0,0.0,0.0,0.0460000000894069,80.41900067776442,25.14625505769199,,2017-08-26 02:33:42
290576.17151655944,228899.28535399152,,,,,,,,,,,,,,,,,,,,,0,3.333866698543231,21.399999618530273,3.2190001010894775,3.2190001010894775,4.14300012588501,33.15100085735321,100.01600095629692,44.936909036699674,,2020-09-06 07:50:24
290862.33389584965,230600.15528114745,,,,,,,,,,,,,,,,,,,,,0,3.0668666165632508,37.65399932861328,0.0,0.0,0.0,13.831000213511288,92.00599849689752,29.843632006328267,,2017-11-24 03:57:06
290868.6350536636,222783.36142191404,,,,,,,,,,,,,,,,,,,,,0,6.4039333383242285,34.96799850463867,30.784000396728516,0.0,32.04300034046173,94.79100143909454,192.11800014972687,95.53661635740738,,2017-04-27 11:11:44
290972.6327091258,227279.42056608008,,,,,,,,,,,,,,,,,,,,,0,2.1095465941519556,16.41309928894043,16.41309928894043,16.41309928894043,28.240398645401,28.240398645401,63.28639782455866,37.212354670084295,,2021-10-07 15:15:04
291305.7860813208,218032.6655896626,,,,,,,,,,,,,,,,,,,,,0,6.026893186817566,63.070796966552734,0.2496999949216842,0.2496999949216842,0.3572999909520149,27.356099672615528,180.806795604527,55.58218744473884,,2021-04-16 22:35:19
291436.88744614896,232345.6938714155,,,,,,,,,,,,,,,,,,,,,0,3.4087666305558133,32.911800384521484,14.668299674987791,14.668299674987791,15.87209963798523,18.100799571722742,102.2629989166744,49.03987640298365,,2021-08-16 08:15:40
291533.54709675256,197241.61442826336,,,,,,,,,,,,,,,,,,,,,0,5.0084332996940555,45.10499954223633,25.624000549316406,25.624000549316406,25.624000549316406,25.624000549316406,150.25299899082165,92.0180644848166,,2019-06-19 06:59:33
291621.4781574693,195133.2000272134,,,,,,,,,,,,,,,,,,,,,0,7.235699910856783,41.862998962402344,15.76200008392334,0.0,19.353000164031982,24.89700025320053,217.0709973257035,90.54266980885858,,2017-05-04 10:45:26
291816.3937725756,222787.24619108604,,,,,,,,,,,,,,,,,,,,,0,2.913733348250389,22.25,22.25,22.25,23.209999978542328,45.76000064611435,87.41200044751167,52.03926662709448,,2018-02-12 17:42:21
291880.80318924977,227543.69388008068,,,,,,,,,,,,,,,,,,,,,0,2.145888879481289,10.637999534606934,2.197999954223633,2.197999954223633,2.7209999561309814,4.938999950885773,38.6259998306632,17.282441722045615,,2017-01-19 02:19:45
291993.7542757035,194023.70448519263,,,,,,,,,,,,,,,,,,,,,0,6.205533326102886,36.994998931884766,2.2860000133514404,0.0,3.815999984741211,21.781000196933743,186.1659997830866,60.01285005696983,,2020-09-04 17:57:13
292048.68169977947,216058.79296700173,,,,,,,,,,,,,,,,,,,,,0,2.808266617854436,49.42599868774414,0.0,0.0,0.0,0.0,84.24799853563309,23.127366515632545,,2017-10-04 11:37:33
292112.39535593806,224545.29351429225,,,,,,,,,,,,,,,,,,,,,0,6.749166616797448,76.89299774169922,5.423999786376953,5.423999786376953,5.423999786376953,11.411999732255936,202.47499850392344,74.89632320844873,,2017-11-08 07:58:19
292188.4331981142,219103.4803053673,,,,,,,,,,,,,,,,,,,,,0,7.028566717108091,82.48300170898438,52.757999420166016,0.4519999921321869,53.2099994122982,135.69300112128258,210.85700151324272,125.09004710595114,,2017-10-31 08:10:38
292223.4092833479,220389.8633193597,,,,,,,,,,,,,,,,,,,,,0,5.254900070031484,82.48300170898438,0.0,0.0,0.0,92.5210018157959,157.64700210094452,93.56384220548148,,2017-10-28 09:49:20
292345.4429599116,229126.34506107823,,,,,,,,,,,,,,,,,,,,,0,3.10559996565183,43.597999572753906,3.319999933242798,2.4570000171661377,5.7769999504089355,14.78599977493286,93.1679989695549,30.49424705638993,,2018-05-12 20:10:49
292380.5792475665,229809.26045050364,,,,,,,,,,,,,,,,,,,,,0,3.531099971135457,29.927000045776367,7.448999881744385,0.0,7.448999881744385,14.601999819278715,105.93299913406372,51.43086543248045,,2020-06-01 18:05:20
292428.9648212555,198806.89815639923,,,,,,,,,,,,,,,,,,,,,0,7.084113193551699,73.7688980102539,0.3536999821662903,0.0898000001907348,0.4434999823570251,28.701800048351288,212.52339580655095,63.13208911451704,,2021-04-16 09:09:31
292562.7154405225,198192.88804664204,,,,,,,,,,,,,,,,,,,,,0,4.152856661379337,33.15999984741211,1.7077999114990234,1.7077999114990234,1.7077999114990234,8.524499714374542,124.58569984138012,40.591644516094085,,2021-01-13 20:46:04
292596.73478217615,201563.98998288155,,,,,,,,,,,,,,,,,,,,,0,2.4654333100188524,30.01099967956543,0.531000018119812,0.531000018119812,0.6200000210665166,11.571999685373155,73.96299930056557,32.59305566737452,,2018-03-16 18:30:40
292626.1803574884,219269.45397100243,,,,,,,,,,,,,,,,,,,,,0,4.3662666340669,29.743000030517575,2.6640000343322754,0.6869999766349792,3.351000010967254,4.972000062465668,130.987999022007,42.60442489394765,,2017-06-09 23:03:59
292670.11931039236,227691.4349989124,,,,,,,,,,,,,,,,,,,,,0,2.5913076830598025,10.637999534606934,1.187000036239624,0.0,1.187000036239624,12.207000017166138,33.68699987977743,18.42379019162793,,2017-01-14 10:28:02
292695.8827559508,225276.53100512625,,,,,,,,,,,,,,,,,,,,,0,5.6982666076781845,45.52199935913086,0.7609999775886536,0.0,0.7609999775886536,12.351000130176544,170.94799823034555,52.162829346490874,,2019-01-17 18:21:58
292796.9760267923,194586.0300679489,,,,,,,,,,,,,,,,,,,,,0,4.167111015982098,13.69499969482422,13.69499969482422,0.0,13.69499969482422,26.43199923634529,37.50399914383888,26.876895880761303,,2017-01-10 16:26:59
292808.6231601033,198774.45702808583,,,,,,,,,,,,,,,,,,,,,0,8.809466766597081,35.900001525878906,11.861000061035156,0.0070000002160668,22.734000236727297,53.87900093290955,264.28400299791247,101.71729331587382,,2020-08-25 18:56:48
292944.23445740616,207788.4155586159,,,,,,,,,,,,,,,,,,,,,0,1.610399956504504,17.688499450683594,6.182299613952637,6.182299613952637,7.466199636459351,10.123299598693848,48.31199869513512,25.525968705105992,,2021-02-08 13:20:27
293269.89815202216,230278.37641486523,,,,,,,,,,,,,,,,,,,,,0,3.21481324210763,32.439998626708984,3.211699962615967,0.0,4.791499972343445,22.35039919614792,96.4443972632289,37.40755179611598,,2021-01-08 16:40:43
293326.56738434336,224781.5486078195,,,,,,,,,,,,,,,,,,,,,0,3.111533279220263,25.674999237060547,7.934999942779541,7.934999942779541,7.934999942779541,36.393999099731445,93.3459983766079,50.54763828846835,,2019-04-20 13:29:10
293361.9433719152,202459.30116298067,,,,,,,,,,,,,,,,,,,,,0,5.325966654283305,71.55500030517578,0.0,0.0,0.0,0.0379999987781047,159.77899962849915,38.17507035730079,,2017-11-19 14:38:52
293501.76363266027,194133.48369379176,,,,,,,,,,,,,,,,,,,,,0,4.2676666965087255,17.43400001525879,2.078000068664551,1.7050000429153442,3.783000111579895,23.35200011730194,128.03000089526176,49.454999354558126,,2017-07-13 17:02:42
293530.7175218664,208372.6564577353,,,,,,,,,,,,,,,,,,,,,0,4.9736665745576225,75.50299835205078,0.0,0.0,0.0,0.0,149.20999723672867,55.33409430842857,,2020-11-09 01:59:44
293560.58605861105,211247.54034492665,,,,,,,,,,,,,,,,,,,,,0,3.936133307684213,33.784000396728516,33.784000396728516,2.447999954223633,36.23200035095215,36.23200035095215,118.0839992305264,63.01686397454257,,2018-08-02 18:41:00
293583.13704552845,202184.39108550356,,,,,,,,,,,,,,,,,,,,,0,3.782103303819895,34.659000396728516,0.5730999708175659,0.0,1.0296999514102936,33.90509858727455,113.46309911459684,46.59744339400411,,2021-01-08 22:34:52
293673.733583491,223336.38962043665,,,,,,,,,,,,,,,,,,,,,0,4.857166696215669,62.86600112915039,19.621999740600582,1.75600004196167,21.42099978402257,25.276999730616808,145.71500088647008,68.46143517555143,,2020-04-22 12:45:47
293749.5874157171,231972.27896635313,,,,,,,,,,,,,,,,,,,,,0,2.3922000487645465,20.926000595092773,0.0,0.0,0.0,2.753999948501587,71.7660014629364,26.05140779122863,,2019-02-03 03:11:06
293982.7955207145,204174.1533881043,,,,,,,,,,,,,,,,,,,,,0,5.325966654283305,71.55500030517578,0.0379999987781047,0.0,0.0379999987781047,1.9129999987781048,159.77899962849915,47.29801878219125,,2017-11-16 17:06:39
294032.1108595751,232292.77715283167,,,,,,,,,,,,,,,,,,,,,0,1.6472000002861025,9.760000228881836,5.354000091552734,0.0,5.765000104904175,6.15500009059906,49.41600000858307,21.150131381792768,,2017-03-10 06:40:11
294075.8732906035,213252.50891902455,,,,,,,,,,,,,,,,,,,,,0,3.0874666968981423,26.968000411987305,1.0420000553131104,1.0420000553131104,1.7380000352859497,11.346000075340273,92.62400090694427,43.45274744929095,,2018-02-19 17:03:21
294206.7932488048,228669.13493605104,,,,,,,,,,,,,,,,,,,,,0,4.122133306662241,20.650999069213867,20.650999069213867,0.0,20.650999069213867,37.77099907398224,123.66399919986723,57.62515387380143,,2020-09-21 04:34:56
294340.4252158123,232799.53252910724,,,,,,,,,,,,,,,,,,,,,0,4.736766674121221,27.441999435424805,27.441999435424805,11.125,57.64099884033203,100.26099967956544,142.10300022363663,96.200679545714,,2018-05-21 17:55:37
294380.8786765515,214724.81771393697,,,,,,,,,,,,,,,,,,,,,0,2.9750999694069225,29.871999740600582,3.6050000190734863,0.375,3.9800000190734863,75.01399898529053,89.25299908220768,58.4650913958048,,2018-07-02 11:41:03
294424.89015212684,204597.95005167864,,,,,,,,,,,,,,,,,,,,,0,3.4770666951934497,36.04199981689453,36.04199981689453,0.0,36.04199981689453,55.25700008869171,104.31200085580348,67.75137840674701,,2019-04-18 12:30:39
294496.6340422133,219322.92251301857,,,,,,,,,,,,,,,,,,,,,0,6.085966537132238,87.96499633789062,3.184000015258789,3.184000015258789,3.184000015258789,43.00800051889382,182.57899611396715,66.96604569863175,,2019-05-10 18:00:49
294610.3628245119,226853.29451552025,,,,,,,,,,,,,,,,,,,,,0,6.623566612415016,39.4379997253418,0.6159999966621399,0.0,0.6159999966621399,2.9299999475479126,198.70699837245047,57.24706186099531,,2019-07-04 09:45:40
294611.1845791601,210389.21022478509,,,,,,,,,,,,,,,,,,,,,0,3.5648000500475368,43.124000549316406,0.0,0.0,0.0,0.2720000147819519,106.9440015014261,35.406326374295006,,2020-10-21 01:55:08
294751.14976582484,203876.8578712273,,,,,,,,,,,,,,,,,,,,,0,2.4023832589387895,24.365598678588867,12.66510009765625,0.0,13.791200041770937,27.84589970111847,72.07149776816368,38.61503614072859,,2021-06-16 17:43:18
294873.9878995816,194554.16893403852,,,,,,,,,,,,,,,,,,,,,0,2.1343666474024454,24.944000244140625,0.0,0.0,0.0,3.11299991607666,64.03099942207336,21.927582732575143,,2017-12-31 19:58:45
294951.5020343773,204709.48454238693,,,,,,,,,,,,,,,,,,,,,0,2.1701666387418905,20.173999786376953,6.0920000076293945,2.0369999408721924,8.128999948501587,13.580999992787838,65.10499916225672,33.191624476837205,,2020-06-24 18:49:56
295020.20716471673,211115.5840317018,,,,,,,,,,,,,,,,,,,,,0,2.8634599044919016,18.320798873901367,0.0,0.0,0.0,4.010199785232544,85.90379713475704,36.29255295088546,,2021-02-27 20:58:45
295048.5496476993,203246.1578296096,,,,,,,,,,,,,,,,,,,,,0,7.566033204396565,74.23799896240234,3.786999940872192,3.786999940872192,3.786999940872192,21.24500024318695,226.98099613189697,63.86848209991375,,2019-01-19 15:37:57
295052.9961631003,220336.00395053875,,,,,,,,,,,,,,,,,,,,,0,4.940266684194406,20.41200065612793,11.913000106811523,0.0,11.913000106811523,29.42099952697754,148.20800052583218,70.79791725837694,,2019-03-06 06:29:24
295219.38354984793,215067.0674371044,,,,,,,,,,,,,,,,,,,,,0,2.809233302172894,46.895999908447266,8.38599967956543,8.38599967956543,14.465999603271484,14.465999603271484,84.27699906518683,25.04942777425446,,2019-06-08 03:38:05
295267.3475991924,229594.2422237204,,,,,,,,,,,,,,,,,,,,,0,1.6856000125408173,19.520000457763672,19.520000457763672,19.520000457763672,21.06100046634674,33.19300043582916,50.56800037622452,35.00454050781731,,2017-12-10 12:15:45
295420.40203443926,198550.2906002751,,,,,,,,,,,,,,,,,,,,,0,3.2359666724999747,42.65999984741211,12.52299976348877,0.0,18.871999740600582,20.399999737739563,97.07900017499924,31.860618988606717,,2019-09-17 14:18:59
295445.51491012407,226879.22579800023,,,,,,,,,,,,,,,,,,,,,0,3.1478999972343447,28.844999313354492,0.0,0.0,0.0,43.94399976730347,94.43699991703032,45.12685342353649,,2020-12-21 17:10:21
295472.7389426399,197234.64646989873,,,,,,,,,,,,,,,,,,,,,0,3.1314000368118284,30.224000930786133,6.664000034332275,0.0,11.124000072479248,43.732001066207886,93.94200110435486,49.70902525740699,,2020-12-19 02:33:56
295802.1891799971,215012.48948200297,,,,,,,,,,,,,,,,,,,,,0,4.996533421923717,73.01200103759766,0.0,0.0,0.0,0.0,149.8960026577115,55.65666962203906,,2020-11-09 22:08:40
295808.48625471006,218307.39209112377,,,,,,,,,,,,,,,,,,,,,0,5.629166676104068,20.41200065612793,4.3470001220703125,0.0,4.3470001220703125,23.068999707698826,168.87500028312206,58.25192604908834,,2019-03-14 07:04:28
295891.9196566675,218110.94555954312,,,,,,,,,,,,,,,,,,,,,0,3.246299998710553,20.284000396728516,0.0549999997019767,0.0,0.0549999997019767,29.73900001496077,97.3889999613166,38.411743542477694,,2017-08-04 08:39:30
295904.365402789,207523.2172539229,,,,,,,,,,,,,,,,,,,,,0,3.532633355492726,19.81100082397461,19.81100082397461,19.81100082397461,23.56900095939636,32.17600101232529,105.97900066478178,52.89678276517111,,2020-08-01 15:09:46
295948.0478529803,216936.79822097416,,,,,,,,,,,,,,,,,,,,,0,5.4539999108761545,81.91899871826172,81.91899871826172,81.91899871826172,81.91899871826172,95.4879984855652,163.61999732628465,110.44282221256331,,2017-09-13 22:54:36
295977.8373816837,197386.61687492783,,,,,,,,,,,,,,,,,,,,,0,4.3713332715754705,32.71099853515625,2.921999931335449,0.0,2.921999931335449,13.158999681472778,131.13999814726412,38.25241774799113,,2017-06-12 21:11:30
296281.110349306,224787.33184031633,,,,,,,,,,,,,,,,,,,,,0,4.910599939525127,41.25,3.538000106811523,3.538000106811523,6.488000154495239,37.727999806404114,147.31799818575382,46.139835130900195,,2017-06-21 20:58:04
296328.2294862688,221770.2458078762,,,,,,,,,,,,,,,,,,,,,0,7.314633283019066,43.86600112915039,7.0229997634887695,2.36299991607666,11.18999969959259,66.02799946069717,219.438998490572,98.00569445779207,,2017-05-31 23:34:26
296343.7659014195,232482.75778697917,,,,,,,,,,,,,,,,,,,,,0,3.810500036366284,51.005001068115234,0.0,0.0,0.0,18.81599998474121,114.31500109098852,33.14372731575412,,2019-08-19 19:46:45
296394.66311237606,225175.82621798688,,,,,,,,,,,,,,,,,,,,,0,3.3068265695124865,28.42999839782715,9.842100143432615,0.0,16.50759983062744,17.07299981638789,99.2047970853746,41.04360708424965,,2021-07-30 17:19:07
296446.95718918456,209036.90837595877,,,,,,,,,,,,,,,,,,,,,0,3.5565332531929017,17.764999389648438,16.45199966430664,0.9729999899864196,25.34099954366684,30.534999310970303,106.69599759578703,47.39132518088151,,2020-01-06 04:18:54
296566.6700286345,204679.07617171467,,,,,,,,,,,,,,,,,,,,,0,4.602783151467642,49.36369705200195,0.0,0.0,0.0,0.0,138.08349454402924,46.25700569549338,,2021-10-22 11:07:03
296627.51561175747,219512.35070897496,,,,,,,,,,,,,,,,,,,,,0,4.391933322697878,23.468000411987305,1.412999987602234,1.412999987602234,3.226000010967254,47.5469987988472,131.75799968093634,63.97823502233194,,2017-08-19 11:05:46
296696.535899024,209154.00583584773,,,,,,,,,,,,,,,,,,,,,0,2.36086669874688,29.51300048828125,0.0,0.0,0.0,0.8690000176429749,70.8260009624064,23.791099358840025,,2020-04-09 14:13:57
296768.4878471714,196040.35364425677,,,,,,,,,,,,,,,,,,,,,0,4.380936542153359,32.594600677490234,4.8414998054504395,4.8414998054504395,10.992099523544312,10.992099523544312,131.42809626460075,41.281609571889405,,2021-07-11 14:27:59
296830.48333557445,204631.03063258348,,,,,,,,,,,,,,,,,,,,,0,4.141233350833257,31.53700065612793,1.0759999752044678,1.0759999752044678,1.6119999885559082,11.724999904632568,124.23700052499773,55.19249899777577,,2018-02-19 02:37:46
297007.81538619235,211235.08680251407,,,,,,,,,,,,,,,,,,,,,0,4.4523666570583975,49.51599884033203,0.0,0.0,0.0,16.131000518798828,133.57099971175194,38.979391886952264,,2020-03-08 02:10:04
297329.88817429787,211978.62079927843,,,,,,,,,,,,,,,,,,,,,0,3.7496666466196378,58.292999267578125,11.298999786376951,3.1579999923706055,14.45699977874756,41.27300016582012,112.48999939858912,63.60922001191262,,2020-04-25 12:27:10
297340.9741673002,196121.75135868168,,,,,,,,,,,,,,,,,,,,,0,5.895633426308632,55.86600112915039,0.3810000121593475,0.3810000121593475,0.3810000121593475,3.2409999072551727,176.86900278925896,43.66481276444285,,2020-03-04 13:36:06
297382.01103578776,232001.91005731377,,,,,,,,,,,,,,,,,,,,,0,2.809133234620094,16.908100128173828,16.908100128173828,11.698999404907228,38.46829891204834,60.11069777607918,84.27399703860283,61.337327980270686,,2021-06-14 16:42:39
297517.4256453653,220362.35141033272,,,,,,,,,,,,,,,,,,,,,0,2.33100000222524,27.33099937438965,27.33099937438965,0.0,30.621999263763428,37.477999448776245,69.9300000667572,41.006330135019645,,2019-04-12 19:00:05
297627.52076492447,222831.5047620895,,,,,,,,,,,,,,,,,,,,,0,6.917800069848696,60.84400177001953,0.0,0.0,0.0,10.377000331878662,207.5340020954609,75.53567885156869,,2018-08-18 15:09:02
297656.6714168138,229958.02574809192,,,,,,,,,,,,,,,,,,,,,0,4.284433252488573,25.347000122070312,25.347000122070312,17.88599967956543,63.803998947143555,83.45199820026755,128.5329975746572,86.5540969029936,,2018-05-20 16:49:00
297890.83605359,204122.95176186244,,,,,,,,,,,,,,,,,,,,,0,4.1253999392191565,31.32799911499023,1.7359999418258667,0.0,1.7359999418258667,1.7359999418258667,123.7619981765747,43.141417436281685,,2019-02-02 18:35:34
297904.6456346985,218171.543490611,,,,,,,,,,,,,,,,,,,,,0,0.8924000131587188,11.562000274658203,4.110000133514404,2.690000057220459,6.800000190734863,6.800000190734863,26.77200039476156,11.310628162503736,,2019-10-10 14:32:17
298108.12061488384,212360.6144733499,,,,,,,,,,,,,,,,,,,,,0,7.374099920069178,58.82099914550781,15.217000007629396,7.513999938964844,22.73099994659424,49.25099955499172,221.22299760207537,107.23665866096547,,2019-01-05 09:44:56
298241.5879155003,218895.35829298384,,,,,,,,,,,,,,,,,,,,,0,5.344966703948255,52.56600189208984,5.360000133514404,5.360000133514404,5.747000128030777,5.747000128030777,160.34900111844763,71.99925689393264,,2018-09-26 00:53:50
298447.3710759865,231993.94225830268,,,,,,,,,,,,,,,,,,,,,0,3.131533387551705,19.31100082397461,4.330999851226807,0.0,5.7809998989105225,11.110999822616575,93.94600162655117,31.013010646420486,,2019-11-15 15:30:26
298463.2187657352,225119.83335380728,,,,,,,,,,,,,,,,,,,,,0,3.4746000334620475,50.79800033569336,0.0,0.0,0.0,52.427000284194946,104.23800100386144,49.80596494972807,,2018-04-22 13:55:55
298472.9905518534,199044.33388644672,,,,,,,,,,,,,,,,,,,,,0,6.249133318662643,52.779998779296875,5.678999900817871,0.0,5.678999900817871,12.19000005722046,187.4739995598793,66.22115848776741,,2020-02-24 07:40:35
298658.68242322595,217936.97716048863,,,,,,,,,,,,,,,,,,,,,0,6.426966717963418,38.81100082397461,38.81100082397461,0.0,40.481000781059265,41.486000776290894,192.80900153890252,89.05248359431255,,2020-09-28 05:01:52
298707.7642072787,227090.12609979487,,,,,,,,,,,,,,,,,,,,,0,3.4281333401139515,28.041000366210938,28.041000366210938,28.041000366210938,49.09100079536438,57.76800055801869,102.84400020341856,66.34418190819238,,2020-08-02 09:30:17
298711.15985031443,200123.3062841391,,,,,,,,,,,,,,,,,,,,,0,0.5087999874725938,9.801799774169922,9.801799774169922,0.0,9.801799774169922,11.139399779960511,15.263999624177814,10.417498677870103,,2021-12-15 06:34:00
298720.9902987207,197121.84393160668,,,,,,,,,,,,,,,,,,,,,0,1.545993282770117,15.57009983062744,8.34999942779541,0.0,8.415999427437782,9.445099368691444,46.379798483103514,23.74685482662372,,2021-02-10 12:57:31
298733.8440708139,229834.503341134,,,,,,,,,,,,,,,,,,,,,0,2.6294333107769488,25.92099952697754,25.92099952697754,0.0,27.041999578475952,33.93199968338013,78.88299932330847,43.92707342348199,,2017-03-21 22:36:17
298834.26149902324,227895.0048986005,,,,,,,,,,,,,,,,,,,,,0,7.679166575583319,79.99299621582031,30.5310001373291,0.0,45.83800029754639,56.70700007863343,230.37499726749957,94.97326794710833,,2019-05-15 02:50:08
298843.41885343415,209286.9704263076,,,,,,,,,,,,,,,,,,,,,0,2.7043666895478964,28.229000091552734,0.0,0.0,0.0,8.42199993133545,81.13100068643689,32.68526664497521,,2020-12-23 02:46:58
298951.161160911,197019.1416325704,,,,,,,,,,,,,,,,,,,,,0,2.609866705040137,23.079999923706055,13.970000267028809,0.2440000027418136,14.214000269770622,14.214000269770622,78.29600115120411,29.121634212603073,,2020-11-29 11:48:10
299059.3642533368,231153.7694129588,,,,,,,,,,,,,,,,,,,,,0,3.1252666831016542,28.5939998626709,26.082000732421875,0.0,26.082000732421875,45.51800066232681,93.75800049304962,47.88687734559524,,2020-12-07 01:37:36
299123.64000370336,229454.3431050934,,,,,,,,,,,,,,,,,,,,,0,1.2609333485364913,9.319000244140623,0.0,0.0,0.0,15.861000180244446,37.82800045609474,19.06546749576827,,2019-10-14 14:00:29
299163.6448964985,230882.13650727505,,,,,,,,,,,,,,,,,,,,,0,2.901633322238922,30.204999923706055,30.204999923706055,0.0,30.204999923706055,33.70199990272522,87.04899966716766,39.56764644998501,,2019-11-27 10:28:40
299664.1511307223,233989.19395311913,,,,,,,,,,,,,,,,,,,,,0,4.369566701352596,48.58399963378906,4.6529998779296875,0.0,8.270999908447266,42.445000648498535,131.0870010405779,58.51290359075147,,2018-10-31 10:20:34
299865.6873245554,225940.91738343835,,,,,,,,,,,,,,,,,,,,,0,3.5031666593587336,29.54700088500977,4.408999919891357,0.0,4.408999919891357,6.562999946880154,105.094999780762,37.16619005311105,,2018-02-25 03:22:22
300175.7477587329,229992.33444231344,,,,,,,,,,,,,,,,,,,,,0,0.5828266729911168,10.580900192260742,0.0,0.0,0.0,10.665100187063215,17.484800189733505,9.93434882381338,,2021-12-17 14:45:14
300177.2599256228,215329.19244520125,,,,,,,,,,,,,,,,,,,,,0,6.3353665793275775,42.99399948120117,0.0,0.0,0.0,15.191000401973724,190.0609973798273,53.45786659743484,,2017-05-20 07:49:53
300195.4524689377,204855.04798150068,,,,,,,,,,,,,,,,,,,,,0,2.224503275658935,23.981698989868164,10.272899627685549,10.272899627685549,11.201699629426004,12.57409955561161,66.73509826976806,30.612221572966757,,2021-06-09 09:34:30
300457.8718929105,218604.9946880248,,,,,,,,,,,,,,,,,,,,,0,3.011999960472652,26.774999618530273,1.4459999799728394,1.4459999799728394,1.4489999799989164,1.4499999800464138,90.35999881417956,32.444222427152354,,2020-12-25 05:42:19
300563.60961106914,210078.14163755477,,,,,,,,,,,,,,,,,,,,,0,6.334439725304644,72.71319580078125,0.0,0.0,0.0,0.0,190.0331917591393,63.76389950242053,,2021-04-10 12:30:15
300662.0013749176,204342.23896262108,,,,,,,,,,,,,,,,,,,,,0,2.659266649931669,46.34000015258789,8.133999824523926,0.0,9.57099986076355,10.151999846100807,79.77799949795008,28.66112483618093,,2017-02-11 14:48:34
300995.54429584177,209176.0544303503,,,,,,,,,,,,,,,,,,,,,0,4.367800078292688,40.56100082397461,0.0,0.0,0.0,8.319000244140625,131.03400234878063,35.94055420961304,,2018-12-09 03:33:10
301162.482642568,212799.98953286745,,,,,,,,,,,,,,,,,,,,,0,1.4108999942739804,10.484999656677246,3.552999973297119,0.0,4.343999981880188,4.343999981880188,42.326999828219414,17.77328905339407,,2017-03-10 00:05:21
301417.83150896226,213805.17043241585,,,,,,,,,,,,,,,,,,,,,0,0.7853000084559123,9.097000122070312,2.486000061035156,0.1490000039339065,2.635000064969063,2.9380000680685043,23.559000253677368,10.389806951741756,,2017-02-26 05:49:16
301565.45889227226,200752.12377914487,,,,,,,,,,,,,,,,,,,,,0,4.098299989973506,29.954999923706055,8.239999771118164,1.687999963760376,9.92799973487854,13.38099980354309,122.94899969920516,37.841105520506915,,2017-06-15 22:40:57
301681.4397773922,196382.0375348777,,,,,,,,,,,,,,,,,,,,,0,1.756856624937306,22.886199951171875,0.0,0.0,0.0,22.886199951171875,52.705698748119175,28.165716718054615,,2021-11-16 12:15:32
301796.98863821855,222969.07926982743,,,,,,,,,,,,,,,,,,,,,0,2.6935333172480265,28.018999099731445,11.826000213623049,11.826000213623049,14.338000178337095,46.95099925994873,80.8059995174408,47.217773653679785,,2019-04-15 18:53:09
301959.3348532913,224957.1974102205,,,,,,,,,,,,,,,,,,,,,0,4.694866721576545,62.97600173950195,62.97600173950195,62.97600173950195,62.97600173950195,91.23200130462646,140.84600164729636,95.0627314179672,,2017-09-13 21:49:22
302015.6485005634,198932.6172858232,,,,,,,,,,,,,,,,,,,,,0,5.910466702779134,71.49800109863281,3.624000072479248,0.0,3.624000072479248,91.19400095939636,177.31400108337402,96.7420396636647,,2020-11-03 18:45:36
302033.79271886166,213226.1425519652,,,,,,,,,,,,,,,,,,,,,0,5.385366615521101,36.625999450683594,13.62399959564209,1.6230000257492063,15.246999621391296,23.109999775886536,161.56099846563302,46.29352906833135,,2017-06-18 03:33:10
302222.7122031373,233120.1463085898,,,,,,,,,,,,,,,,,,,,,0,6.97416678853333,49.58100128173828,5.336999893188477,5.336999893188477,5.336999893188477,14.51800000667572,209.2250036559999,58.74333707800474,,2020-03-04 08:39:44
302243.8391301473,197190.22466360056,,,,,,,,,,,,,,,,,,,,,0,2.365466695527236,12.642000198364258,5.954999923706055,5.954999923706055,5.954999923706055,8.74399995803833,70.96400086581707,25.73885808225226,,2019-03-27 19:38:20
302297.18105443637,200059.6490337005,,,,,,,,,,,,,,,,,,,,,0,5.290333312749863,52.01499938964844,52.01499938964844,0.0,62.137999534606934,64.26899951696396,158.70999938249588,88.61736825325472,,2020-01-14 03:12:13
302316.65627105825,204307.19468694608,,,,,,,,,,,,,,,,,,,,,0,2.6310999900102616,14.78499984741211,6.031000137329102,6.031000137329102,8.151000022888184,18.526000022888184,78.93299970030785,35.05601608034146,,2018-09-11 13:44:19
302567.4916767175,214291.36068989095,,,,,,,,,,,,,,,,,,,,,0,1.35423665685812,22.114700317382812,0.8539999723434448,0.0,0.8539999723434448,1.8487999439239504,40.6270997057436,11.154462058813412,,2021-01-25 14:05:34
302636.9408337584,232103.56863652493,,,,,,,,,,,,,,,,,,,,,0,4.2909333691000935,48.58399963378906,0.0,0.0,0.0,42.445000648498535,128.72800107300282,50.46586584709101,,2018-11-02 03:45:14
302692.02995816607,225660.2125500327,,,,,,,,,,,,,,,,,,,,,0,5.166299988329411,31.417999267578125,4.625999927520752,1.3480000495910645,7.296999931335449,10.194999933242798,154.98899964988232,74.62255282843866,,2018-05-29 06:02:23
302792.3401294827,200912.35878856768,,,,,,,,,,,,,,,,,,,,,0,2.763500007862846,26.905000686645508,2.631999969482422,0.4799999892711639,4.529999941587448,5.7539999186992645,82.90500023588538,24.794892942149804,,2020-07-10 22:14:36
302871.58543652843,216893.38570746803,,,,,,,,,,,,,,,,,,,,,0,3.740066688445707,30.86000061035156,26.079999923706055,0.0,34.06999969482422,58.77799987792969,112.2020006533712,71.33590189732618,,2019-10-29 13:20:29
302959.42989746283,196270.01377840116,,,,,,,,,,,,,,,,,,,,,0,5.990799947579702,72.447998046875,0.0,0.0,0.0,67.91900062561035,179.72399842739105,92.81146516520806,,2020-09-24 21:23:05
302991.0469044087,218956.15979932336,,,,,,,,,,,,,,,,,,,,,0,10.844623179454356,128.09629821777344,0.0,0.0,0.0,53.6567006111145,325.3386953836307,113.14748448434416,,2021-09-06 16:24:57
303115.78729244304,217941.5686082451,,,,,,,,,,,,,,,,,,,,,0,1.4915099776660403,17.47249984741211,17.47249984741211,0.0,17.47249984741211,17.47249984741211,44.74529932998121,24.599149552838867,,2021-11-15 15:48:10
303186.4657894686,207722.45760252705,,,,,,,,,,,,,,,,,,,,,0,3.549033378561338,23.187000274658203,16.422000885009766,5.754000186920166,23.080001056194305,41.38700145483017,106.47100135684012,62.25046747486524,,2017-06-25 21:55:26
303614.5632368465,233779.08283082835,,,,,,,,,,,,,,,,,,,,,0,5.719833275675773,23.20299911499023,3.4049999713897705,1.024999976158142,4.429999947547913,31.985999047756195,171.5949982702732,66.016460497572,,2020-09-06 21:04:42
303678.78127640666,220054.54328597855,,,,,,,,,,,,,,,,,,,,,0,2.2767333070437115,20.774999618530273,0.0,0.0,0.0,16.425999760627747,68.30199921131134,26.043098298358434,,2018-04-13 03:16:15
303780.5449002297,211535.4612988252,,,,,,,,,,,,,,,,,,,,,0,5.7694333529720705,67.26300048828125,1.527999997138977,0.050000000745058,1.577999997884035,61.444001127034426,173.0830005891621,68.5193826767867,,2020-05-07 09:51:10
303814.9113502756,215991.67850415577,,,,,,,,,,,,,,,,,,,,,0,0.7683666214114055,11.512099266052246,0.2299999892711639,0.0020999999251216,0.2396999888587743,11.419199376599863,23.050998642342165,14.825436185909425,,2021-12-23 21:28:57
303883.54885748704,205566.27340268405,,,,,,,,,,,,,,,,,,,,,0,4.532633325457573,27.819000244140625,13.39900016784668,0.7490000128746033,16.168000161647797,60.22500044107437,135.9789997637272,66.13685616926325,,2017-06-22 09:38:24
303995.16885467665,215490.58536511924,,,,,,,,,,,,,,,,,,,,,0,4.3627332280079525,46.75299835205078,3.049000024795532,3.049000024795532,3.049000024795532,30.45799946784973,130.88199684023857,46.2080178823674,,2019-12-30 20:57:58
304285.754999981,206534.47888450153,,,,,,,,,,,,,,,,,,,,,0,5.663300043717027,33.94200134277344,19.156999588012695,19.156999588012695,27.377999782562256,44.09499943256378,169.8990013115108,78.5786714960649,,2017-07-16 15:03:12
304307.948355871,222254.1331734181,,,,,,,,,,,,,,,,,,,,,0,7.8833665708700815,100.74099731445312,0.0,0.0,0.0,118.76099681854248,236.50099712610245,136.05322417418614,,2019-04-25 20:47:49
304326.3520483367,208759.80389638757,,,,,,,,,,,,,,,,,,,,,0,1.9164333338538808,14.598999977111816,3.421999931335449,0.0,4.585999965667725,9.818000063300133,57.49300001561642,21.070566268926203,,2020-03-21 01:17:32
304470.3637651723,198896.829666516,,,,,,,,,,,,,,,,,,,,,0,4.931533341847049,71.28900146484375,14.604999542236328,2.2269999980926514,16.83199954032898,21.85099959373474,147.9460002554115,68.63485124130388,,2020-04-22 23:56:36
304510.4334582392,200498.7403350632,,,,,,,,,,,,,,,,,,,,,0,5.831433399518331,58.35900115966797,4.900000095367432,0.0,4.900000095367432,4.900000095367432,174.94300198554993,72.53162199323002,,2019-11-10 09:41:19
304678.1413204821,202295.9915056737,,,,,,,,,,,,,,,,,,,,,0,2.593300014734268,22.29400062561035,0.0,0.0,0.0,18.29299908876419,77.79900044202805,29.64624097193492,,2020-12-05 13:36:59
304995.21510061785,211602.82161272372,,,,,,,,,,,,,,,,,,,,,0,10.706476371486982,126.9375991821289,1.184499979019165,0.0,1.184499979019165,45.91609764099121,321.19429114460945,95.45699638077647,,2021-09-08 22:39:03
305502.0984267687,208136.8628762082,,,,,,,,,,,,,,,,,,,,,0,8.634666670230217,91.51399993896484,91.51399993896484,91.51399993896484,127.7900004386902,170.73100125789642,259.0400001069065,180.5489302073681,,2018-09-18 05:28:33
305724.3912375411,225932.83387243113,,,,,,,,,,,,,,,,,,,,,0,2.9323000095474225,41.81399917602539,10.737000465393066,0.0,11.7860004901886,11.801000489853324,87.96900028642267,30.635924619504028,,2020-10-28 02:56:59
305876.2266789072,209102.19440395824,,,,,,,,,,,,,,,,,,,,,0,2.260599999486779,13.916999816894531,10.151000022888184,0.0,10.153000022983178,10.153000022983178,67.81799998460338,30.463614218442107,,2020-07-02 10:54:21
305938.1394901694,217402.00979289704,,,,,,,,,,,,,,,,,,,,,0,3.682403228866557,18.37299919128418,14.895699501037598,14.895699501037598,14.895699501037598,21.96139919757843,110.47209686599672,53.22822924474487,,2021-02-28 15:18:17
305999.4832345028,222255.18079503375,,,,,,,,,,,,,,,,,,,,,0,8.640600043581799,62.130001068115234,9.144000053405762,7.257999897003174,16.404999950435013,16.404999950435013,259.21800130745396,104.43200001035088,,2020-02-22 11:02:36
306157.6270736998,198917.8511393791,,,,,,,,,,,,,,,,,,,,,0,3.589366707454125,20.10199928283691,5.2870001792907715,0.0,5.2870001792907715,20.033000707626343,107.68100122362377,48.77387594705404,,2017-08-21 19:51:57
306242.4195526956,226595.8659452457,,,,,,,,,,,,,,,,,,,,,0,3.7533332753305633,45.25569915771485,12.915899276733398,0.0,12.915899276733398,39.41759920120239,112.5999982599169,47.197578919782494,,2021-09-26 14:38:17
306327.5361796352,215167.30813653697,,,,,,,,,,,,,,,,,,,,,0,9.396233379344146,106.8759994506836,11.529000282287598,11.529000282287598,17.034000158309937,17.034000158309937,281.88700138032436,79.48346149331938,,2018-10-10 00:14:14
306336.1918490287,224924.59571084168,,,,,,,,,,,,,,,,,,,,,0,5.334499974610905,33.231998443603516,9.685999870300291,7.49399995803833,17.179999828338623,24.568999588489532,160.03499923832717,68.69714399864992,,2018-07-18 07:37:24
306341.54989334213,223893.8482513999,,,,,,,,,,,,,,,,,,,,,0,7.015966657948836,104.4459991455078,104.4459991455078,104.4459991455078,104.4459991455078,128.9399995803833,210.47899973846503,144.83701574997428,,2017-09-13 03:06:30
306376.56817884743,223401.10487766512,,,,,,,,,,,,,,,,,,,,,0,6.079073279622632,77.85710144042969,10.424200057983398,0.0,18.748600006103516,96.94050145149232,182.37219838867895,106.72516642801789,,2021-03-31 20:16:18
306456.71921938384,208689.4892348872,,,,,,,,,,,,,,,,,,,,,0,3.620673304796219,19.081899642944336,0.4923999905586242,0.4923999905586242,0.4923999905586242,21.534100115299225,108.62019914388657,44.2572607129338,,2021-06-28 00:14:16
306567.57460212853,200297.50065539044,,,,,,,,,,,,,,,,,,,,,0,2.3154999817411106,15.329999923706056,3.630000114440918,3.630000114440918,3.630000114440918,6.320000112056732,69.46499945223331,30.65422391776142,,2020-06-30 23:10:20
306873.3667825411,221471.19371665872,,,,,,,,,,,,,,,,,,,,,0,4.378933340357617,24.659000396728516,14.609000205993652,14.609000205993652,17.192000150680542,50.99600052833557,131.3680002107285,63.10638973838407,,2017-08-13 00:47:50
306916.126913019,223570.8149081925,,,,,,,,,,,,,,,,,,,,,0,8.056733345985412,94.79299926757812,0.0,0.0,0.0,15.259000301361084,241.7020003795624,88.29821658895848,,2019-05-03 11:18:38
307054.01838618825,232841.94264514,,,,,,,,,,,,,,,,,,,,,0,3.820533317327499,22.06999969482422,17.368000030517578,17.368000030517578,21.259000062942505,23.82200002670288,114.61599951982498,51.37384541703185,,2018-03-22 01:38:54
307292.08575269795,217037.46136377376,,,,,,,,,,,,,,,,,,,,,0,4.920099970166727,36.319000244140625,7.932000160217285,5.758999824523926,13.690999984741213,17.518000096082687,147.6029991050018,50.98935766788314,,2017-07-29 00:25:01
307301.77579457173,215498.9872315555,,,,,,,,,,,,,,,,,,,,,0,6.4481333644439776,24.573999404907227,0.277999997138977,0.277999997138977,0.277999997138977,33.78700077533722,193.44400093331933,74.46412285282138,,2019-03-09 19:15:14
307420.7594237299,228549.31194607177,,,,,,,,,,,,,,,,,,,,,0,8.2308668060073,57.34400177001953,42.60100173950195,42.60100173950195,81.63400268554688,108.75900247693062,246.92600418021905,136.12614130999458,,2017-05-25 12:50:46
307792.5558648236,217915.2701434546,,,,,,,,,,,,,,,,,,,,,0,3.8527000228563946,31.6200008392334,3.5789999961853027,0.0,4.522000014781952,33.239000022411346,115.58100068569183,44.154719203421905,,2017-06-22 19:37:39
308368.4037893944,200337.67340606864,,,,,,,,,,,,,,,,,,,,,0,11.388109561304251,145.16738891601562,0.1720999926328659,0.0,0.1720999926328659,41.36400048434734,341.64328683912754,95.01743040097443,,2021-09-08 12:47:55
308369.5360690241,209386.80916998195,,,,,,,,,,,,,,,,,,,,,0,5.990533256282409,54.029998779296875,20.62299919128418,2.427000045776367,25.15299916267395,107.13099789619446,179.71599768847227,106.73834670040767,,2020-08-06 00:28:38
308601.532976085,222513.1558020294,,,,,,,,,,,,,,,,,,,,,0,4.893933313580541,40.987998962402344,0.0,0.0,0.0,44.97899889945984,146.8179994074162,65.5950562492478,,2019-01-29 20:21:51
308625.51698581566,220746.64462786613,,,,,,,,,,,,,,,,,,,,,0,8.474366760253906,57.71900177001953,57.165000915527344,50.51900100708008,146.47700119018555,146.47700119018555,254.2310028076172,162.30168011750422,,2020-05-22 04:51:09
308710.63925269997,216597.0589107924,,,,,,,,,,,,,,,,,,,,,0,8.505499924575755,60.125999450683594,20.17099952697754,0.0,20.18999952636659,29.80799970589578,255.16499773727264,83.78546288822828,,2018-08-25 23:55:15
308883.7073431237,225747.69264348512,,,,,,,,,,,,,,,,,,,,,0,3.4438332757602135,34.625999450683594,0.5849999785423279,0.0,0.5849999785423279,0.5849999785423279,103.3149982728064,35.148550165564245,,2018-01-03 16:21:56
308887.4663614198,206683.74023809473,,,,,,,,,,,,,,,,,,,,,0,1.4848666508992514,16.638999938964844,0.0,0.0,0.0,0.0,44.54599952697754,10.787203957180548,,2017-11-30 03:40:26
308937.20760639437,218054.09313207935,,,,,,,,,,,,,,,,,,,,,0,7.139466717171794,95.46900177001952,0.0,0.0,0.0,0.4839999973773956,214.1840015151538,72.22114537799345,,2018-10-26 17:06:27
309240.3853018687,211388.26458618068,,,,,,,,,,,,,,,,,,,,,0,3.837443230727998,26.894699096679688,4.2444000244140625,4.2444000244140625,6.816499948501587,6.816499948501587,115.12329692183994,47.79136941892509,,2021-07-11 14:18:35
309441.43679327134,198124.02784937632,,,,,,,,,,,,,,,,,,,,,0,2.926666647506257,24.799999237060547,0.3540000021457672,0.3540000021457672,0.6990000009536743,19.860999882221225,87.7999994251877,33.28113010004133,,2018-03-25 00:04:30
309444.1707362149,213755.5421062101,,,,,,,,,,,,,,,,,,,,,0,4.983233395513768,40.608001708984375,4.947000026702881,0.0,4.947000026702881,48.962001740932465,149.49700186541304,62.54982628711029,,2018-07-20 16:02:53
309647.9648353904,197828.00596408025,,,,,,,,,,,,,,,,,,,,,0,3.9799666318266342,39.74399948120117,17.996999740600586,17.996999740600586,26.79699993133545,40.23499953746796,119.39899895479904,61.79082862935784,,2019-12-15 10:05:54
309881.99778392556,223226.46906170069,,,,,,,,,,,,,,,,,,,,,0,5.1783333364874125,59.60900115966797,1.5260000228881836,1.5260000228881836,1.5640000216662884,15.705000024288893,155.35000009462237,48.13067074809131,,2018-03-12 17:57:44
309924.91019822314,224671.31595500023,,,,,,,,,,,,,,,,,,,,,0,6.396633369320383,53.55500030517578,21.767000198364254,12.630999565124512,34.39799976348877,48.35799944400787,191.89900107961148,80.02702549038452,,2018-03-03 22:32:58
310071.60828277544,210905.05945342133,,,,,,,,,,,,,,,,,,,,,0,6.40276667548654,57.19300079345703,0.0040000001899898,0.0040000001899898,0.0040000001899898,13.447999767493457,192.0830002645962,68.68509935814589,,2020-02-25 06:22:39
310075.0461938707,202373.72651988477,,,,,,,,,,,,,,,,,,,,,0,9.181366608291864,116.98600006103516,7.873000144958496,6.7170000076293945,15.347000181674955,30.54799991846085,275.44099824875593,76.8633822930436,,2018-11-08 16:57:12
310667.7847360951,222966.00418063693,,,,,,,,,,,,,,,,,,,,,0,6.97693329329292,55.69499969482422,33.37900161743164,0.0710000023245811,45.32200136035681,45.32200136035681,209.3079987987876,89.89172200807874,,2020-01-27 17:21:21
310861.95070030005,222204.39045909143,,,,,,,,,,,,,,,,,,,,,0,10.809033533589291,76.36100006103516,12.036999702453612,3.502000093460083,23.13699984550476,44.37700033187866,324.2710060076788,153.83776033085454,,2020-05-30 13:18:11
310994.6807816474,207721.35371476173,,,,,,,,,,,,,,,,,,,,,0,8.227233308487728,65.69499969482422,13.772000312805176,0.0,13.772000312805176,49.44300079345703,246.8169992546318,115.22795801225686,,2020-08-11 07:20:22
311024.6104192697,223847.15290475084,,,,,,,,,,,,,,,,,,,,,0,3.4010000159343083,22.43000030517578,0.0,0.0,0.0,2.6760001182556152,102.03000047802924,28.87103846796354,,2019-03-26 05:38:41
311069.82187873067,203833.0275674679,,,,,,,,,,,,,,,,,,,,,0,6.831533434987068,75.16000366210938,18.69700050354004,11.218999862670898,30.984000325202945,30.984000325202945,204.94600304961205,75.36543942301762,,2019-05-07 22:05:02
311253.54540926864,205636.68506329157,,,,,,,,,,,,,,,,,,,,,0,1.726333310206731,20.691999435424805,2.121000051498413,2.121000051498413,3.468000054359436,14.014000058174132,51.789999306201935,20.120617580351897,,2019-10-08 06:46:39
311296.45911671256,196948.54323633277,,,,,,,,,,,,,,,,,,,,,0,0.7205666745702426,7.63700008392334,0.1019999980926513,0.0,0.1019999980926513,4.611000061035156,21.617000237107277,8.580112887131747,,2017-02-28 05:42:14
311381.95337452594,211198.81519977344,,,,,,,,,,,,,,,,,,,,,0,5.9471764703591665,85.26619720458984,0.0,0.0,0.0,0.0,178.415294110775,57.13877306409103,,2021-10-24 20:40:47
312014.8080332393,214718.11042153713,,,,,,,,,,,,,,,,,,,,,0,7.859533305962881,74.125,14.119000434875488,0.0,17.839000463485718,17.839000463485718,235.7859991788864,77.57445157869475,,2019-01-16 13:33:16
312056.2611729487,212150.64293607723,,,,,,,,,,,,,,,,,,,,,0,4.966733401020368,29.040000915527344,27.812000274658203,9.394000053405762,37.206000328063965,62.30100059509277,149.00200203061104,81.45733922518667,,2018-07-09 17:00:51
312674.5027572546,212436.65407875847,,,,,,,,,,,,,,,,,,,,,0,9.67929996990521,99.1709976196289,28.06100082397461,2.2669999599456787,31.494000792503357,172.7009996175766,290.37899909715634,170.90956791923966,,2020-08-06 20:47:36
312957.1859961221,213027.37492935287,,,,,,,,,,,,,,,,,,,,,0,6.520933378604241,82.11900329589844,14.942999839782717,4.163000106811523,19.10599994659424,105.3610030671116,195.6280013581272,110.55306077856584,,2020-11-02 07:33:48
312999.56119531137,197893.38862871003,,,,,,,,,,,,,,,,,,,,,0,8.24933340989907,91.25800323486328,13.392999649047852,0.0,13.392999649047852,29.81999929051381,247.4800022969721,98.48918962642924,,2019-06-27 15:03:26
313058.7396577496,222395.25442200448,,,,,,,,,,,,,,,,,,,,,0,3.8720333851873874,21.7810001373291,19.03300094604492,1.6970000267028809,22.237000942230225,29.712001018226147,116.16100155562162,54.22127586762361,,2018-03-14 04:37:51
313059.4559413651,197481.94774668533,,,,,,,,,,,,,,,,,,,,,0,7.802900088264141,91.25800323486328,8.673999786376953,8.673999786376953,10.444999767350964,48.41300017933827,234.08700264792424,106.57610548617684,,2019-06-24 12:24:47
313122.7704773906,203351.4324828592,,,,,,,,,,,,,,,,,,,,,0,6.920666615168254,115.6269989013672,0.0,0.0,0.0,7.615999847650528,207.6199984550476,101.35368291782058,,2018-05-03 05:32:02
313564.3553141538,203382.3915450209,,,,,,,,,,,,,,,,,,,,,0,6.184799939079676,68.8479995727539,4.394000053405762,0.0,4.394000053405762,6.914000101387501,185.54399817239027,61.161169617528415,,2020-05-11 20:06:57
314266.2320031271,197505.98831619744,,,,,,,,,,,,,,,,,,,,,0,3.4106532121038375,34.448997497558594,1.5353000164031982,0.0,1.5353000164031982,13.387899398803713,102.31959636311512,36.693992166366215,,2021-01-15 01:24:52
314619.98691797385,197584.9568096937,,,,,,,,,,,,,,,,,,,,,0,8.07063330610593,103.86399841308594,0.0,0.0,0.0,103.72700119018556,242.11899918317795,113.3568902113736,,2017-10-29 13:02:01
314777.6148511278,199774.1083923568,,,,,,,,,,,,,,,,,,,,,0,1.4934666350483894,34.459999084472656,0.0,0.0,0.0,1.9470000267028809,44.80399905145168,19.55995634047741,,2019-09-26 02:32:18
315490.57468007924,204961.53017226025,,,,,,,,,,,,,,,,,,,,,0,10.292366465119024,133.83099365234375,5.244999885559082,0.0,8.083999872207642,9.768999880179765,308.7709939535707,74.44160218484782,,2018-06-22 22:10:58
316069.6559832852,198818.86586050031,,,,,,,,,,,,,,,,,,,,,0,8.450700051585834,72.33100128173828,0.0,0.0,0.0,89.81100082397461,253.521001547575,98.66444134173882,,2020-10-16 07:09:19
316910.65825590544,201169.86317122763,,,,,,,,,,,,,,,,,,,,,0,6.780266601840655,63.65299987792969,0.1739999949932098,0.0,0.1739999949932098,10.648999840021132,203.40799805521965,66.5728514657778,,2017-06-04 02:39:40
317895.5608243001,203735.13651114597,,,,,,,,,,,,,,,,,,,,,0,6.135233366489411,72.18199920654297,0.0,0.0,0.0,72.25599920749664,184.0570009946823,94.10240577305912,,2020-05-04 20:02:58
318594.222085391,201644.94592678812,,,,,,,,,,,,,,,,,,,,,0,9.301866669254377,109.4219970703125,109.4219970703125,109.4219970703125,173.5890007931739,173.5890007931739,279.0560000776313,193.59665477723763,,2020-05-21 19:23:19
319340.67219414935,203558.64882439616,,,,,,,,,,,,,,,,,,,,,0,4.218066684777538,50.22999954223633,0.0,0.0,0.0,3.678999900817871,126.54200054332614,28.01747314517971,,2017-11-26 18:44:50
319648.38946898264,202513.40578903785,,,,,,,,,,,,,,,,,,,,,0,16.770933460940917,152.29100036621094,0.0,0.0,0.0,0.0,503.1280038282275,170.6682719680778,,2018-06-11 04:46:15
288963.4943,226803.9998,58172.0,661.0,Landslide Hazard Mapping,Buncombe,Weaverville,1981-03-25,,,,Debris,Slide - rotational,,,,Road embankment,,,,{CD558049-66E5-4595-BB55-AFCDB6035B63},1981-03-25 00:00:00,1,1.6638666450007198,13.520999908447266,11.406999588012695,0.0,11.414999588392677,13.02499960269779,49.91599935002159,22.985976081891017,1981-03-25 00:00:00,
293471.065200001,216042.260299999,58173.0,662.0,Landslide Hazard Mapping,Buncombe,Craggy Pinnacle,1982-05-25,,,,Debris,Slide - rotational,,Earth,Slide - rotational,Road cut,,,,{C0F5BE0D-6A77-42A4-969C-74646BC49E8A},1982-05-25 00:00:00,1,3.723133343271911,21.59000015258789,14.71500015258789,14.71500015258789,27.758999770507216,48.622000163421035,111.69400029815732,53.80745136141483,1982-05-25 00:00:00,
289777.368199997,230247.398600001,58178.0,667.0,Landslide Hazard Mapping,Buncombe,Mars Hill,1989-07-22,,,,Earth,Slide - translational,,,,Road cut,,,,{C7DED0AC-84B4-4BB1-B1CE-829D5992A0C2},1989-07-22 00:00:00,1,3.1898333176310794,23.753999710083008,3.118000030517578,3.0209999084472656,6.138999938964844,6.691999912261963,95.6949995289324,32.96502337323632,1989-07-22 00:00:00,
287403.624899998,223755.447500002,58190.0,677.0,Landslide Hazard Mapping,Buncombe,Weaverville,1990-05-22,,,,Rock,Slide,,Debris,Fall,Road cut,,,,{F5D566F9-1D86-46F5-8B34-5D0E88F70D6E},1990-05-22 00:00:00,1,3.306466714416941,22.44300079345703,1.4359999895095823,1.4359999895095823,2.4110000133514404,19.724000096321102,99.19400143250824,38.57551545087107,1990-05-22 00:00:00,
285236.660099998,207087.397999998,58181.0,670.0,Landslide Hazard Mapping,Buncombe,Asheville,1990-05-23,,,,Earth,Slide,,,,Road embankment,,,,{870F1001-23AF-46D0-AF41-771E715F15B6},1990-05-23 00:00:00,1,3.691499956448873,40.50199890136719,4.392000198364258,0.0,4.392000198364258,16.08899974822998,110.7449986934662,39.49260540014858,1990-05-23 00:00:00,
286450.089000002,222595.9826,58179.0,668.0,Landslide Hazard Mapping,Buncombe,Weaverville,1990-05-23,,,,Debris,Slide,,,,Road embankment,,,,{11782408-4559-404F-A996-AFC686876FB3},1990-05-23 00:00:00,1,3.370800044139226,24.229000091552734,1.225000023841858,0.8289999961853027,3.159999966621399,22.26399981975555,101.1240013241768,37.48682810425052,1990-05-23 00:00:00,
295886.432400003,208999.858100001,58186.0,676.0,Landslide Hazard Mapping,Buncombe,Oteen,1990-05-23,,,,Weathered rock,Slide,,,,Road cut,,,,{8DD9871F-3989-444B-A2C0-09F17D7D900E},1990-05-23 00:00:00,1,3.7131333673993745,25.374000549316406,2.994999885559082,1.4850000143051147,5.175999879837036,13.056999921798706,111.39400102198124,38.670446409908976,1990-05-23 00:00:00,
303556.827500001,210237.813000001,58184.0,673.0,Landslide Hazard Mapping,Buncombe,Oteen,1990-05-23,,,,Earth,Slide - rotational,,,,Road embankment,,,,{DD2FBB57-01E4-495F-85BB-01EF06D15603},1990-05-23 00:00:00,1,4.897633299957184,34.70899963378906,6.420000076293945,6.420000076293945,14.171000361442566,21.25900018215179,146.92899899871554,54.13049177064914,1990-05-23 00:00:00,
309170.0044,211623.693799999,58183.0,672.0,Landslide Hazard Mapping,Buncombe,Black Mountain,1990-05-23,,,,Weathered rock,Slide - rotational,,,,Road cut,,,,{A2FAA910-F4AC-4EFB-8B85-F1FA703FB312},1990-05-23 00:00:00,1,4.660733283559481,32.417999267578125,8.357000350952148,8.357000350952148,17.22000026702881,20.800000190734863,139.82199850678444,53.60115829429292,1990-05-23 00:00:00,
313235.048199996,200493.546500001,58191.0,678.0,Landslide Hazard Mapping,Buncombe,Black Mountain,1990-06-05,,,,Earth,Slide - translational,,,,Road embankment,,,,{53F2193A-86AB-425C-8691-9D2CD74BE308},1990-06-05 00:00:00,1,3.409333419799805,41.71900177001953,0.4410000145435333,0.4410000145435333,0.7770000100135803,21.175000309944153,102.28000259399414,38.05617139314128,1990-06-05 00:00:00,
313888.132600002,200290.027899999,58192.0,679.0,Landslide Hazard Mapping,Buncombe,Black Mountain,1990-06-05,,,,Debris,Slide - rotational,,Earth,Slide - rotational,Road embankment,,,,{CB274BCD-0EF7-49C1-9307-E2E04A1D92BD},1990-06-05 00:00:00,1,3.409333419799805,41.71900177001953,0.4410000145435333,0.4410000145435333,0.7770000100135803,21.175000309944153,102.28000259399414,38.05617139314128,1990-06-05 00:00:00,
318626.112300001,202637.203299999,57942.0,650.0,Landslide Hazard Mapping,Buncombe,Moffitt Hill,1990-06-05,,,,Earth,Slide,,,,Road cut,,,,{8AE25A50-98BA-41CA-943A-113608FFEBA1},1990-06-05 00:00:00,1,3.4179666213691235,36.61399841308594,0.6159999966621399,0.6159999966621399,1.034999996423721,23.006000727415085,102.5389986410737,39.773895000618765,1990-06-05 00:00:00,
275079.193000004,225903.812899999,58193.0,680.0,Landslide Hazard Mapping,Buncombe,Leicester,1990-08-30,,,,Earth,Slide - rotational,,,,Road embankment,,,,{A5FB6A55-515C-4B25-A69B-72A25DEC94A6},1990-08-30 00:00:00,1,2.490566626687845,27.243999481201172,0.0,0.0,0.0,27.84299945831299,74.71699880063534,35.113253474500695,1990-08-30 00:00:00,
309606.524300002,225251.915600002,57878.0,68.0,Blue Ridge Parkway,Buncombe,Montreat,2004-05-12,1995-10-04 05:00:00,,Extremely rapid (>5 m/sec),Debris,Flow,,,,Unmodified,,,,{A6312A34-7BD9-4531-9B7B-9AAE65925F41},1995-10-04 05:00:00,1,2.4969333449999493,15.13700008392334,0.0,0.0,0.0,0.0,74.90800034999847,22.998725673058964,1995-10-04 05:00:00,
301086.2478,220467.2366,58033.0,17.0,Blue Ridge Parkway,Buncombe,Craggy Pinnacle,2003-04-25,,,,Rock,Slide - translational,,,,Road cut,,,,{157BF64E-79EE-4F00-B4D1-ED64730F7633},2003-04-25 00:00:00,1,4.889633357524872,40.11600112915039,6.611999988555908,0.0,6.611999988555908,47.40200114250183,146.68900072574615,65.66878247963298,2003-04-25 00:00:00,
296165.380099997,217978.2049,58898.0,2272.0,Blue Ridge Parkway,Buncombe,Craggy Pinnacle,2003-09-30,,,,Debris,Slide,,,,Road embankment,,,,{405FD521-5FFF-4B92-A995-EF4144A33C99},2003-09-30 00:00:00,1,4.068933333953222,46.20800018310547,28.597999572753903,0.0,28.597999572753903,74.80599975585938,122.06800001859663,68.0552739564294,2003-09-30 00:00:00,
296335.122900002,217650.357000001,58897.0,2271.0,Blue Ridge Parkway,Buncombe,Craggy Pinnacle,2003-09-30,,,,Debris,Slide,,,,Road cut,,,,{33E76FB8-D393-4E14-9B20-2603FEA420CD},2003-09-30 00:00:00,1,4.068933333953222,46.20800018310547,28.597999572753903,0.0,28.597999572753903,74.80599975585938,122.06800001859663,68.0552739564294,2003-09-30 00:00:00,
304831.121100001,222395.636100002,58937.0,2301.0,Blue Ridge Parkway,Buncombe,Montreat,2003-11-20,,,,Rock,Slide - translational,,,,Road cut,,,,{23E21C27-A88C-4FF3-99B1-BC386FEE46E6},2003-11-20 00:00:00,1,5.793433353304863,86.45500183105469,86.45500183105469,86.45500183105469,88.78500175476074,91.36600169539452,173.8030005991459,115.25026697748284,2003-11-20 00:00:00,
294655.5612,217780.137800001,57869.0,59.0,Blue Ridge Parkway,Buncombe,Craggy Pinnacle,2004-01-16,,,,Rock,Slide,,,,Road cut,,,,{2BCB5512-5D8A-4C7B-B904-F4F889CEBEB3},2004-01-16 00:00:00,1,1.1794333140055338,7.98799991607666,2.069000005722046,2.069000005722046,2.069000005722046,3.1959999799728394,35.382999420166016,11.708315765178927,2004-01-16 00:00:00,
295489.840499997,218112.369800001,58840.0,2283.0,Blue Ridge Parkway,Buncombe,Craggy Pinnacle,2004-01-16,,,,Rock,Slide - translational,,,,Road cut,,,,{EA43E720-BA53-4CB4-B4C0-99BCEABC43A0},2004-01-16 00:00:00,1,1.1553333312273026,8.144000053405762,2.2149999141693115,2.2149999141693115,2.2149999141693115,3.086999893188477,34.65999993681908,11.27427990708562,2004-01-16 00:00:00,
295714.1241,218106.860100001,58839.0,2282.0,Blue Ridge Parkway,Buncombe,Craggy Pinnacle,2004-01-16,,,,Rock,Slide - translational,,,,Road cut,,,,{E7C9D5D2-5EBA-4D39-BB83-D75343AAC8C6},2004-01-16 00:00:00,1,1.1553333312273026,8.144000053405762,2.2149999141693115,2.2149999141693115,2.2149999141693115,3.086999893188477,34.65999993681908,11.27427990708562,2004-01-16 00:00:00,
283597.691299997,199444.660399999,57870.0,60.0,Blue Ridge Parkway,Buncombe,Skyland,2004-02-04,,,,Rock,Slide,,,,Road cut,,,,{1D77DE26-60B4-455B-8FEA-E3841B8D65DD},2004-02-04 00:00:00,1,1.8670999951505416,27.81599998474121,27.81599998474121,27.81599998474121,27.81599998474121,29.233999967575073,56.01299985451624,37.31486136588466,2004-02-04 00:00:00,
283644.023100004,199929.314100001,58944.0,2308.0,Blue Ridge Parkway,Buncombe,Skyland,2004-02-04,,,,Debris,Slide - translational,,,,Road cut,,,,{B9EC3041-DEA3-48A0-AF71-A98E2998E06E},2004-02-04 00:00:00,1,1.8670999951505416,27.81599998474121,27.81599998474121,27.81599998474121,27.81599998474121,29.233999967575073,56.01299985451624,37.31486136588466,2004-02-04 00:00:00,
283662.6197,200029.215100002,58943.0,2307.0,Blue Ridge Parkway,Buncombe,Skyland,2004-02-04,,,,Rock,Fall,,Rock,Slide,Road cut,,,,{419C8400-BB35-42EB-B4B4-5C74A644503D},2004-02-04 00:00:00,1,1.8670999951505416,27.81599998474121,27.81599998474121,27.81599998474121,27.81599998474121,29.233999967575073,56.01299985451624,37.31486136588466,2004-02-04 00:00:00,
293388.061099999,212725.229800001,58941.0,2305.0,Blue Ridge Parkway,Buncombe,Oteen,2004-03-25,,,,Rock,Fall,,,,Road cut,,,,{11E0D52F-1915-46A0-BC96-C338291F6E40},2004-03-25 00:00:00,1,1.772766688466072,10.937000274658203,0.0,0.0,0.0,17.587000370025635,53.18300065398216,25.689514824237477,2004-03-25 00:00:00,
293205.315099999,213142.061299998,58942.0,2306.0,Blue Ridge Parkway,Buncombe,Oteen,2004-03-26,,,,Rock,Slide - translational,,,,Road cut,,,,{61B2AFFA-38FC-49E0-90B9-1FAF3EC23B7B},2004-03-26 00:00:00,1,1.772766688466072,10.937000274658203,0.0,0.0,0.0,14.687000274658203,53.18300065398216,23.918551081502244,2004-03-26 00:00:00,
309903.8178,224923.396499999,57879.0,69.0,Blue Ridge Parkway,Buncombe,Montreat,2004-05-12,,,Extremely rapid (>5 m/sec),Debris,Flow,,,,Unmodified,,,,{6F97B6F9-0657-4E45-9D55-259520BB2965},2004-05-12 00:00:00,1,3.810866685009872,25.34000015258789,8.880000114440918,0.0,15.7020001411438,15.7020001411438,114.32600055029616,41.36965927896617,2004-05-12 00:00:00,
301079.830700003,220594.116999999,58841.0,2284.0,Blue Ridge Parkway,Buncombe,Craggy Pinnacle,2004-06-11,,,,Rock,Fall,,,,Road cut,,,,{17D54D7F-EF2F-4EF6-AA86-F1C46E8E708B},2004-06-11 00:00:00,1,4.321400032440821,24.224000930786133,5.239999771118164,5.239999771118164,8.842999696731567,19.5409996509552,129.64200097322464,48.70844625925216,2004-06-11 00:00:00,
303784.158799998,221266.664299998,58842.0,2285.0,Blue Ridge Parkway,Buncombe,Craggy Pinnacle,2004-07-09,,,,Rock,Slide - translational,,,,Road cut,,,,{2ECEB9C1-914C-4DD0-A333-BC79CBD5AD11},2004-07-09 00:00:00,1,4.238999968146285,16.084999084472656,10.765999794006348,0.0,12.720999836921692,38.381998777389526,127.16999904438852,53.09084143095914,2004-07-09 00:00:00,
288234.731299996,207699.099300001,57985.0,403.0,Geohazards,Buncombe,Asheville,2004-08-11,,,,Debris,Slide,Extremely rapid (>5 m/sec),Debris,Flow,Road embankment,,,,{7F2640DA-5A36-4143-AD91-C75CA35DD365},2004-08-11 00:00:00,1,1.8985333471248549,14.531000137329102,0.0,0.0,0.0,2.0989999771118164,56.95600041374564,21.38256374876092,2004-08-11 00:00:00,
310791.233408644,224438.679714088,58783.0,2380.0,Blue Ridge Parkway,Buncombe,Montreat,2006-11-01,2004-09-06 08:00:00,,,Debris,Slide,,,,Road embankment,,,,{7B9729CD-E35D-47E8-A5AD-731872270B8E},2004-09-06 08:00:00,1,5.084100008010864,50.52199935913086,5.383999824523926,0.0,5.383999824523926,84.99899959564209,152.52300024032593,92.076319818013,2004-09-06 08:00:00,
262140.619000003,220544.513999999,60903.0,5191.0,Landslide Hazard Mapping,Buncombe,Sandymush,2008-03-20,2004-09-06 17:00:00,,,Debris,Slide,Extremely rapid (>5 m/sec),Debris,Flow,Unmodified,,,,{3D724714-ECD4-4B4B-A1E2-7FD65090FCD6},2004-09-06 17:00:00,1,1.9486666773601125,23.166000366210938,1.1440000534057615,0.0,1.1440000534057615,17.837999736890197,58.460000320803374,22.212642884386675,2004-09-06 17:00:00,
266672.014899999,199768.924600001,59283.0,4975.0,Landslide Hazard Mapping,Buncombe,Cruso,2008-02-05,2004-09-06 17:00:00,,Extremely rapid (>5 m/sec),Debris,Flow,,,,Road embankment,,,,{9E5FCCDA-3131-4DF6-B49F-13EB173B9386},2004-09-06 17:00:00,1,3.1872000062217314,16.95199966430664,1.965999960899353,0.0869999974966049,2.052999958395958,32.22099982202053,95.61600018665196,46.099505004913354,2004-09-06 17:00:00,
267378.01864657,213612.964980901,59355.0,5085.0,Landslide Hazard Mapping,Buncombe,Canton,2008-03-06,2004-09-06 17:00:00,,,Debris,Slide - translational,,,,Road embankment,,,,{2015AC67-DA5A-411E-91C8-C1AA0E68FF59},2004-09-06 17:00:00,1,3.137366689244906,37.13600158691406,1.2970000505447388,0.0,1.2970000505447388,22.732999563217163,94.12100067734718,35.63799428220819,2004-09-06 17:00:00,
269374.075300001,206684.954700001,60882.0,5001.0,Landslide Hazard Mapping,Buncombe,Canton,2008-02-12,2004-09-06 17:00:00,,,Debris,Slide - translational,,,,Stream bank,,,,{C7966EB8-347D-47DF-BE37-65D3100D0AC2},2004-09-06 17:00:00,1,3.0269000778595605,32.012001037597656,2.242000102996826,0.5139999985694885,2.7560001015663147,26.00800049304962,90.80700233578682,37.47007076203261,2004-09-06 17:00:00,
272198.554099999,212595.0031,59352.0,5075.0,Landslide Hazard Mapping,Buncombe,Enka,2008-03-03,2004-09-06 17:00:00,,,Weathered rock,Slide - translational,,,,Cut slope - Not road related,,,,{6EA83B46-93AB-4CA6-980F-C16F0F371123},2004-09-06 17:00:00,1,3.3371332405678307,44.266998291015625,1.8489999771118164,0.0,1.8489999771118164,23.68999934196472,100.11399721703492,37.843854400743105,2004-09-06 17:00:00,
272546.123800002,195966.2733,59141.0,5050.0,Landslide Hazard Mapping,Buncombe,Dunsmore Mountain,2008-02-15,2004-09-06 17:00:00,,Extremely rapid (>5 m/sec),Debris,Flow,,,,Unmodified,,,,{8B02C591-2D6E-441A-97B9-A494360E408E},2004-09-06 17:00:00,1,3.3625666397313276,25.812999725341797,2.311000108718872,0.0,2.311000108718872,58.42799913883209,100.87699919193984,56.20994330007045,2004-09-06 17:00:00,
274607.697490563,210040.296216526,61379.0,201308150001.0,Geohazards,Buncombe,Enka,2013-07-09,2004-09-06 17:00:00,Active,Very slow (>16 mm/yr),Debris,Slide,,,,Embankment - Not road related,,,,{6B455B5E-0611-4FD8-927A-4CBC337F527A},2004-09-06 17:00:00,1,3.0408999738593896,28.51099967956543,1.9919999837875368,0.3179999887943268,2.3099999725818634,24.99999961256981,91.22699921578167,38.20136598905645,2004-09-06 17:00:00,
299544.2271,232056.324000001,59521.0,5356.0,Landslide Hazard Mapping,Buncombe,Barnardsville,2008-07-02,2004-09-06 17:00:00,,Extremely rapid (>5 m/sec),Debris,Flow,,,,Unmodified,,,,{8BFF04EB-2B6F-4164-81B4-D6EECA52DB64},2004-09-06 17:00:00,1,3.6817333517363298,25.020000457763672,4.232999801635742,0.0,4.232999801635742,68.90500020980835,110.45200055208988,64.01570123046417,2004-09-06 17:00:00,
300650.672791049,213087.424612187,60917.0,20110221171.0,Landslide Hazard Mapping,Buncombe,Oteen,2008-05-01,2004-09-06 17:00:00,,,Debris,Slide,Extremely rapid (>5 m/sec),Debris,Flow,Unmodified,,,,{147C1895-97B0-4686-98E7-0BDDC2C55D24},2004-09-06 17:00:00,1,5.889733355244001,31.19300079345703,2.2230000495910645,0.0,2.2230000495910645,51.77600032091141,176.69200065732002,87.71951075674319,2004-09-06 17:00:00,
301634.7883,221666.383699998,58158.0,640.0,Geohazards,Buncombe,Craggy Pinnacle,2005-05-11,2004-09-06 17:00:00,,Extremely rapid (>5 m/sec),Debris,Flow,,,,Unmodified,,,,{EF665E0A-A9EA-4DDA-AF16-2D07E006451E},2004-09-06 17:00:00,1,4.232933375736078,29.916000366210938,3.1500000953674316,0.0,3.1500000953674316,62.00100040435791,126.98800127208231,71.303047787122,2004-09-06 17:00:00,
301653.486900002,221641.320599999,58157.0,639.0,Geohazards,Buncombe,Craggy Pinnacle,2005-05-11,2004-09-06 17:00:00,,Extremely rapid (>5 m/sec),Debris,Flow,,,,Unmodified,,,,{D6FDA923-4241-497E-BBDE-CA2D4A80C223},2004-09-06 17:00:00,1,4.232933375736078,29.916000366210938,3.1500000953674316,0.0,3.1500000953674316,62.00100040435791,126.98800127208231,71.303047787122,2004-09-06 17:00:00,
301706.839500003,221932.329799999,60788.0,4483.0,Landslide Hazard Mapping,Buncombe,Craggy Pinnacle,,2004-09-06 17:00:00,,,,,,,,Road cut,,,,{589DC77B-A0B7-4105-BD95-0F8A34C2A407},2004-09-06 17:00:00,1,4.232933375736078,29.916000366210938,3.1500000953674316,0.0,3.1500000953674316,62.00100040435791,126.98800127208231,71.303047787122,2004-09-06 17:00:00,
301871.381700002,223876.770599999,60787.0,4481.0,Landslide Hazard Mapping,Buncombe,Craggy Pinnacle,,2004-09-06 17:00:00,,Extremely rapid (>5 m/sec),Debris,Flow,,,,Road embankment,,,,{1D68D0EB-0AF7-48C0-A608-C1979354F413},2004-09-06 17:00:00,1,4.232933375736078,29.916000366210938,3.1500000953674316,0.0,3.1500000953674316,62.00100040435791,126.98800127208231,71.303047787122,2004-09-06 17:00:00,
302021.006399997,223662.391100001,60786.0,4480.0,Landslide Hazard Mapping,Buncombe,Craggy Pinnacle,,2004-09-06 17:00:00,,Extremely rapid (>5 m/sec),Debris,Flow,,,,Road embankment,,,,{385BD110-045D-450E-86BD-3DDA1CD79B78},2004-09-06 17:00:00,1,4.232933375736078,29.916000366210938,3.1500000953674316,0.0,3.1500000953674316,62.00100040435791,126.98800127208231,71.303047787122,2004-09-06 17:00:00,
304250.813600004,223190.075199999,58116.0,615.0,Geohazards,Buncombe,Craggy Pinnacle,,2004-09-06 17:00:00,,,,,,,,Unmodified,,,,{64A09BAB-EA4F-49A2-BC4F-93FC01F8743B},2004-09-06 17:00:00,1,5.019333351155122,42.59000015258789,4.288000106811523,0.0,4.288000106811523,79.11900043487549,150.58000053465366,88.19486775248886,2004-09-06 17:00:00,
304674.343955282,224619.214791408,60789.0,4484.0,Landslide Hazard Mapping,Buncombe,Montreat,,2004-09-06 17:00:00,,,,,,,,Road cut,,,,{ECC25666-BB80-4186-BF06-F10D94AF7C4F},2004-09-06 17:00:00,1,5.019333351155122,42.59000015258789,4.288000106811523,0.0,4.288000106811523,79.11900043487549,150.58000053465366,88.19486775248886,2004-09-06 17:00:00,
305128.222199999,222234.1417,60599.0,5501.0,Blue Ridge Parkway,Buncombe,Montreat,,2004-09-06 17:00:00,,Extremely rapid (>5 m/sec),Debris,Flow,,,,Unmodified,,,,{93E5A57B-95C8-4E4E-BFF4-D5511666237E},2004-09-06 17:00:00,1,5.019333351155122,42.59000015258789,4.288000106811523,0.0,4.288000106811523,79.11900043487549,150.58000053465366,88.19486775248886,2004-09-06 17:00:00,
305247.961499996,222107.308200002,60600.0,5502.0,Blue Ridge Parkway,Buncombe,Montreat,2008-09-18,2004-09-06 17:00:00,,Extremely rapid (>5 m/sec),Debris,Flow,,,,Unmodified,,,,{3EB84A6D-4FE7-4BCF-9A3B-19F7F0780D57},2004-09-06 17:00:00,1,5.019333351155122,42.59000015258789,4.288000106811523,0.0,4.288000106811523,79.11900043487549,150.58000053465366,88.19486775248886,2004-09-06 17:00:00,
305931.935999997,226819.487799998,59273.0,4497.0,Landslide Hazard Mapping,Buncombe,Montreat,,2004-09-06 17:00:00,,Extremely rapid (>5 m/sec),Debris,Flow,,,,Road embankment,,,,{6761AF67-A21A-4F76-A065-94B4ADCA3E3C},2004-09-06 17:00:00,1,4.0517332648237545,30.924999237060547,3.96399998664856,0.0,3.96399998664856,74.22499775886536,121.55199794471264,72.4527575055681,2004-09-06 17:00:00,
309606.376699999,214998.569499999,59346.0,5302.0,Landslide Hazard Mapping,Buncombe,Montreat,,2004-09-06 17:00:00,,,,,,,, ,,,,{5979DE8C-5DA4-4B8E-8720-AB69085BA0A0},2004-09-06 17:00:00,1,5.550900061925252,43.367000579833984,2.936000108718872,0.0,2.936000108718872,58.4470009803772,166.52700185775757,80.57705469288537,2004-09-06 17:00:00,
310331.984300002,214936.297600001,59349.0,5305.0,Landslide Hazard Mapping,Buncombe,Montreat,,2004-09-06 17:00:00,,,,,,,,Unmodified,,,,{6155CD51-0B3B-43D5-AF8A-820B8724624B},2004-09-06 17:00:00,1,4.312500022087867,40.422000885009766,3.4630000591278076,0.0,3.4630000591278076,55.48200082778931,129.375000662636,67.91129352054293,2004-09-06 17:00:00,
310530.0691,215015.617699999,58908.0,5299.0,Landslide Hazard Mapping,Buncombe,Montreat,2008-10-21,2004-09-06 17:00:00,,,Debris,Slide,,,,Stream bank,,,,{E8ABB29D-2F53-403D-966F-178F6E844BC4},2004-09-06 17:00:00,1,4.312500022087867,40.422000885009766,3.4630000591278076,0.0,3.4630000591278076,55.48200082778931,129.375000662636,67.91129352054293,2004-09-06 17:00:00,
310912.548299998,215675.790100001,59347.0,5303.0,Landslide Hazard Mapping,Buncombe,Montreat,,2004-09-06 17:00:00,,,,,,,, ,,,,{89A1B27D-107C-409B-9965-847097B84E1A},2004-09-06 17:00:00,1,4.706833316882451,45.51399993896485,4.960999965667725,0.0,4.960999965667725,72.37999987602234,141.20499950647354,83.84013156055155,2004-09-06 17:00:00,
310999.046899997,214949.8464,58777.0,5628.0,Landslide Hazard Mapping,Buncombe,Montreat,2008-10-21,2004-09-06 17:00:00,,Extremely rapid (>5 m/sec),Debris,Flow,,,,Cut slope - Not road related,,,,{01EBF686-0AE9-4564-9AC3-1D635EBE07A3},2004-09-06 17:00:00,1,4.312500022087867,40.422000885009766,3.4630000591278076,0.0,3.4630000591278076,55.48200082778931,129.375000662636,67.91129352054293,2004-09-06 17:00:00,
311021.272600003,223068.556899998,60597.0,5499.0,Landslide Hazard Mapping,Buncombe,Montreat,2008-09-09,2004-09-06 17:00:00,,Extremely rapid (>5 m/sec),Debris,Flow,,,,Road embankment,,,,{57D92C25-52A6-4C29-94FC-A0724E5D0890},2004-09-06 17:00:00,1,5.084100008010864,50.52199935913086,5.383999824523926,0.0,5.383999824523926,84.99899959564209,152.52300024032593,92.076319818013,2004-09-06 17:00:00,
311394.8552,215188.2313,59348.0,5304.0,Landslide Hazard Mapping,Buncombe,Montreat,,2004-09-06 17:00:00,,,,,,,, ,,,,{0C250D0E-BD86-43C5-A174-7B7FF11D02B3},2004-09-06 17:00:00,1,4.312500022087867,40.422000885009766,3.4630000591278076,0.0,3.4630000591278076,55.48200082778931,129.375000662636,67.91129352054293,2004-09-06 17:00:00,
311539.132308753,215725.411460987,58909.0,5300.0,Landslide Hazard Mapping,Buncombe,Montreat,2008-10-21,2004-09-06 17:00:00,,,Debris,Slide,,,,Road embankment,,,,{16AAAEFE-AE37-4C99-ACBA-93A68817AA32},2004-09-06 17:00:00,1,4.706833316882451,45.51399993896485,4.960999965667725,0.0,4.960999965667725,72.37999987602234,141.20499950647354,83.84013156055155,2004-09-06 17:00:00,
268913.230700001,199742.534000002,60880.0,4993.0,Landslide Hazard Mapping,Buncombe,Cruso,2008-02-05,2004-09-16 17:00:00,,,Debris,Slide,,,,Road cut,,,,{AF4C02BB-30FC-4D98-B38A-B59D296AF4A9},2004-09-16 17:00:00,1,8.332733330798025,163.72000122070312,0.0,0.0,0.0,2.619999885559082,249.98199992394075,130.7156093787019,2004-09-16 17:00:00,
269363.5198,194740.923099998,59143.0,5059.0,Landslide Hazard Mapping,Buncombe,Dunsmore Mountain,2008-02-29,2004-09-16 17:00:00,,Extremely rapid (>5 m/sec),Debris,Flow,,,,Embankment - Not road related,,,,{9DB0B13D-6396-4497-A084-D831B2577FE6},2004-09-16 17:00:00,1,10.099566661558734,192.5260009765625,0.0,0.0,0.0,5.810999870300293,302.98699984676205,160.41017391456876,2004-09-16 17:00:00,
270712.609702996,195163.949986,58079.0,452.0,Landslide Hazard Mapping,Buncombe,Dunsmore Mountain,2005-10-25,2004-09-16 17:00:00,,Extremely rapid (>5 m/sec),Debris,Flow,,,,Road embankment,,,,{DE41599D-A3EF-4028-B2AF-C15A6D5E0834},2004-09-16 17:00:00,1,10.099566661558734,192.5260009765625,0.0,0.0,0.0,5.810999870300293,302.98699984676205,160.41017391456876,2004-09-16 17:00:00,
271895.041100003,211471.022599999,58081.0,460.0,Landslide Hazard Mapping,Buncombe,Enka,,2004-09-16 17:00:00,,Extremely rapid (>5 m/sec),Debris,Flow,,,,Cut slope - Not road related,,,,{82DEF1B8-E916-411E-A4EA-0E0365691C9A},2004-09-16 17:00:00,1,7.578733213494221,149.08999633789062,0.0,0.0,0.0,6.763000011444092,227.36199640482664,119.40596519556544,2004-09-16 17:00:00,
274091.8486,196498.5748,59138.0,5047.0,Landslide Hazard Mapping,Buncombe,Dunsmore Mountain,2008-02-14,2004-09-16 17:00:00,,Extremely rapid (>5 m/sec),Debris,Flow,,,,Unmodified,,,,{31A905A8-C8F8-4E7D-8361-B3DB20467B18},2004-09-16 17:00:00,1,10.974299800147612,211.2599945068359,0.0,0.0,0.0,6.314000129699707,329.2289940044284,175.01021127704522,2004-09-16 17:00:00,
274155.238200001,196642.305500001,58848.0,5645.0,Landslide Hazard Mapping,Buncombe,Dunsmore Mountain,,2004-09-16 17:00:00,,Extremely rapid (>5 m/sec),Debris,Flow,,,,Unmodified,,,,{9CB57B7B-0852-4A04-AA91-E8B56077D145},2004-09-16 17:00:00,1,10.974299800147612,211.2599945068359,0.0,0.0,0.0,6.314000129699707,329.2289940044284,175.01021127704522,2004-09-16 17:00:00,
274236.265000001,196177.030200001,59139.0,5048.0,Landslide Hazard Mapping,Buncombe,Dunsmore Mountain,2008-02-14,2004-09-16 17:00:00,,Extremely rapid (>5 m/sec),Debris,Flow,,,,Road embankment,,,,{576C4F53-E27A-46EF-A81B-2B2BEB9A8A9F},2004-09-16 17:00:00,1,10.974299800147612,211.2599945068359,0.0,0.0,0.0,6.314000129699707,329.2289940044284,175.01021127704522,2004-09-16 17:00:00,
276977.151799999,209919.138999999,58072.0,444.0,Geohazards,Buncombe,Enka,2004-09-23,2004-09-16 17:00:00,,Extremely rapid (>5 m/sec),Debris,Flow,,,,Road cut,,,,{BC9C311A-753E-4DEB-A5C9-F197FF1939FC},2004-09-16 17:00:00,1,7.553866687044501,147.76300048828125,0.0,0.0,0.0,8.170000076293945,226.61600061133504,118.79766920837936,2004-09-16 17:00:00,
276982.017399997,210173.183499999,58070.0,442.0,Geohazards,Buncombe,Enka,2004-09-23,2004-09-16 17:00:00,,Extremely rapid (>5 m/sec),Debris,Flow,,,,Road embankment,,,,{B94766B1-1124-48A0-87FF-F51686DD28F8},2004-09-16 17:00:00,1,7.553866687044501,147.76300048828125,0.0,0.0,0.0,8.170000076293945,226.61600061133504,118.79766920837936,2004-09-16 17:00:00,
277020.884599999,210096.255199999,58071.0,443.0,Geohazards,Buncombe,Enka,2004-09-23,2004-09-16 17:00:00,,Extremely rapid (>5 m/sec),Debris,Flow,,,,Road embankment,,,,{1CC71DDD-A855-4EDB-A384-94990F1FB650},2004-09-16 17:00:00,1,7.553866687044501,147.76300048828125,0.0,0.0,0.0,8.170000076293945,226.61600061133504,118.79766920837936,2004-09-16 17:00:00,
277058.548811354,210219.775711354,58069.0,441.0,Geohazards,Buncombe,Enka,2004-09-23,2004-09-16 17:00:00,,Extremely rapid (>5 m/sec),Debris,Flow,,,,Road cut,,,,{D151592A-69F9-40F5-986E-53C9E11457C7},2004-09-16 17:00:00,1,7.553866687044501,147.76300048828125,0.0,0.0,0.0,8.170000076293945,226.61600061133504,118.79766920837936,2004-09-16 17:00:00,
277082.840099998,210349.298,58054.0,440.0,Geohazards,Buncombe,Enka,2004-09-23,2004-09-16 17:00:00,,Extremely rapid (>5 m/sec),Debris,Flow,,,,Road embankment,,,,{3790C10B-47FA-4068-ADEF-8B210F0296D1},2004-09-16 17:00:00,1,7.553866687044501,147.76300048828125,0.0,0.0,0.0,8.170000076293945,226.61600061133504,118.79766920837936,2004-09-16 17:00:00,
280044.940700002,200164.847800001,59197.0,5319.0,Landslide Hazard Mapping,Buncombe,Dunsmore Mountain,2009-03-23,2004-09-16 17:00:00,,Extremely rapid (>5 m/sec),Debris,Flow,,,,Road cut,,,,{DE66FDC0-E14B-45B1-B9F6-BCC776BE8C98},2004-09-16 17:00:00,1,8.317400192469359,158.29600524902344,0.0,0.0,0.0,3.8239998817443848,249.52200577408075,130.83430771968364,2004-09-16 17:00:00,
309707.939000003,224979.781199999,59122.0,2541.0,Blue Ridge Parkway,Buncombe,Montreat,2005-01-10,,,,Debris,Creep,,,,Road embankment,,,,{50BEFE2A-33D4-49AB-A4D4-31088A80DEBF},2005-01-10,1,0.8566666709052192,5.256999969482422,5.256999969482422,0.0,6.804000020027161,7.710000038146973,7.710000038146973,6.825860957147004,2005-01-10 00:00:00,
311465.130500004,224229.676199999,58024.0,525.0,Blue Ridge Parkway,Buncombe,Montreat,2005-01-10,,,,Debris,Slide,Extremely rapid (>5 m/sec),Debris,Flow,Road cut,,,,{1FBCBC6A-DF04-4AA3-80D8-EA65E6716927},2005-01-10,1,1.0112222499317594,6.201000213623047,6.201000213623047,0.0,6.9270002245903015,9.101000249385834,9.101000249385834,7.819102387792308,2005-01-10 00:00:00,
311493.540100001,224218.409200001,58023.0,524.0,Blue Ridge Parkway,Buncombe,Montreat,2005-01-10,,,,Debris,Slide - translational,,,,Road cut,,,,{11C3A2BF-384C-4E7D-A2BC-E1BD700DA91F},2005-01-10,1,1.0112222499317594,6.201000213623047,6.201000213623047,0.0,6.9270002245903015,9.101000249385834,9.101000249385834,7.819102387792308,2005-01-10 00:00:00,
307863.539800003,226780.522999998,58047.0,532.0,Blue Ridge Parkway,Buncombe,Montreat,2005-01-11,,,,Rock,Slide - translational,,,,Road cut,,,,{C168B7E6-AE05-4E51-A429-B3FB6C80825C},2005-01-11,1,0.7710000038146972,5.256999969482422,5.256999969482422,0.0,5.256999969482422,6.804000020027161,7.710000038146973,6.35530507663445,2005-01-11 00:00:00,
297772.001599997,209321.451299999,57948.0,573.0,State Map,Buncombe,Oteen,2005-02-25,,,,Debris,Slide,,,,Embankment - Not road related,,,,{D2EDBD68-A995-49E0-B9B1-5CE28D8578F4},2005-02-25,1,2.2071333060661953,20.768999099731445,17.5939998626709,3.2109999656677246,20.804999828338623,42.60499894618988,66.21399918198586,43.690409669278374,2005-02-25 00:00:00,
298048.144599997,209361.830200002,57949.0,574.0,State Map,Buncombe,Oteen,2005-02-25,,,,Debris,Slide,,,,Embankment - Not road related,,,,{AB483B6E-606A-48A2-882A-CCF3DBC6BB8F},2005-02-25,1,2.2071333060661953,20.768999099731445,17.5939998626709,3.2109999656677246,20.804999828338623,42.60499894618988,66.21399918198586,43.690409669278374,2005-02-25 00:00:00,
293288.683200002,215520.274099998,58237.0,783.0,Blue Ridge Parkway,Buncombe,Craggy Pinnacle,2005-04-15,,,,Rock,Slide - translational,,,,Road cut,,,,{84DE872E-BDE3-4716-9779-FCB3C9B5B100},2005-04-15,1,4.131599995493889,28.516000747680664,12.949999809265137,12.949999809265137,23.847999572753903,34.084999561309814,123.94799986481668,56.521487297687685,2005-04-15 00:00:00,
301676.953400001,221776.3895,58159.0,641.0,Geohazards,Buncombe,Craggy Pinnacle,2005-05-11,,,,Debris,Slide,Extremely rapid (>5 m/sec),Debris,Flow,Unmodified,,,,{B45EC937-033E-44FC-848D-B68CD783798D},2005-05-11,1,2.237900008195235,18.163000106811523,0.0,0.0,0.0,2.412000013398938,67.13700024585705,20.47057964551232,2005-05-11 00:00:00,
314129.586978264,200111.68468841,58216.0,725.0,Landslide Hazard Mapping,Buncombe,Black Mountain,2005-07-07,,,,Rock,Slide,,Rock,Fall,Cut slope - Not road related,,,,{430B4290-D951-4EAF-B303-7C61D2E7C4FD},2005-07-07,1,8.796266654133797,61.5099983215332,13.758000373840332,1.2549999952316284,15.436000376939774,78.04900172352791,263.8879996240139,126.46252219352634,2005-07-07 00:00:00,
291228.618600003,198370.146899998,59184.0,2818.0,Landslide Hazard Mapping,Buncombe,Skyland,2006-05-01,,,,Weathered rock,Slide,,,,Road embankment,,,,{F448458D-07FE-4DF2-B5B4-33104D94A360},2006-05-01,1,3.414700006476293,27.410999298095703,0.0,0.0,0.0,25.523000478744507,102.4410001942888,52.59699362838422,2006-05-01 00:00:00,
291240.65898107,198094.557280201,61413.0,201610280001.0,Geohazards,Buncombe,Skyland,2006-06-18,,Active,Very slow (>16 mm/yr),Debris,Subsidence,,,,Embankment - Not road related,,,,{8A608E92-6EF5-4495-8C42-5D566C809CCB},2006-06-18,1,2.242800008125293,19.732999801635746,0.0,0.0,0.0,12.052000343799593,67.28400024375878,22.44772497424453,2006-06-18 00:00:00,
304052.827500001,222168.773600001,59088.0,2375.0,Blue Ridge Parkway,Buncombe,Craggy Pinnacle,2006-10-26,,,,Rock,Fall,Extremely rapid (>5 m/sec),Debris,Flow,Unmodified,,,,{2183E343-3971-4B05-8F44-FD675D5A64F9},2006-10-26,1,2.831299990415573,26.239999771118164,0.0,0.0,0.0,10.63999992609024,84.9389997124672,43.84116049717603,2006-10-26 00:00:00,
309651.745499998,225031.611699998,58046.0,528.0,Blue Ridge Parkway,Buncombe,Montreat,2006-11-01,,,,Rock,Fall,,,,Road cut,,,,{EC608A0A-310F-46BF-9CC8-D9A2F00DA4DE},2006-11-01,1,3.70489998459816,30.198999404907227,0.7720000147819519,0.0,0.7720000147819519,26.816000163555145,111.1469995379448,51.18740820865088,2006-11-01 00:00:00,
280813.774099998,196628.2487,59164.0,2721.0,Blue Ridge Parkway,Buncombe,Skyland,2007-01-03,,,Extremely rapid (>5 m/sec),Debris,Flow,,,,Road cut,,,,{4CDC4033-65F3-43DA-ADDA-2E2FEDE93C6D},2007-01-03,1,4.068866660197576,44.5880012512207,44.5880012512207,0.6259999871253967,53.0910010933876,53.9680010676384,122.06599980592728,84.29602026906252,2007-01-03 00:00:00,
308996.998099998,215471.607000001,58824.0,2946.0,Landslide Hazard Mapping,Buncombe,Montreat,2007-03-13,,,,Debris,Slide,Extremely rapid (>5 m/sec),Debris,Flow,Road embankment,,,,{2AF75A35-C894-4506-AF7E-041719D63AE7},2007-03-13,1,2.5725666830937066,46.43000030517578,0.0,0.0,0.0,0.0,77.1770004928112,31.754645959181055,2007-03-13 00:00:00,
310010.969400004,211451.654800002,59135.0,4445.0,Landslide Hazard Mapping,Buncombe,Black Mountain,2007-03-22,,,Extremely rapid (>5 m/sec),Debris,Flow,,,,Road embankment,,,,{BBACE54F-361F-47E8-A43F-1CE7E71FAF98},2007-03-22,1,4.416900102297465,43.78900146484375,12.555999755859377,12.555999755859377,13.184999763965608,63.08900195360184,132.50700306892395,64.68834209759459,2007-03-22 00:00:00,
313309.555299997,200441.144400001,60785.0,4460.0,Landslide Hazard Mapping,Buncombe,Black Mountain,2007-03-27,,,,Debris,Slide,,,,Road cut,,,,{A30FDFCB-5390-44E6-92FC-4785A355DD51},2007-03-27,1,4.2960333635409675,57.44200134277344,0.0,0.0,0.0,10.460000425577164,128.88100090622902,40.475342595886325,2007-03-27 00:00:00,
313868.586199999,200308.318599999,58849.0,5646.0,Landslide Hazard Mapping,Buncombe,Black Mountain,2007-03-27,,,,Weathered rock,Slide - translational,,,,Road cut,,,,{84C3DE73-A8A1-4846-9CBB-654913EE67B4},2007-03-27,1,4.2960333635409675,57.44200134277344,0.0,0.0,0.0,10.460000425577164,128.88100090622902,40.475342595886325,2007-03-27 00:00:00,
314082.299000002,200487.550999999,60784.0,4459.0,Landslide Hazard Mapping,Buncombe,Black Mountain,2007-03-27,,,,Weathered rock,Slide,,,,Road cut,,,,{BB6715B4-0153-4B49-B57D-99540F5DE6C4},2007-03-27,1,4.2960333635409675,57.44200134277344,0.0,0.0,0.0,10.460000425577164,128.88100090622902,40.475342595886325,2007-03-27 00:00:00,
307808.162,204288.059300002,59137.0,4452.0,Landslide Hazard Mapping,Buncombe,Black Mountain,2007-03-30,,,Extremely rapid (>5 m/sec),Debris,Flow,,,,Unmodified,,,,{2AB9FBCD-051F-446D-B0F2-389975834B66},2007-03-30,1,3.793566658099493,51.9640007019043,2.336999893188477,2.336999893188477,2.336999893188477,2.336999893188477,113.80699974298476,36.07380067293316,2007-03-30 00:00:00,
312614.8926,202985.910599999,60776.0,4437.0,Landslide Hazard Mapping,Buncombe,Black Mountain,2007-04-02,,,,Weathered rock,Slide - rotational,,,,Unmodified,,,,{012E6626-4D7B-4C1D-92E5-66D2BEF294CD},2007-04-02,1,2.0327333390712736,27.60099983215332,1.4520000219345093,0.8799999952316284,2.3320000171661377,4.861999988555908,60.982000172138214,24.32804291091145,2007-04-02 00:00:00,
312631.341700003,203071.9461,60777.0,4438.0,Landslide Hazard Mapping,Buncombe,Black Mountain,2007-04-02,,,,Earth,Slide,Extremely rapid (>5 m/sec),Earth,Flow,Unmodified,,,,{2DFE0617-82D2-44B7-A03E-B71C2B8B4106},2007-04-02,1,2.0327333390712736,27.60099983215332,1.4520000219345093,0.8799999952316284,2.3320000171661377,4.861999988555908,60.982000172138214,24.32804291091145,2007-04-02 00:00:00,
312646.016599998,203049.2621,60775.0,4436.0,Landslide Hazard Mapping,Buncombe,Black Mountain,2007-04-02,,,,Earth,Slide,Extremely rapid (>5 m/sec),Earth,Flow,Unmodified,,,,{38AFC74E-6180-4879-8150-849617685A66},2007-04-02,1,2.0327333390712736,27.60099983215332,1.4520000219345093,0.8799999952316284,2.3320000171661377,4.861999988555908,60.982000172138214,24.32804291091145,2007-04-02 00:00:00,
304750.848899998,202893.7412,60778.0,4453.0,Landslide Hazard Mapping,Buncombe,Black Mountain,2007-04-03,,,Extremely rapid (>5 m/sec),Debris,Flow,,,,Road embankment,,,,{421D3273-E72F-4A9E-974C-0B6D0449ED33},2007-04-03,1,2.1457666429380575,36.97999954223633,1.718999981880188,1.718999981880188,1.7449999824166298,4.39400003105402,64.37299928814173,23.20688102249365,2007-04-03 00:00:00,
314558.276699997,200877.293299999,59132.0,4439.0,Landslide Hazard Mapping,Buncombe,Black Mountain,2007-04-03,,,,Earth,Slide,Extremely rapid (>5 m/sec),Earth,Flow,Unmodified,,,,{5F7E40A3-0E99-4372-9B56-C58E7A4600C7},2007-04-03,1,1.9295333355665207,24.24799919128418,2.9560000896453857,2.9560000896453857,4.171000123023987,7.687000274658203,57.88600006699562,23.380136686075353,2007-04-03 00:00:00,
314970.854400001,199930.4067,59134.0,4441.0,Landslide Hazard Mapping,Buncombe,Moffitt Hill,2007-04-03,,,,Debris,Slide,Extremely rapid (>5 m/sec),Debris,Flow,Road embankment,,,,{5DC6D38E-C36E-4E4E-AB5A-C12ACC197C75},2007-04-03,1,1.9295333355665207,24.24799919128418,2.9560000896453857,2.9560000896453857,4.171000123023987,7.687000274658203,57.88600006699562,23.380136686075353,2007-04-03 00:00:00,
314992.579800002,200039.581799999,59133.0,4440.0,Landslide Hazard Mapping,Buncombe,Moffitt Hill,2007-04-03,,,,Earth,Slide - translational,,,,Road cut,,,,{D06E3DF3-FB58-4414-BC60-26FDD6DDB478},2007-04-03,1,1.9295333355665207,24.24799919128418,2.9560000896453857,2.9560000896453857,4.171000123023987,7.687000274658203,57.88600006699562,23.380136686075353,2007-04-03 00:00:00,
313756.401000001,202217.938099999,60779.0,4454.0,Landslide Hazard Mapping,Buncombe,Black Mountain,2007-04-05,,,Extremely rapid (>5 m/sec),Debris,Flow,,,,Unmodified,,,,{C9558477-43A4-43A1-93A2-DA438B67BDE2},2007-04-05,1,2.1101666390895844,25.511999130249023,2.8459999561309814,2.828000068664551,5.674000024795532,10.550000071525574,63.30499917268753,23.872449855606735,2007-04-05 00:00:00,
318012.439125623,202369.548917982,60627.0,5643.0,Landslide Hazard Mapping,Buncombe,Moffitt Hill,2007-04-09,,,,Debris,Slide,,,,Road embankment,,,,{74D6958B-21CA-4390-944A-3F10D05E1715},2007-04-09,1,2.4036999553442,24.847999572753903,9.86299991607666,0.2599999904632568,10.122999906539915,16.108999967575073,72.110998660326,27.207555908789377,2007-04-09 00:00:00,
319941.108400002,202538.385899998,60780.0,4455.0,Landslide Hazard Mapping,Buncombe,Moffitt Hill,2007-04-09,,,,Debris,Slide,,,,Road cut,,,,{F002FB32-332D-419D-A2D7-C8183E92E0C2},2007-04-09,1,2.4036999553442,24.847999572753903,9.86299991607666,0.2599999904632568,10.122999906539915,16.108999967575073,72.110998660326,27.207555908789377,2007-04-09 00:00:00,
319973.415399998,202527.3563,60781.0,4456.0,Landslide Hazard Mapping,Buncombe,Moffitt Hill,2007-04-09,,,,Debris,Slide,,,,Road cut,,,,{6E54B4EA-47C0-4F0B-A7D2-EA2D9E2AB7AD},2007-04-09,1,2.4036999553442,24.847999572753903,9.86299991607666,0.2599999904632568,10.122999906539915,16.108999967575073,72.110998660326,27.207555908789377,2007-04-09 00:00:00,
320125.182400003,202365.9692,60782.0,4457.0,Landslide Hazard Mapping,Buncombe,Moffitt Hill,2007-04-09,,,,Debris,Slide,,,,Road embankment,,,,{B7ABF0D9-C74F-4F0D-8CEC-763CDE5799F2},2007-04-09,1,2.4036999553442,24.847999572753903,9.86299991607666,0.2599999904632568,10.122999906539915,16.108999967575073,72.110998660326,27.207555908789377,2007-04-09 00:00:00,
321672.850699998,201736.919,60783.0,4458.0,Landslide Hazard Mapping,Buncombe,Moffitt Hill,2007-04-09,,,,Debris,Slide,,,,Road cut,,,,{E17FEB6E-D117-4A9A-BB0D-61024287A860},2007-04-09,1,2.323066686652601,27.128000259399418,5.51800012588501,0.0460000000894069,5.564000125974417,11.45900010690093,69.69200059957802,23.34724313244015,2007-04-09 00:00:00,
277239.877700001,205733.063299999,59258.0,4974.0,Landslide Hazard Mapping,Buncombe,Enka,2008-01-30,,,Extremely rapid (>5 m/sec),Debris,Flow,,,,Unmodified,,,,{D8AC76A9-CCA4-4C37-B3E5-B12362D9E1E9},2008-01-30,1,1.8105666467299064,14.656999588012695,0.0,0.0,0.0,0.5619999766349792,54.31699940189719,15.690989885333346,2008-01-30 00:00:00,
279592.729900002,202972.804900002,59223.0,4968.0,Landslide Hazard Mapping,Buncombe,Enka,2008-01-30,,,Extremely rapid (>5 m/sec),Debris,Flow,,,,Unmodified,,,,{0F45D2C8-AF65-4591-AC3A-998D84D65FDE},2008-01-30,1,1.9357666701078415,17.19700050354004,0.0,0.0,0.0,0.3849999904632568,58.073000103235245,16.195610158580756,2008-01-30 00:00:00,
266751.9749,199541.735100001,60879.0,4992.0,Landslide Hazard Mapping,Buncombe,Cruso,2008-02-02,,,,Debris,Slide,,,,Unmodified,,,,{17EA1E45-1635-4F17-9F5B-06841EBE17DC},2008-02-02,1,3.1557667086521786,37.49800109863281,37.49800109863281,37.49800109863281,46.678001403808594,46.678001403808594,94.67300125956535,58.55087204111663,2008-02-02 00:00:00,
273278.821099997,198647.377599999,60040.0,4982.0,Landslide Hazard Mapping,Buncombe,Dunsmore Mountain,2008-02-05,,,,Debris,Slide,,,,Road cut,,,,{A6C9C915-1F10-428E-A725-C7BFA5D9525E},2008-02-05,1,2.917400026321411,33.86600112915039,4.980999946594238,4.980999946594238,5.4269999563694,45.27600088715553,87.52200078964233,46.566758838563715,2008-02-05 00:00:00,
273336.802000001,198733.800299998,60656.0,4983.0,Landslide Hazard Mapping,Buncombe,Dunsmore Mountain,2008-02-05,,,,Debris,Slide,,,,Road embankment,,,,{1DC61862-5554-4928-BDF5-9D0B7066DC43},2008-02-05,1,2.917400026321411,33.86600112915039,4.980999946594238,4.980999946594238,5.4269999563694,45.27600088715553,87.52200078964233,46.566758838563715,2008-02-05 00:00:00,
275190.448100001,197917.515700001,60883.0,5003.0,Landslide Hazard Mapping,Buncombe,Dunsmore Mountain,2008-02-05,,,Extremely rapid (>5 m/sec),Debris,Flow,,,,Road embankment,,,,{A1B00D4E-EAF3-4AFF-A097-05AF9C3DBB6F},2008-02-05,1,3.712033328413963,42.72800064086914,5.201000213623047,5.201000213623047,7.836000204086304,58.8630006313324,111.3609998524189,59.26564267537688,2008-02-05 00:00:00,
266772.209600002,197438.532400001,60881.0,4997.0,Landslide Hazard Mapping,Buncombe,Cruso,2008-02-07,,,Extremely rapid (>5 m/sec),Debris,Flow,,,,Road embankment,,,,{B7C43B22-2793-4D71-9809-98D46EFBE127},2008-02-07,1,3.718800042942166,41.483001708984375,4.333000183105469,0.0,7.919000148773193,50.51500189304352,111.564001288265,52.46536189774111,2008-02-07 00:00:00,
274977.972999997,197375.4549,58813.0,5043.0,Landslide Hazard Mapping,Buncombe,Dunsmore Mountain,2008-02-14,,,,Debris,Slide,,,,Road embankment,,,,{2621EDC9-6B72-472E-B801-64607A3DBA47},2008-02-14,1,3.1645333554285267,42.1150016784668,4.318999767303467,4.318999767303467,4.318999767303467,15.492000102996826,94.9360006628558,40.92634393621547,2008-02-14 00:00:00,
270152.894000001,208164.583700001,60884.0,5024.0,Landslide Hazard Mapping,Buncombe,Enka,2008-02-15,,,,Debris,Slide,,,,Road cut,,,,{EDF68225-F00A-4DC5-8825-DB108FD46A56},2008-02-15,1,2.576633357008298,30.65800094604492,3.2209999561309814,0.1689999997615814,3.389999955892563,3.389999955892563,77.29900071024895,30.74125405206892,2008-02-15 00:00:00,
271874.306900002,207671.903999999,60889.0,5033.0,Landslide Hazard Mapping,Buncombe,Enka,2008-02-15,,,Extremely rapid (>5 m/sec),Debris,Flow,,,,Unmodified,,,,{D493CBD7-C130-49E5-8471-1D891992A3C8},2008-02-15,1,2.5626333232658607,31.01099967956543,2.63700008392334,0.1969999969005584,2.8340000808238983,2.8340000808238983,76.87899969797581,30.06979548709883,2008-02-15 00:00:00,
272702.465899996,210829.794399999,60885.0,5027.0,Landslide Hazard Mapping,Buncombe,Enka,2008-02-19,,,,Rock,Slide - translational,,,,Road cut,,,,{D3E41D13-CF92-43BD-B29E-FF52B0594FFC},2008-02-19,1,2.9615666305956743,31.01099967956543,28.038999557495117,28.038999557495117,28.038999557495117,30.872999638319016,88.84699891787022,48.987175874723235,2008-02-19 00:00:00,
267427.415899999,209628.094300002,58815.0,5053.0,Landslide Hazard Mapping,Buncombe,Canton,2008-02-25,,,,Debris,Slide - translational,,,,Road cut,,,,{22A412A4-F2D8-4835-B095-E64E4365E8EC},2008-02-25,1,3.0850666771332422,31.381999969482425,0.5619999766349792,0.0,0.5619999766349792,30.186000525951385,92.55200031399728,34.17420665711584,2008-02-25 00:00:00,
267429.103500001,209605.7152,58814.0,5052.0,Landslide Hazard Mapping,Buncombe,Canton,2008-02-25,,,,Debris,Slide - translational,,,,Road cut,,,,{59E8634F-8678-447E-9ECE-48E7AF4EFF1D},2008-02-25,1,3.0850666771332422,31.381999969482425,0.5619999766349792,0.0,0.5619999766349792,30.186000525951385,92.55200031399728,34.17420665711584,2008-02-25 00:00:00,
267434.192400001,209646.487599999,58816.0,5054.0,Landslide Hazard Mapping,Buncombe,Canton,2008-02-25,,,,Debris,Slide - translational,,,,Road cut,,,,{2CFA0B25-574D-461F-A8F9-897ACBCF8991},2008-02-25,1,3.0850666771332422,31.381999969482425,0.5619999766349792,0.0,0.5619999766349792,30.186000525951385,92.55200031399728,34.17420665711584,2008-02-25 00:00:00,
267436.547499999,209686.920000002,59142.0,5056.0,Landslide Hazard Mapping,Buncombe,Canton,2008-02-25,,,,Debris,Slide - translational,,,,Road cut,,,,{735AFDC8-F08A-4B6E-AAF2-E0EB55D26070},2008-02-25,1,3.0850666771332422,31.381999969482425,0.5619999766349792,0.0,0.5619999766349792,30.186000525951385,92.55200031399728,34.17420665711584,2008-02-25 00:00:00,
267439.245499998,209621.982099999,58817.0,5055.0,Landslide Hazard Mapping,Buncombe,Canton,2008-02-25,,,,Debris,Slide,,,,Road embankment,,,,{9A454C8E-E590-483C-AC56-155BC0A54C7C},2008-02-25,1,3.0850666771332422,31.381999969482425,0.5619999766349792,0.0,0.5619999766349792,30.186000525951385,92.55200031399728,34.17420665711584,2008-02-25 00:00:00,
269944.726599999,213338.798999999,59144.0,5062.0,Landslide Hazard Mapping,Buncombe,Canton,2008-02-29,,,,Debris,Slide - translational,,,,Unmodified,,,,{8AB4CE10-F85B-4775-AFFB-6BAF22F6EC7A},2008-02-29,1,3.5975000277161597,31.46299934387207,10.019000053405762,0.4280000030994415,17.59900000691414,19.64600001275539,107.9250008314848,41.28934825137666,2008-02-29 00:00:00,
269947.172200002,213377.119199999,59145.0,5063.0,Landslide Hazard Mapping,Buncombe,Canton,2008-02-29,,,,Debris,Slide,Extremely rapid (>5 m/sec),Debris,Flow,Unmodified,,,,{309AF1A4-622F-49E8-8851-9E9733431C92},2008-02-29,1,3.5975000277161597,31.46299934387207,10.019000053405762,0.4280000030994415,17.59900000691414,19.64600001275539,107.9250008314848,41.28934825137666,2008-02-29 00:00:00,
269967.997299999,213194.149700001,58203.0,556.0,Landslide Hazard Mapping,Buncombe,Canton,2008-02-29,,,,Debris,Slide - translational,,,,Unmodified,,,,{FF46422A-956C-4778-8B59-78706535037F},2008-02-29,1,3.5975000277161597,31.46299934387207,10.019000053405762,0.4280000030994415,17.59900000691414,19.64600001275539,107.9250008314848,41.28934825137666,2008-02-29 00:00:00,
269976.4023,213392.556400001,60888.0,5032.0,Landslide Hazard Mapping,Buncombe,Canton,2008-02-29,,,Extremely rapid (>5 m/sec),Debris,Flow,,,,Unmodified,,,,{DFE0220D-B784-488A-8B60-FCD6BDDB5B61},2008-02-29,1,3.5975000277161597,31.46299934387207,10.019000053405762,0.4280000030994415,17.59900000691414,19.64600001275539,107.9250008314848,41.28934825137666,2008-02-29 00:00:00,
269978.608599998,213369.381000001,60887.0,5031.0,Landslide Hazard Mapping,Buncombe,Canton,2008-02-29,,,,Debris,Slide - translational,,,,Unmodified,,,,{D88DD162-1311-4DFC-9527-EA4CBF3F6B2E},2008-02-29,1,3.5975000277161597,31.46299934387207,10.019000053405762,0.4280000030994415,17.59900000691414,19.64600001275539,107.9250008314848,41.28934825137666,2008-02-29 00:00:00,
269981.387000002,213315.764699999,60886.0,5030.0,Landslide Hazard Mapping,Buncombe,Canton,2008-02-29,,,,Debris,Slide - translational,,,,Unmodified,,,,{504D3329-0BD2-4DAF-B0E8-4307903FF30F},2008-02-29,1,3.5975000277161597,31.46299934387207,10.019000053405762,0.4280000030994415,17.59900000691414,19.64600001275539,107.9250008314848,41.28934825137666,2008-02-29 00:00:00,
269985.797300003,213082.235800002,58387.0,558.0,Landslide Hazard Mapping,Buncombe,Enka,2008-02-29,,,,Debris,Slide - translational,,,,Road cut,,,,{3BD4F417-C1A3-4AA1-A662-B80D95A1E2ED},2008-02-29,1,3.5975000277161597,31.46299934387207,10.019000053405762,0.4280000030994415,17.59900000691414,19.64600001275539,107.9250008314848,41.28934825137666,2008-02-29 00:00:00,
270001.057599999,213330.120000001,58825.0,2300.0,Landslide Hazard Mapping,Buncombe,Enka,2008-02-29,,,,Debris,Slide - translational,,,,Road cut,,,,{9B0821FC-D50E-4A3D-935E-2869C5F9CC64},2008-02-29,1,3.5975000277161597,31.46299934387207,10.019000053405762,0.4280000030994415,17.59900000691414,19.64600001275539,107.9250008314848,41.28934825137666,2008-02-29 00:00:00,
270002.640500002,213309.632599998,58843.0,2286.0,Landslide Hazard Mapping,Buncombe,Enka,2008-02-29,,,,Debris,Slide,,,,Unmodified,,,,{5D2B10C7-291C-46A6-8BCA-4AA41BF077D8},2008-02-29,1,3.5975000277161597,31.46299934387207,10.019000053405762,0.4280000030994415,17.59900000691414,19.64600001275539,107.9250008314848,41.28934825137666,2008-02-29 00:00:00,
270011.613200001,213319.174199998,58844.0,2279.0,Landslide Hazard Mapping,Buncombe,Enka,2008-02-29,,,,Debris,Slide - translational,,,,Road cut,,,,{FC52280E-5030-4A1F-9098-5D6F7E5EBD6B},2008-02-29,1,3.5975000277161597,31.46299934387207,10.019000053405762,0.4280000030994415,17.59900000691414,19.64600001275539,107.9250008314848,41.28934825137666,2008-02-29 00:00:00,
270032.854099996,213312.709600002,58022.0,521.0,Landslide Hazard Mapping,Buncombe,Enka,2008-02-29,,,,Rock,Slide - translational,,,,Road cut,,,,{A9D29B75-3950-470C-9FF1-6737CA50EB61},2008-02-29,1,3.5975000277161597,31.46299934387207,10.019000053405762,0.4280000030994415,17.59900000691414,19.64600001275539,107.9250008314848,41.28934825137666,2008-02-29 00:00:00,
270043.025200002,213428.340300001,59146.0,5064.0,Landslide Hazard Mapping,Buncombe,Enka,2008-02-29,,,,Debris,Slide - translational,,,,Unmodified,,,,{96F99A6D-E4FE-45EC-9744-8C8A8DB51A1B},2008-02-29,1,3.5975000277161597,31.46299934387207,10.019000053405762,0.4280000030994415,17.59900000691414,19.64600001275539,107.9250008314848,41.28934825137666,2008-02-29 00:00:00,
270047.704300001,213453.808899999,59274.0,5065.0,Landslide Hazard Mapping,Buncombe,Enka,2008-02-29,,,,Weathered rock,Slide - translational,,,,Road cut,,,,{4A6BD341-5ACB-4CA7-879D-70919690ED5E},2008-02-29,1,3.5975000277161597,31.46299934387207,10.019000053405762,0.4280000030994415,17.59900000691414,19.64600001275539,107.9250008314848,41.28934825137666,2008-02-29 00:00:00,
270048.679300003,213182.1083,58202.0,555.0,Landslide Hazard Mapping,Buncombe,Enka,2008-02-29,,,,Debris,Slide - translational,,,,Road cut,,,,{95751F43-B469-4A1F-B2CD-394D1C14E4E8},2008-02-29,1,3.5975000277161597,31.46299934387207,10.019000053405762,0.4280000030994415,17.59900000691414,19.64600001275539,107.9250008314848,41.28934825137666,2008-02-29 00:00:00,
270050.686300002,213667.075199999,59276.0,5067.0,Landslide Hazard Mapping,Buncombe,Enka,2008-02-29,,,,Debris,Slide - translational,,,,Road cut,,,,{B6531ABA-68AF-4DEB-983B-BC2F5DB7BC3E},2008-02-29,1,3.5975000277161597,31.46299934387207,10.019000053405762,0.4280000030994415,17.59900000691414,19.64600001275539,107.9250008314848,41.28934825137666,2008-02-29 00:00:00,
270053.132299997,213602.258499999,59275.0,5066.0,Landslide Hazard Mapping,Buncombe,Enka,2008-02-29,,,,Debris,Slide - translational,,,,Road cut,,,,{388DA286-13B8-4428-8477-A2F888F5B5CC},2008-02-29,1,3.5975000277161597,31.46299934387207,10.019000053405762,0.4280000030994415,17.59900000691414,19.64600001275539,107.9250008314848,41.28934825137666,2008-02-29 00:00:00,
270057.140600003,213245.291499998,57963.0,544.0,Landslide Hazard Mapping,Buncombe,Enka,2008-02-29,,,,Debris,Slide - translational,,,,Road cut,,,,{637BF43D-2D2C-4853-9153-D4720CD703A8},2008-02-29,1,3.5975000277161597,31.46299934387207,10.019000053405762,0.4280000030994415,17.59900000691414,19.64600001275539,107.9250008314848,41.28934825137666,2008-02-29 00:00:00,
270060.966300003,213200.1842,58113.0,546.0,Landslide Hazard Mapping,Buncombe,Enka,2008-02-29,,,,Debris,Slide - translational,,,,Road cut,,,,{C191E3E4-8652-41C8-9200-C543F406E398},2008-02-29,1,3.5975000277161597,31.46299934387207,10.019000053405762,0.4280000030994415,17.59900000691414,19.64600001275539,107.9250008314848,41.28934825137666,2008-02-29 00:00:00,
271755.331500001,213528.664900001,59353.0,5077.0,Landslide Hazard Mapping,Buncombe,Enka,2008-03-03,,,Extremely rapid (>5 m/sec),Debris,Blowout,,,,Unmodified,,,,{25FF2B4E-6977-4C82-96AC-5E2F230E1221},2008-03-03,1,2.4211333826184274,26.974000930786133,1.8480000495910645,0.0,2.4610000252723694,21.89700004458427,72.63400147855282,31.24655302496304,2008-03-03 00:00:00,
271979.346500002,212448.032200001,59282.0,5073.0,Landslide Hazard Mapping,Buncombe,Enka,2008-03-03,,,Extremely rapid (>5 m/sec),Debris,Blowout,,,,Unmodified,,,,{8DA6C50C-9C32-4F82-8158-19E5D98B544C},2008-03-03,1,2.305866682281097,25.135000228881836,1.919000029563904,0.0,2.2020000219345093,21.840000569820404,69.1760004684329,30.063152437445407,2008-03-03 00:00:00,
273191.268399999,213253.425099999,59354.0,5080.0,Landslide Hazard Mapping,Buncombe,Enka,2008-03-03,,,Extremely rapid (>5 m/sec),Debris,Flow,,,,Road cut,,,,{DE4EF2CC-A044-4076-90EB-A8C2F7826464},2008-03-03,1,2.305866682281097,25.135000228881836,1.919000029563904,0.0,2.2020000219345093,21.840000569820404,69.1760004684329,30.063152437445407,2008-03-03 00:00:00,
267444.672200002,218201.662799999,60890.0,5122.0,Landslide Hazard Mapping,Buncombe,Sandymush,2008-03-12,,,,Debris,Slide,,,,Unmodified,,,,{B87520FB-EEB8-44D9-8373-8BE28C9E7D8B},2008-03-12,1,3.5965000379752987,39.29100036621094,0.3350000083446502,0.0,0.3350000083446502,53.64499995112419,107.89500113925897,53.48864855166429,2008-03-12 00:00:00,
267495.0185,218179.427999999,60891.0,5123.0,Landslide Hazard Mapping,Buncombe,Sandymush,2008-03-12,,,,Debris,Slide,,,,Unmodified,,,,{D0D75D57-70F4-4EF7-A700-387AD6590E7D},2008-03-12,1,3.5965000379752987,39.29100036621094,0.3350000083446502,0.0,0.3350000083446502,53.64499995112419,107.89500113925897,53.48864855166429,2008-03-12 00:00:00,
264848.489299998,217807.999200001,60894.0,5144.0,Landslide Hazard Mapping,Buncombe,Sandymush,2008-03-18,,,,Weathered rock,Slide - translational,,,,Stream bank,,,,{AE37B540-5014-4DBC-ADF0-88F078DC6928},2008-03-18,1,4.262033352123884,39.29100036621094,19.86199951171875,0.0,22.38899946212769,22.38899946212769,127.86100056371652,55.295352901695296,2008-03-18 00:00:00,
264882.129500002,217402.473999999,60895.0,5145.0,Landslide Hazard Mapping,Buncombe,Sandymush,2008-03-18,,,,Weathered rock,Slide - translational,,,,Stream bank,,,,{B29B3A7E-3660-4230-9805-E90C00CEA9A8},2008-03-18,1,4.262033352123884,39.29100036621094,19.86199951171875,0.0,22.38899946212769,22.38899946212769,127.86100056371652,55.295352901695296,2008-03-18 00:00:00,
265263.659599997,218755.196400002,60900.0,5153.0,Landslide Hazard Mapping,Buncombe,Sandymush,2008-03-18,,,Extremely rapid (>5 m/sec),Earth,Blowout,,,,Unmodified,,,,{070BC1B0-858F-43DD-BBE0-7B6C8C43F19F},2008-03-18,1,4.262033352123884,39.29100036621094,19.86199951171875,0.0,22.38899946212769,22.38899946212769,127.86100056371652,55.295352901695296,2008-03-18 00:00:00,
265964.988499999,218699.912700001,60896.0,5146.0,Landslide Hazard Mapping,Buncombe,Sandymush,2008-03-18,,,,Weathered rock,Slide - translational,,,,Road cut,,,,{7D182403-2360-4EF8-943B-22CD1B630ED5},2008-03-18,1,4.262033352123884,39.29100036621094,19.86199951171875,0.0,22.38899946212769,22.38899946212769,127.86100056371652,55.295352901695296,2008-03-18 00:00:00,
266010.9344,219597.661200002,60892.0,5136.0,Landslide Hazard Mapping,Buncombe,Sandymush,2008-03-18,,,Extremely rapid (>5 m/sec),Debris,Flow,,,,Unmodified,,,,{3FA5E303-1125-4890-9368-D5F70D679938},2008-03-18,1,4.262033352123884,39.29100036621094,19.86199951171875,0.0,22.38899946212769,22.38899946212769,127.86100056371652,55.295352901695296,2008-03-18 00:00:00,
266020.921999998,219593.504299998,60893.0,5137.0,Landslide Hazard Mapping,Buncombe,Sandymush,2008-03-18,,,Extremely rapid (>5 m/sec),Debris,Flow,,,,Unmodified,,,,{411BDA88-5831-4356-B597-E5D2DD258EE6},2008-03-18,1,4.262033352123884,39.29100036621094,19.86199951171875,0.0,22.38899946212769,22.38899946212769,127.86100056371652,55.295352901695296,2008-03-18 00:00:00,
266104.169799998,218937.172800001,60897.0,5147.0,Landslide Hazard Mapping,Buncombe,Sandymush,2008-03-18,,,,Weathered rock,Slide - translational,,,,Road cut,,,,{1ACD8835-830C-46E0-A46F-91132D6D33BD},2008-03-18,1,4.262033352123884,39.29100036621094,19.86199951171875,0.0,22.38899946212769,22.38899946212769,127.86100056371652,55.295352901695296,2008-03-18 00:00:00,
266109.028099999,218981.285100002,60898.0,5148.0,Landslide Hazard Mapping,Buncombe,Sandymush,2008-03-18,,,,Weathered rock,Slide - translational,,,,Road cut,,,,{293C000E-EE77-4EAA-A324-BFC1641A14B8},2008-03-18,1,4.262033352123884,39.29100036621094,19.86199951171875,0.0,22.38899946212769,22.38899946212769,127.86100056371652,55.295352901695296,2008-03-18 00:00:00,
266460.595399998,219501.530900002,60899.0,5149.0,Landslide Hazard Mapping,Buncombe,Sandymush,2008-03-18,,,,Weathered rock,Slide - translational,,,,Road cut,,,,{F58078CD-0245-497D-B34D-990B70FC7991},2008-03-18,1,4.262033352123884,39.29100036621094,19.86199951171875,0.0,22.38899946212769,22.38899946212769,127.86100056371652,55.295352901695296,2008-03-18 00:00:00,
261893.869400002,220682.854699999,60909.0,5197.0,Landslide Hazard Mapping,Buncombe,Sandymush,2008-03-20,,,,Earth,Slide,,,,Unmodified,,,,{37CA38FF-4F30-4C04-AE18-54029107D5D1},2008-03-20,1,3.272033346626752,38.61100006103515,0.0,0.0,0.0,22.8340003490448,98.16100039880256,43.348361252562775,2008-03-20 00:00:00,
261898.313500002,220790.599100001,60908.0,5196.0,Landslide Hazard Mapping,Buncombe,Sandymush,2008-03-20,,,,Debris,Slide,,,,Unmodified,,,,{1A678EC5-548B-405B-9687-06130F2BEFCA},2008-03-20,1,3.272033346626752,38.61100006103515,0.0,0.0,0.0,22.8340003490448,98.16100039880256,43.348361252562775,2008-03-20 00:00:00,
261967.2764,220842.775199998,60907.0,5195.0,Landslide Hazard Mapping,Buncombe,Sandymush,2008-03-20,,,,Debris,Slide,Extremely rapid (>5 m/sec),Debris,Flow,Unmodified,,,,{8B82985F-F8FB-42E6-9801-5569F90F1D36},2008-03-20,1,3.272033346626752,38.61100006103515,0.0,0.0,0.0,22.8340003490448,98.16100039880256,43.348361252562775,2008-03-20 00:00:00,
262010.469265547,220827.733355767,60905.0,5193.0,Landslide Hazard Mapping,Buncombe,Sandymush,2008-03-20,,,,Debris,Slide,,,,Unmodified,,,,{6055D97C-94E2-4D04-9DD3-DEBF8A504AB2},2008-03-20,1,3.272033346626752,38.61100006103515,0.0,0.0,0.0,22.8340003490448,98.16100039880256,43.348361252562775,2008-03-20 00:00:00,
262041.816399999,220833.1171,60906.0,5194.0,Landslide Hazard Mapping,Buncombe,Sandymush,2008-03-20,,,,Debris,Slide,,,,Unmodified,,,,{77746553-7DC5-47D1-942E-2EE13581225C},2008-03-20,1,3.272033346626752,38.61100006103515,0.0,0.0,0.0,22.8340003490448,98.16100039880256,43.348361252562775,2008-03-20 00:00:00,
262189.538099997,220666.302900001,60904.0,5192.0,Landslide Hazard Mapping,Buncombe,Sandymush,2008-03-20,,,,Debris,Slide - translational,,,,Unmodified,,,,{88E1A3E5-F660-4BA3-845F-8C9A17E65826},2008-03-20,1,3.272033346626752,38.61100006103515,0.0,0.0,0.0,22.8340003490448,98.16100039880256,43.348361252562775,2008-03-20 00:00:00,
262529.643399999,216118.591699999,60902.0,5186.0,Landslide Hazard Mapping,Buncombe,Sandymush,2008-03-20,,,,Weathered rock,Slide - translational,,,,Unmodified,,,,{E1BE4FB9-022B-4218-ABEC-2F408A4D5834},2008-03-20,1,3.2076332812507946,38.08599853515625,0.0,0.0,0.0,21.815999746322632,96.22899843752384,41.950896585026854,2008-03-20 00:00:00,
263835.151299998,216892.151500002,58823.0,5178.0,Landslide Hazard Mapping,Buncombe,Sandymush,2008-03-20,,,,Weathered rock,Slide - translational,,,,Unmodified,,,,{2E11E81E-F9D5-472B-B481-8120CB02ECD2},2008-03-20,1,3.2076332812507946,38.08599853515625,0.0,0.0,0.0,21.815999746322632,96.22899843752384,41.950896585026854,2008-03-20 00:00:00,
268439.044200003,220470.867699999,60901.0,5170.0,Landslide Hazard Mapping,Buncombe,Sandymush,2008-03-20,,,,Debris,Slide,,,,Road embankment,,,,{FCCC123A-F0A3-490D-90B4-113FACCA0217},2008-03-20,1,3.4235666414101917,39.73699951171875,0.0,0.0,0.0,21.998000383377075,102.70699924230576,45.45435657866276,2008-03-20 00:00:00,
268455.310000002,220493.6754,58176.0,665.0,Landslide Hazard Mapping,Buncombe,Sandymush,2008-03-20,,,,Debris,Slide - rotational,,,,Road embankment,,,,{A273A803-4410-4608-BE6E-369E366F5CEB},2008-03-20,1,3.4235666414101917,39.73699951171875,0.0,0.0,0.0,21.998000383377075,102.70699924230576,45.45435657866276,2008-03-20 00:00:00,
293250.240599997,200894.171500001,60910.0,5219.0,Landslide Hazard Mapping,Buncombe,Oteen,2008-04-07,,,,Debris,Slide - translational,,,,Road embankment,,,,{62A7CD23-396B-4209-82E8-1CFF54E36178},2008-04-07,1,3.44723334684968,20.465999603271484,14.765999794006348,14.765999794006348,30.86899995803833,31.704999946057796,103.4170004054904,50.23731029322189,2008-04-07 00:00:00,
293278.329259848,200751.357855296,60911.0,5220.0,Landslide Hazard Mapping,Buncombe,Oteen,2008-04-07,,,,Debris,Slide - translational,,,,Road cut,,,,{B1152BF6-4E10-4CB2-B342-56384D38BF0D},2008-04-07,1,3.44723334684968,20.465999603271484,14.765999794006348,14.765999794006348,30.86899995803833,31.704999946057796,103.4170004054904,50.23731029322189,2008-04-07 00:00:00,
293518.600500002,200637.643599998,60914.0,5244.0,Landslide Hazard Mapping,Buncombe,Oteen,2008-04-07,,,,Debris,Slide - translational,,,,Embankment - Not road related,,,,{7E11E733-F760-4AF8-8E8D-0469FAD52336},2008-04-07,1,3.44723334684968,20.465999603271484,14.765999794006348,14.765999794006348,30.86899995803833,31.704999946057796,103.4170004054904,50.23731029322189,2008-04-07 00:00:00,
296753.367700003,203157.4078,60912.0,5242.0,Landslide Hazard Mapping,Buncombe,Oteen,2008-04-08,,,,Weathered rock,Slide - translational,,,,Road cut,,,,{ABDE7211-B481-4BB3-8DF1-12FBECA8DF0E},2008-04-08,1,2.8483666964496175,19.010000228881836,13.093000411987305,0.0,25.670000076293945,30.50000026263297,85.45100089348853,45.15180376977356,2008-04-08 00:00:00,
296790.754299998,203170.538400002,60913.0,5243.0,Landslide Hazard Mapping,Buncombe,Oteen,2008-04-08,,,,Weathered rock,Slide,,,,Road cut,,,,{F161DAC4-4742-45D1-9CB9-1AC6E7144230},2008-04-08,1,2.8483666964496175,19.010000228881836,13.093000411987305,0.0,25.670000076293945,30.50000026263297,85.45100089348853,45.15180376977356,2008-04-08 00:00:00,
295265.719400004,203206.709199999,60915.0,5246.0,Landslide Hazard Mapping,Buncombe,Oteen,2008-04-17,,,,Debris,Slide - translational,,,,Road cut,,,,{BBA53249-2C0C-4674-B019-1F48342106B2},2008-04-17,1,2.3827333577598133,19.010000228881836,0.930999994277954,0.0,0.930999994277954,5.11900007724762,71.4820007327944,25.77030365263139,2008-04-17 00:00:00,
295505.634800002,203479.728,58850.0,5649.0,Landslide Hazard Mapping,Buncombe,Oteen,2008-04-17,,,Extremely rapid (>5 m/sec),Debris,Flow,,,,Unmodified,,,,{FD661C30-D6F0-4119-9AF2-0F25BB9ACDE2},2008-04-17,1,2.3827333577598133,19.010000228881836,0.930999994277954,0.0,0.930999994277954,5.11900007724762,71.4820007327944,25.77030365263139,2008-04-17 00:00:00,
303799.397524657,221300.897550773,61375.0,201608180002.0,Blue Ridge Parkway,Buncombe,Craggy Pinnacle,2008-04-23,,Inactive - stabilized,Very slow (>16 mm/yr),Debris,Slide,,,,Road embankment,,,,{842E6D99-A00D-4538-AC30-C7ABA958CCCE},2008-04-23,1,2.7034666962727596,15.550000190734863,15.550000190734863,0.0010000000474974,16.680000139283948,17.11700014572125,81.10400088818278,34.425412300777786,2008-04-23 00:00:00,
296993.758400001,205369.480599999,59343.0,5280.0,Landslide Hazard Mapping,Buncombe,Oteen,2008-05-02,,,,Debris,Slide,,,,Road cut,,,,{6B1CAAD3-CBA1-4564-9436-D4EF7D8A7EA9},2008-05-02,1,2.117533342222062,15.133999824523926,3.865000009536743,0.0,3.865000009536743,25.044000055408105,63.52600026666187,27.747301893780808,2008-05-02 00:00:00,
297318.707000002,205040.496599998,59342.0,5279.0,Landslide Hazard Mapping,Buncombe,Oteen,2008-05-02,,,,Debris,Slide,,,,Road cut,,,,{B3132718-1DF6-41CD-8E45-7AA4C7CAB50D},2008-05-02,1,2.117533342222062,15.133999824523926,3.865000009536743,0.0,3.865000009536743,25.044000055408105,63.52600026666187,27.747301893780808,2008-05-02 00:00:00,
287462.722999997,207309.548599999,60916.0,5247.0,Landslide Hazard Mapping,Buncombe,Asheville,2008-05-09,,,,Weathered rock,Slide - translational,,,,Road cut,,,,{CB1EA0DD-F08A-48B1-BF6C-4A973FD5022F},2008-05-09,1,1.0310666624456644,12.34000015258789,0.0,0.0,0.0,0.0379999987781047,30.931999873369932,11.923499216208295,2008-05-09 00:00:00,
300517.986400001,205113.4815,59344.0,5277.0,Landslide Hazard Mapping,Buncombe,Oteen,2008-05-12,,,,Rock,Slide - translational,,,,Road cut,,,,{784A459F-48C5-436E-924D-A0C219B9612B},2008-05-12,1,1.6399666628955554,15.406999588012695,4.51800012588501,3.072999954223633,11.527000188827516,11.527000188827516,49.19899988686666,23.52909390796879,2008-05-12 00:00:00,
301058.217699997,206489.137899999,59345.0,5286.0,Landslide Hazard Mapping,Buncombe,Oteen,2008-05-16,,,,Debris,Slide,,,,Road embankment,,,,{275D0049-77D2-4B59-B10C-A63C20796709},2008-05-16,1,1.5303333358218272,14.347000122070312,1.8639999628067017,1.8639999628067017,1.8639999628067017,17.1069997549057,45.91000007465482,20.430280443658436,2008-05-16 00:00:00,
293909.478100002,218085.186700001,59447.0,5341.0,Landslide Hazard Mapping,Buncombe,Craggy Pinnacle,2008-05-28,,,Extremely rapid (>5 m/sec),Debris,Flow,,,,Unmodified,,,,{1CA08478-F865-4A73-971B-6AABA62B5ED0},2008-05-28,1,2.278499970709284,14.616999626159668,0.0320000015199184,0.0320000015199184,0.0320000015199184,7.1509999595582485,68.35499912127852,23.71465740471129,2008-05-28 00:00:00,
294042.049999997,218357.054099999,59448.0,5342.0,Landslide Hazard Mapping,Buncombe,Craggy Pinnacle,2008-05-28,,,,Debris,Slide,,,,Stream bank,,,,{6821E828-7794-4160-83A0-F81853647AC7},2008-05-28,1,2.278499970709284,14.616999626159668,0.0320000015199184,0.0320000015199184,0.0320000015199184,7.1509999595582485,68.35499912127852,23.71465740471129,2008-05-28 00:00:00,
303291.605700001,215757.0057,59350.0,5309.0,Landslide Hazard Mapping,Buncombe,Craggy Pinnacle,2008-06-10,,,,Debris,Slide - translational,,,,Unmodified,,,,{5AC855E8-928C-4317-A594-C70E3AAE9D19},2008-06-10,1,2.2444999953111013,15.281000137329102,0.3470000028610229,0.0,0.3470000028610229,0.3470000028610229,67.33499985933304,19.1506525498518,2008-06-10 00:00:00,
295407.023599997,225511.904300001,58904.0,5311.0,Landslide Hazard Mapping,Buncombe,Craggy Pinnacle,2008-06-12,,,,Debris,Slide,Extremely rapid (>5 m/sec),Debris,Flow,Unmodified,,,,{AD7C2688-143C-4371-90E9-F7A9CA70E483},2008-06-12,1,1.7176332929637284,12.49899959564209,8.670999526977539,8.670999526977539,9.274999499320984,9.98099946975708,51.52899878891185,20.459679421857786,2008-06-12 00:00:00,
296246.235799998,225194.9318,58905.0,5314.0,Landslide Hazard Mapping,Buncombe,Craggy Pinnacle,2008-06-17,,,,Weathered rock,Slide - translational,,,,Road cut,,,,{F0DB6C48-1B66-4EC3-BBAA-48C09A86E45F},2008-06-17,1,1.776633293585231,12.65999984741211,12.65999984741211,0.0,12.65999984741211,21.934999346733093,53.29899880755693,24.91811154164535,2008-06-17 00:00:00,
302154.211199999,223446.800799999,59449.0,5343.0,Landslide Hazard Mapping,Buncombe,Craggy Pinnacle,2008-06-23,,,,Debris,Slide,,,,Road embankment,,,,{6B6CFFFD-F96F-45CF-A747-763CD9DC60D1},2008-06-23,1,1.2604333356022834,11.75,0.7260000109672546,0.7260000109672546,0.8500000089406967,0.8500000089406967,37.813000068068504,12.793125248881877,2008-06-23 00:00:00,
296247.481899999,228672.003899999,59446.0,5317.0,Landslide Hazard Mapping,Buncombe,Barnardsville,2008-06-25,,,Extremely rapid (>5 m/sec),Debris,Flow,,,,Unmodified,,,,{1DAFCDBD-573A-4A9F-ABF9-B3322D4B1176},2008-06-25,1,1.3856666377745568,12.65999984741211,2.188999891281128,0.0,2.9089999198913574,3.3059999346733093,41.569999133236706,15.781263056007646,2008-06-25 00:00:00,
296269.931100003,228713.737500001,59351.0,5316.0,Landslide Hazard Mapping,Buncombe,Barnardsville,2008-06-25,,,,Debris,Slide,Extremely rapid (>5 m/sec),Debris,Flow,Unmodified,,,,{65F254DD-DEDD-47B5-BBEC-723EFAC0917B},2008-06-25,1,1.3856666377745568,12.65999984741211,2.188999891281128,0.0,2.9089999198913574,3.3059999346733093,41.569999133236706,15.781263056007646,2008-06-25 00:00:00,
300484.553300001,233787.068399999,59526.0,5362.0,Landslide Hazard Mapping,Buncombe,Barnardsville,2008-06-30,,Inactive - dormant,Extremely slow (<16 mm/yr),Debris,Slide - rotational,,,,Unmodified,,,,{01504657-3D84-47CA-9E99-240B6418D800},2008-06-30,1,1.7463000172710357,18.742000579833984,10.069000244140623,5.22599983215332,20.992000102996823,21.092000104486942,52.38900051813107,29.980833893810903,2008-06-30 00:00:00,
300827.453599997,233842.304400001,59527.0,5363.0,Landslide Hazard Mapping,Buncombe,Barnardsville,2008-06-30,,,Extremely rapid (>5 m/sec),Debris,Flow,,,,Unmodified,,,,{FF8147D4-30D3-420D-B5B0-06FB2E781C5C},2008-06-30,1,1.7463000172710357,18.742000579833984,10.069000244140623,5.22599983215332,20.992000102996823,21.092000104486942,52.38900051813107,29.980833893810903,2008-06-30 00:00:00,
297406.575366076,231632.982416316,59522.0,5369.0,Landslide Hazard Mapping,Buncombe,Barnardsville,2008-07-15,,Active,Very slow (>16 mm/yr),Debris,Slide - rotational,,,,Unmodified,,,,{DAA6C92E-A591-419D-ADEC-6D7131FDA2DA},2008-07-15,1,3.0819000214338304,20.496000289916992,20.496000289916992,20.496000289916992,20.496000289916992,47.04700040817261,92.45700064301492,53.210344341112155,2008-07-15 00:00:00,
305455.534900002,232466.445099998,59523.0,5370.0,Landslide Hazard Mapping,Buncombe,Mount Mitchell,2008-07-16,,,,Debris,Slide,,,,Road cut,,,,{33B9CB68-E69F-4E9C-8356-EB8E86396127},2008-07-16,1,2.6409666871031123,14.19200038909912,14.19200038909912,0.0,14.19200038909912,43.42300081253052,79.22900061309338,45.62460388425352,2008-07-16 00:00:00,
305517.819499999,232452.343800001,59524.0,5371.0,Landslide Hazard Mapping,Buncombe,Mount Mitchell,2008-07-16,,,,Debris,Slide,,,,Road cut,,,,{4254660D-ACB7-422F-BD86-22E23A703C5E},2008-07-16,1,2.6409666871031123,14.19200038909912,14.19200038909912,0.0,14.19200038909912,43.42300081253052,79.22900061309338,45.62460388425352,2008-07-16 00:00:00,
305573.038800001,232459.2412,59525.0,5372.0,Landslide Hazard Mapping,Buncombe,Mount Mitchell,2008-07-16,,,,Debris,Slide,,,,Road cut,,,,{3D2A2D72-7231-42EB-B9DF-0260F45A8031},2008-07-16,1,2.6409666871031123,14.19200038909912,14.19200038909912,0.0,14.19200038909912,43.42300081253052,79.22900061309338,45.62460388425352,2008-07-16 00:00:00,
305607.573600002,232509.579,59528.0,5373.0,Landslide Hazard Mapping,Buncombe,Mount Mitchell,2008-07-16,,,,Debris,Slide,,,,Road cut,,,,{5AA9A5FC-E404-4754-8D88-30E690C187BB},2008-07-16,1,2.6409666871031123,14.19200038909912,14.19200038909912,0.0,14.19200038909912,43.42300081253052,79.22900061309338,45.62460388425352,2008-07-16 00:00:00,
305705.297300003,232516.479600001,59529.0,5374.0,Landslide Hazard Mapping,Buncombe,Mount Mitchell,2008-07-16,,,,Debris,Slide,,,,Road cut,,,,{476A55C9-1D1F-4B8D-A9A7-2843D2990F67},2008-07-16,1,2.6409666871031123,14.19200038909912,14.19200038909912,0.0,14.19200038909912,43.42300081253052,79.22900061309338,45.62460388425352,2008-07-16 00:00:00,
305971.809299998,232479.033100002,59531.0,5376.0,Landslide Hazard Mapping,Buncombe,Mount Mitchell,2008-07-16,,,,Debris,Slide,,,,Road cut,,,,{EA9FA635-13F8-4EE4-9862-8CE924C5570E},2008-07-16,1,2.6409666871031123,14.19200038909912,14.19200038909912,0.0,14.19200038909912,43.42300081253052,79.22900061309338,45.62460388425352,2008-07-16 00:00:00,
306003.361599997,232649.697000001,59530.0,5375.0,Landslide Hazard Mapping,Buncombe,Mount Mitchell,2008-07-16,,,,Debris,Slide,,,,Road cut,,,,{D7BB6E44-9226-4C8A-9AA4-56A4AE152E5A},2008-07-16,1,2.6409666871031123,14.19200038909912,14.19200038909912,0.0,14.19200038909912,43.42300081253052,79.22900061309338,45.62460388425352,2008-07-16 00:00:00,
306223.857799999,232684.973200001,59532.0,5377.0,Landslide Hazard Mapping,Buncombe,Mount Mitchell,2008-07-17,,,,Debris,Slide,,,,Road cut,,,,{7473A2E2-CD53-402F-8F9E-8E172C17F673},2008-07-17,1,2.6409666871031123,14.19200038909912,14.19200038909912,0.0,14.19200038909912,37.582000732421875,79.22900061309338,42.47937051536804,2008-07-17 00:00:00,
306380.304399997,232722.309300002,59533.0,5378.0,Landslide Hazard Mapping,Buncombe,Mount Mitchell,2008-07-17,,,,Debris,Slide,,,,Road cut,,,,{EE2845DF-FF92-44F1-86F9-D9C170DEB674},2008-07-17,1,2.6409666871031123,14.19200038909912,14.19200038909912,0.0,14.19200038909912,37.582000732421875,79.22900061309338,42.47937051536804,2008-07-17 00:00:00,
301288.633400001,230783.271600001,60606.0,5570.0,Landslide Hazard Mapping,Buncombe,Barnardsville,2008-07-21,,,,Debris,Slide,,,,Unmodified,,,,{CAB65C5E-B6FE-4B3E-AB3E-F394BA1F76CA},2008-07-21,1,2.708599983652433,19.60199928283691,0.0,0.0,0.0,19.60199928283691,81.25799950957298,34.3157991282926,2008-07-21 00:00:00,
301321.916000001,230854.173799999,60607.0,5571.0,Landslide Hazard Mapping,Buncombe,Barnardsville,2008-07-21,,Active,Very slow (>16 mm/yr),Debris,Slide - rotational,,,,Cut slope - Not road related,,,,{633966AD-CEF1-4180-AEA5-FDD581095A5B},2008-07-21,1,2.708599983652433,19.60199928283691,0.0,0.0,0.0,19.60199928283691,81.25799950957298,34.3157991282926,2008-07-21 00:00:00,
301363.111500002,231097.4265,60608.0,5572.0,Landslide Hazard Mapping,Buncombe,Barnardsville,2008-07-21,,Active,Very slow (>16 mm/yr),Debris,Slide - rotational,,,,Cut slope - Not road related,,,,{B6F82E37-B53D-4F2A-8A82-00E83C61E887},2008-07-21,1,2.708599983652433,19.60199928283691,0.0,0.0,0.0,19.60199928283691,81.25799950957298,34.3157991282926,2008-07-21 00:00:00,
270001.5929,213416.250599999,59242.0,4519.0,Landslide Hazard Mapping,Buncombe,Enka,2008-08-20,,,,Weathered rock,Slide - rotational,,,,Unmodified,,,,{5D47C727-F3CF-4B50-AFAE-D6F0E1970229},2008-08-20,1,0.7885666819056496,5.583000183105469,1.968000054359436,0.0,1.971000054385513,5.707000115420669,23.657000457169488,7.687023845816705,2008-08-20 00:00:00,
270015.888099998,213422.704599999,59666.0,5403.0,Landslide Hazard Mapping,Buncombe,Enka,2008-08-20,,,,Weathered rock,Slide - rotational,,,,Unmodified,,,,{7E06C526-318F-49B7-B1C6-9316EB6AFCF7},2008-08-20,1,0.7885666819056496,5.583000183105469,1.968000054359436,0.0,1.971000054385513,5.707000115420669,23.657000457169488,7.687023845816705,2008-08-20 00:00:00,
310987.518399999,222342.267200001,60594.0,5496.0,Landslide Hazard Mapping,Buncombe,Montreat,2008-09-09,,,,Debris,Slide,,,,Road embankment,,,,{0803EDC5-810D-47A0-9851-8CA2747E7465},2008-09-09,1,13.99106676230828,216.7310028076172,0.0,0.0,0.0,6.355000019073486,419.7320028692484,187.70398985840288,2008-09-09 00:00:00,
311107.591700003,223015.5121,60596.0,5498.0,Landslide Hazard Mapping,Buncombe,Montreat,2008-09-09,,,,Debris,Slide,Extremely rapid (>5 m/sec),Debris,Flow,Road embankment,,,,{08325343-C450-42B1-97A8-CECF0E49EFE6},2008-09-09,1,13.99106676230828,216.7310028076172,0.0,0.0,0.0,6.355000019073486,419.7320028692484,187.70398985840288,2008-09-09 00:00:00,
311743.630800001,222401.400899999,60595.0,5497.0,Landslide Hazard Mapping,Buncombe,Montreat,2008-09-09,,,,Debris,Slide,,,,Road embankment,,,,{233732AC-0CC1-4B82-B145-B739A80B241E},2008-09-09,1,13.99106676230828,216.7310028076172,0.0,0.0,0.0,6.355000019073486,419.7320028692484,187.70398985840288,2008-09-09 00:00:00,
289431.754600003,217625.019200001,60598.0,5500.0,Landslide Hazard Mapping,Buncombe,Weaverville,2008-09-12,,,,Debris,Slide - translational,,,,Road embankment,,,,{EBE86D25-4D58-4E8D-9246-064698439AE1},2008-09-12,1,4.5368333260218305,66.88999938964844,11.303999900817873,11.303999900817873,17.111999988555908,17.111999988555908,136.1049997806549,57.08178790560492,2008-09-12 00:00:00,
305738.023699999,223483.730300002,60601.0,5503.0,Blue Ridge Parkway,Buncombe,Montreat,2008-09-18,,,,Debris,Slide,,,,Road embankment,,,,{75BB6FB1-BC6B-4BEB-B036-64B38FCB20A0},2008-09-18,1,8.814566779881716,110.53800201416016,3.913000106811523,1.784999966621399,6.296000063419342,25.33400070667267,264.4370033964515,80.89227340826628,2008-09-18 00:00:00,
309751.676099966,224938.629746313,60602.0,5504.0,Blue Ridge Parkway,Buncombe,Montreat,2008-09-18,,,Extremely rapid (>5 m/sec),Debris,Flow,,,,Road embankment,,,,{8CDE61D5-0D78-4799-BFF2-1D2CC4567C07},2008-09-18,1,9.798833285885244,127.21299743652344,4.559999942779541,2.549999952316284,8.644999861717224,23.222999572753903,293.96499857655726,89.3705758439998,2008-09-18 00:00:00,
310294.971100003,224583.321199998,58892.0,2296.0,Blue Ridge Parkway,Buncombe,Montreat,2008-09-18,,,,Debris,Slide,Extremely rapid (>5 m/sec),Debris,Flow,Unmodified,,,,{8B6046B7-F692-42CA-BE14-E42AFC23E347},2008-09-18,1,11.946766803661982,155.9810028076172,4.642000198364258,2.7279999256134033,9.61300015449524,24.18600058555603,358.40300410985947,107.0697769268706,2008-09-18 00:00:00,
291410.435599998,221995.1741,59190.0,5505.0,Landslide Hazard Mapping,Buncombe,Weaverville,2008-09-25,,,,Debris,Slide,Extremely rapid (>5 m/sec),Debris,Flow,Unmodified,,,,{7F566468-B850-4E5F-AD19-E1D3024B7271},2008-09-25,1,4.686033325549215,61.90399932861328,0.0,0.0,0.0,0.0,140.58099976647645,26.467971205849093,2008-09-25 00:00:00,
292607.376900002,221308.852899998,59191.0,5506.0,Landslide Hazard Mapping,Buncombe,Weaverville,2008-09-25,,,,Debris,Slide - translational,,,,Road cut,,,,{682DD932-259B-420D-A390-4EFAB5F10AC0},2008-09-25,1,4.686033325549215,61.90399932861328,0.0,0.0,0.0,0.0,140.58099976647645,26.467971205849093,2008-09-25 00:00:00,
292418.915100001,218864.933400001,60603.0,5526.0,Landslide Hazard Mapping,Buncombe,Weaverville,2008-09-30,,,,Debris,Slide - translational,,,,Road embankment,,,,{2BDD6703-1F15-4EC3-A842-2E1AC369E512},2008-09-30,1,1.9364333296815557,19.832000732421875,19.832000732421875,0.0,19.832000732421875,19.832000732421875,58.09299989044666,26.559490302793296,2008-09-30 00:00:00,
289221.290700004,212651.340399999,60604.0,5533.0,Landslide Hazard Mapping,Buncombe,Asheville,2008-10-01,,,,Debris,Slide,,,,Road cut,,,,{9515886B-2012-4BD9-86BD-C9321F075B8E},2008-10-01,1,1.2918666758264103,14.751999855041504,0.0120000001043081,0.0,0.0120000001043081,8.798000251874328,38.756000274792314,14.005227390067729,2008-10-01 00:00:00,
292565.325000003,224533.0211,60605.0,5562.0,Landslide Hazard Mapping,Buncombe,Weaverville,2008-10-07,,,,Debris,Slide,Extremely rapid (>5 m/sec),Debris,Flow,Unmodified,,,,{08E5AF02-473B-4C73-B365-A722341E48D1},2008-10-07,1,1.5252000193033988,13.94200038909912,0.0,0.0,0.0,3.2890000343322754,45.756000579101965,14.32354457055789,2008-10-07 00:00:00,
292608.238799997,224535.7238,58790.0,5563.0,Landslide Hazard Mapping,Buncombe,Weaverville,2008-10-07,,,,Debris,Slide,Extremely rapid (>5 m/sec),Debris,Flow,Unmodified,,,,{567DDA27-5F07-4F8E-A501-757E36020706},2008-10-07,1,1.5252000193033988,13.94200038909912,0.0,0.0,0.0,3.2890000343322754,45.756000579101965,14.32354457055789,2008-10-07 00:00:00,
292623.145099998,224534.864300001,58791.0,5564.0,Landslide Hazard Mapping,Buncombe,Weaverville,2008-10-07,,,,Debris,Slide,Extremely rapid (>5 m/sec),Debris,Flow,Unmodified,,,,{C59A90E1-7B47-42BB-89BD-0EBF971D7A7F},2008-10-07,1,1.5252000193033988,13.94200038909912,0.0,0.0,0.0,3.2890000343322754,45.756000579101965,14.32354457055789,2008-10-07 00:00:00,
292732.409699999,224588.732700001,58792.0,5565.0,Landslide Hazard Mapping,Buncombe,Weaverville,2008-10-07,,,,Debris,Slide,Extremely rapid (>5 m/sec),Debris,Flow,Unmodified,,,,{9B03776F-9FC1-43D3-BF4E-5CB897BECF11},2008-10-07,1,1.5252000193033988,13.94200038909912,0.0,0.0,0.0,3.2890000343322754,45.756000579101965,14.32354457055789,2008-10-07 00:00:00,
294492.468599997,221387.920200001,60609.0,5574.0,Landslide Hazard Mapping,Buncombe,Craggy Pinnacle,2008-10-09,,,,Debris,Slide,Extremely rapid (>5 m/sec),Debris,Flow,Unmodified,,,,{7F858DCD-B9FC-4104-825E-9C3033E4F312},2008-10-09,1,1.5536666850481804,13.94200038909912,0.8539999723434448,0.8539999723434448,0.8539999723434448,0.8539999723434448,46.61000055144541,13.270764206646788,2008-10-09 00:00:00,
294492.894299999,221449.072299998,60610.0,5575.0,Landslide Hazard Mapping,Buncombe,Craggy Pinnacle,2008-10-09,,,,Debris,Slide,Extremely rapid (>5 m/sec),Debris,Flow,Unmodified,,,,{E4E6E8BE-FABA-4639-A412-801454886DB9},2008-10-09,1,1.5536666850481804,13.94200038909912,0.8539999723434448,0.8539999723434448,0.8539999723434448,0.8539999723434448,46.61000055144541,13.270764206646788,2008-10-09 00:00:00,
294543.634923846,221202.254578511,60611.0,5576.0,Landslide Hazard Mapping,Buncombe,Craggy Pinnacle,2008-10-09,,,Extremely rapid (>5 m/sec),Debris,Flow,,,,Road cut,,,,{4471EE1E-99B0-407C-B622-3E7DA2886A4E},2008-10-09,1,1.5536666850481804,13.94200038909912,0.8539999723434448,0.8539999723434448,0.8539999723434448,0.8539999723434448,46.61000055144541,13.270764206646788,2008-10-09 00:00:00,
315217.255199999,198839.6877,60612.0,5577.0,Landslide Hazard Mapping,Buncombe,Lake Lure,2008-10-15,,,,Debris,Slide - translational,,,,Road embankment,,,,{2D19FBA9-97A8-4642-AF94-BB1E65602E50},2008-10-15,1,3.0855332308836902,57.551998138427734,0.0,0.0,0.0,18.19899912481196,92.5659969265107,34.46095643863437,2008-10-15 00:00:00,
273955.661906714,199308.350719446,61424.0,201707060001.0,Geohazards,Buncombe,Dunsmore Mtn,2008-10-16,,Inactive,,Debris,Flow,,,,Road embankment,,,,{5A74E0AE-8DE5-421D-8102-DD738651ECF0},2008-10-16,1,0.6575333420187235,7.809000015258789,0.0,0.0,0.0,6.154000144451857,19.726000260561705,8.481045069028097,2008-10-16 00:00:00,
274029.764899999,199395.889199998,60614.0,5588.0,Landslide Hazard Mapping,Buncombe,Dunsmore Mountain,2008-10-16,,,Extremely rapid (>5 m/sec),Debris,Flow,,,,Unmodified,,,,{F20F40B0-8CA6-4FE7-AB39-2CC977564B8F},2008-10-16,1,0.6575333420187235,7.809000015258789,0.0,0.0,0.0,6.154000144451857,19.726000260561705,8.481045069028097,2008-10-16 00:00:00,
308926.512699999,214992.545600001,57991.0,358.0,Landslide Hazard Mapping,Buncombe,Montreat,2008-10-21,,,Extremely rapid (>5 m/sec),Debris,Flow,,,,Unmodified,,,,{775B6499-0609-4AC5-86E0-10EA5C8D0B29},2008-10-21,1,2.4278333815940036,49.14300155639648,2.884999990463257,0.0,2.884999990463257,5.266999959945679,72.8350014478201,21.47825296368603,2008-10-21 00:00:00,
309236.451200001,214885.717500001,58910.0,5301.0,Landslide Hazard Mapping,Buncombe,Montreat,2008-10-21,,,Extremely rapid (>5 m/sec),Debris,Flow,,,,Road embankment,,,,{9A002E87-2A58-4C04-9355-A1362C8555FB},2008-10-21,1,2.4278333815940036,49.14300155639648,2.884999990463257,0.0,2.884999990463257,5.266999959945679,72.8350014478201,21.47825296368603,2008-10-21 00:00:00,
310898.594400004,215010.795499999,58906.0,5297.0,Landslide Hazard Mapping,Buncombe,Montreat,2008-10-21,,,,Rock,Slide,,,,Cut slope - Not road related,,,,{316C7DA0-E7D2-4DFE-BC26-B72670C47358},2008-10-21,1,2.9747333207478124,61.98699951171875,3.309999942779541,0.0,3.309999942779541,5.656999826431274,89.24199962243438,25.694524506767515,2008-10-21 00:00:00,
310942.372097208,214897.208799311,58907.0,5298.0,Landslide Hazard Mapping,Buncombe,Montreat,2008-10-21,,,,Weathered rock,Slide,,,,Cut slope - Not road related,,,,{D63BB609-0530-4CA2-B072-E9558AB51026},2008-10-21,1,2.9747333207478124,61.98699951171875,3.309999942779541,0.0,3.309999942779541,5.656999826431274,89.24199962243438,25.694524506767515,2008-10-21 00:00:00,
312896.266000003,204623.284699999,60619.0,5604.0,Landslide Hazard Mapping,Buncombe,Black Mountain,2008-10-22,,,Extremely rapid (>5 m/sec),Debris,Flow,,,,Unmodified,,,,{EB074877-BE10-4A0C-91EF-E04957FD0105},2008-10-22,1,2.9513667285442353,60.58000183105469,0.0,0.0,0.0,4.981000065803528,88.54100185632706,23.13890709585306,2008-10-22 00:00:00,
312917.055699997,204596.292300001,60618.0,5603.0,Landslide Hazard Mapping,Buncombe,Black Mountain,2008-10-22,,,Extremely rapid (>5 m/sec),Debris,Flow,,,,Unmodified,,,,{BE32A648-F038-420D-B81F-310147D41C9E},2008-10-22,1,2.9513667285442353,60.58000183105469,0.0,0.0,0.0,4.981000065803528,88.54100185632706,23.13890709585306,2008-10-22 00:00:00,
277934.0942,217050.397700001,58080.0,453.0,Landslide Hazard Mapping,Buncombe,Leicester,2008-10-23,,,,Rock,Slide - translational,,,,Road cut,,,,{BA7BDA0E-5492-4D83-A7BF-9DB46FC0BBB2},2008-10-23,1,0.8593999743461609,12.49899959564209,0.0,0.0,0.0,1.1819999814033508,25.781999230384827,8.305355930222666,2008-10-23 00:00:00,
309313.1796,209293.983899999,58776.0,5627.0,Landslide Hazard Mapping,Buncombe,Black Mountain,2008-10-29,,,,Debris,Slide - translational,,,,Stream bank,,,,{8E54F170-C8F2-41BF-B2BA-B840B7BD0C55},2008-10-29,1,1.6195666680733365,24.972999572753903,0.593999981880188,0.593999981880188,0.593999981880188,25.958999544382095,48.58700004220009,27.650974550279106,2008-10-29 00:00:00,
309325.902800001,209349.170499999,58775.0,5626.0,Landslide Hazard Mapping,Buncombe,Black Mountain,2008-10-29,,,,Debris,Slide - translational,,,,Stream bank,,,,{417BB890-09DD-40D8-AEFF-525B99D5FA1F},2008-10-29,1,1.6195666680733365,24.972999572753903,0.593999981880188,0.593999981880188,0.593999981880188,25.958999544382095,48.58700004220009,27.650974550279106,2008-10-29 00:00:00,
316836.361500002,201486.9593,58774.0,5625.0,Landslide Hazard Mapping,Buncombe,Moffitt Hill,2008-10-29,,,Extremely rapid (>5 m/sec),Debris,Flow,,,,Unmodified,,,,{5997E835-6433-467E-8893-5C740908652A},2008-10-29,1,2.49540003935496,40.547000885009766,0.5529999732971191,0.5529999732971191,0.5529999732971191,41.60200083255768,74.8620011806488,42.59588314375498,2008-10-29 00:00:00,
270295.457400002,209747.645,58781.0,5632.0,Landslide Hazard Mapping,Buncombe,Enka,2008-10-30,,,,Debris,Slide - translational,,,,Road cut,,,,{250DD2EF-27D3-411F-853B-C6FBDFD3749A},2008-10-30,1,1.1722999935348828,14.178999900817873,0.1169999986886978,0.0,0.1169999986886978,14.807999923825264,35.168999806046486,15.255792586048727,2008-10-30 00:00:00,
270568.828599997,209322.791000001,58780.0,5631.0,Landslide Hazard Mapping,Buncombe,Enka,2008-10-30,,,Extremely rapid (>5 m/sec),Debris,Flow,,,,Unmodified,,,,{1A6DA099-D9A9-4AE9-AEAF-70241A993909},2008-10-30,1,1.1722999935348828,14.178999900817873,0.1169999986886978,0.0,0.1169999986886978,14.807999923825264,35.168999806046486,15.255792586048727,2008-10-30 00:00:00,
270577.793399997,209363.307500001,58779.0,5630.0,Landslide Hazard Mapping,Buncombe,Enka,2008-10-30,,,Extremely rapid (>5 m/sec),Debris,Flow,,,,Unmodified,,,,{659D2F99-FB13-4067-ADD8-BA3FED96D441},2008-10-30,1,1.1722999935348828,14.178999900817873,0.1169999986886978,0.0,0.1169999986886978,14.807999923825264,35.168999806046486,15.255792586048727,2008-10-30 00:00:00,
293920.939599998,219107.077100001,58231.0,368.0,Landslide Hazard Mapping,Buncombe,Craggy Pinnacle,2008-11-05,,,,Debris,Slide - rotational,,,,Unmodified,,,,{9DABBEC1-A4C8-4B9D-B43A-E7EC540DEA5E},2008-11-05,1,0.942233325789372,13.505000114440918,0.0,0.0,0.0,0.7940000295639038,28.266999773681164,8.8673053288153,2008-11-05 00:00:00,
293947.124600001,219200.0715,58232.0,369.0,Landslide Hazard Mapping,Buncombe,Craggy Pinnacle,2008-11-05,,,,Debris,Slide - translational,,,,Unmodified,,,,{044DC650-8966-40B0-BF8D-23D1AB7B9D2C},2008-11-05,1,0.942233325789372,13.505000114440918,0.0,0.0,0.0,0.7940000295639038,28.266999773681164,8.8673053288153,2008-11-05 00:00:00,
294057.405500002,219095.731699999,57994.0,360.0,Landslide Hazard Mapping,Buncombe,Craggy Pinnacle,2008-11-05,,,,Debris,Slide - rotational,,,,Cut slope - Not road related,,,,{5A76F205-C366-4D9E-9F58-CBB3161CE174},2008-11-05,1,0.942233325789372,13.505000114440918,0.0,0.0,0.0,0.7940000295639038,28.266999773681164,8.8673053288153,2008-11-05 00:00:00,
302944.310900003,231811.638799999,59241.0,4518.0,Landslide Hazard Mapping,Buncombe,Barnardsville,2008-12-18,,,,Debris,Slide - rotational,,,,Unmodified,,,,{A006AA0A-6B85-40BF-82B0-8DF8E5EEBC45},2008-12-18,1,3.917766708259782,35.81700134277344,7.1020002365112305,7.1020002365112305,12.413000106811523,77.19700169563293,117.53300124779344,72.43693009232847,2008-12-18 00:00:00,
277523.506399997,196775.540100001,59230.0,5324.0,Landslide Hazard Mapping,Buncombe,Dunsmore Mountain,2009-04-23,,,,Debris,Slide,,,,Stream bank,,,,{B80664F5-4368-40C7-B867-552B235A7E1D},2009-04-23,1,5.362766659756502,32.090999603271484,23.902000427246097,0.3529999852180481,24.646000415086743,24.646000415086743,160.88299979269505,62.53261811022618,2009-04-23 00:00:00,
291331.167599998,211088.996599998,60918.0,6058.0,Landslide Hazard Mapping,Buncombe,Asheville,2009-09-01,,Suspended,Extremely rapid (>5 m/sec),Weathered rock,Slide - translational,,,,Road cut,,,,{EF81AEA3-9C0F-4877-ABFA-5135EE968D52},2009-09-01,1,4.169266690678584,19.690000534057617,12.718000411987305,12.718000411987305,17.90500020980835,30.31600058078766,125.07800072035752,54.87185682718619,2009-09-01 00:00:00,
289250.20949911,210730.500303959,61048.0,201002241001.0,Landslide Hazard Mapping,Buncombe,Asheville,2010-02-24,,Inactive,Extremely rapid (>5 m/sec),Weathered rock,Slide - translational,,,,Cut slope - Not road related,,,,{12805D41-13F8-4FD8-8BDA-C4FE191833D1},2010-02-24,1,4.858366612593333,38.61399841308594,5.941999912261963,0.0,5.941999912261963,6.59499990940094,145.7509983778,37.97488696568714,2010-02-24 00:00:00,
307462.915063701,205234.960509667,60926.0,201010071001.0,Landslide Hazard Mapping,Buncombe,,2010-10-07,,Inactive,Extremely rapid (>5 m/sec),Debris,Flow,,,,Road embankment,,,,{ACB055E1-C881-4FA8-88D7-4D19B2ED0264},2010-10-07,1,3.200766654809316,26.51099967956543,0.0,0.0,0.0,12.151999592781069,96.02299964427948,45.316285694978674,2010-10-07 00:00:00,
267626.133400001,210050.288600001,59140.0,5049.0,Landslide Hazard Mapping,Buncombe,Canton,2011-02-21,,Inactive,Extremely rapid (>5 m/sec),Debris,Flow,,,,Embankment - Not road related,4.0,,,{D877E75A-6F14-45A7-BB24-A5BF1FB84CCA},2011-02-21 00:00:00,1,1.5843667030334472,23.50900077819824,0.0,0.0,0.0,0.0,47.53100109100342,12.809790238531194,2011-02-21 00:00:00,
280637.656781739,211981.6408623,61401.0,201609270001.0,Geohazards,Buncombe,Enka,2012-10-04,,Inactive,Very rapid (>3 m/min),Debris,Flow,,,,Embankment - Not road related,,,,{9959B948-6034-420C-A2DF-88E1692370B1},2012-10-04 00:00:00,1,4.464399979511897,46.584999084472656,31.617000579833984,2.1579999923706055,35.635000586509705,43.04500067234039,133.9319993853569,68.95584035357396,2012-10-04 00:00:00,
317829.703805999,202407.266679175,61334.0,201412140001.0,Geohazards,Buncombe,Moffitt Hill,2014-12-14,2013-01-14 17:00:00,Inactive,Extremely rapid (>5 m/sec),Debris,Flow,,,,Road embankment,,,,{C2664535-9163-4EE6-ADFE-C254AA9CD5A2},2013-01-14 17:00:00,1,5.164900083933025,55.185001373291016,5.0279998779296875,0.006000000052154,9.657000022940338,9.908000010065734,154.94700251799077,46.981663624822154,2013-01-14 17:00:00,
300433.077336856,215234.540436716,61473.0,20180323001.0,Geohazards,Buncombe,Craggy Pinnacle,2013-03-23,,Active,Rapid (>1.8 m/hr),Debris,Slide,,,,Cut slope - Not road related,,,,{18196DDF-2195-4A28-806D-79A79454F016},2013-03-23 00:00:00,1,3.5118999463661265,26.774999618530273,0.0289999991655349,0.0,0.0289999991655349,12.817999556660652,105.3569983909838,37.49932541302787,2013-03-23 00:00:00,
293926.645089061,218928.110342857,61228.0,201305060001.0,Geohazards,Buncombe,Craggy Pinnacle,2013-05-06,,Active,Slow (>1.6 m/yr),Debris,Slide,,,,Cut slope - Not road related,,,,{9DEBDDF6-92EA-4551-A15C-C4A2D28E1C77},2013-05-06 00:00:00,1,5.8756999945733694,58.439998626708984,23.70400047302246,23.70400047302246,24.852000530809164,67.98000067099929,176.2709998372011,86.42325893375411,2013-05-06 00:00:00,
280448.375807977,211973.085958389,61340.0,201307020001.0,Landslide Hazard Mapping,Buncombe,Enka,2013-07-02,,Active,Very slow (>16 mm/yr),Debris,Slide,,,,Road embankment,,,,{21A8CBE2-13CB-41CE-8261-2B24F739DC5F},2013-07-02 00:00:00,1,5.222033259272576,49.71799850463867,6.10699987411499,6.10699987411499,6.640999853610992,19.27999970316887,156.66099777817726,48.48030708915034,2013-07-02 00:00:00,
280554.553510682,211977.871437984,61341.0,201307020002.0,Geohazards,Buncombe,Enka,2013-07-02,,Inactive,Very slow (>16 mm/yr),Debris,Slide,,,,Road embankment,,,,{597AF764-E7EB-4B05-87E2-6726C103F14A},2013-07-02 00:00:00,1,5.222033259272576,49.71799850463867,6.10699987411499,6.10699987411499,6.640999853610992,19.27999970316887,156.66099777817726,48.48030708915034,2013-07-02 00:00:00,
280634.130680968,212007.546965286,61342.0,201307020003.0,Geohazards,Buncombe,Enka,2013-07-02,,Active,Very slow (>16 mm/yr),Debris,Slide,,,,Road embankment,,,,{5078FB7E-A157-4488-98DE-D5BB72E77F22},2013-07-02 00:00:00,1,5.222033259272576,49.71799850463867,6.10699987411499,6.10699987411499,6.640999853610992,19.27999970316887,156.66099777817726,48.48030708915034,2013-07-02 00:00:00,
288973.226063689,212937.465280502,61170.0,201401170001.0,Geohazards,Buncombe,Asheville,2014-01-17,2013-07-04 05:00:00,Active,,Debris,Slide,,,,Embankment - Not road related,,,,{D5FC4294-5F4E-43CB-86C8-5088A78683F4},2013-07-04 05:00:00,1,5.890833316246669,53.96599960327149,23.441999435424805,12.196999549865724,56.61099910736084,64.47599893808365,176.72499948740003,81.02554442861992,2013-07-04 05:00:00,
289502.618598251,211942.336551483,61225.0,201402280001.0,Geohazards,Buncombe,Asheville,2014-02-28,2013-07-04 05:00:00,Inactive,,Debris,Slide,,,,Road embankment,,,,{55BDD401-AD50-4701-A941-706FEDAEAB93},2013-07-04 05:00:00,1,5.890833316246669,53.96599960327149,23.441999435424805,12.196999549865724,56.61099910736084,64.47599893808365,176.72499948740003,81.02554442861992,2013-07-04 05:00:00,
288837.146417919,211534.740561249,61447.0,201710030002.0,Geohazards,Buncombe,Asheville,2017-10-23,2013-07-04 06:00:00,Inactive - stabilized,Very rapid (>3 m/min),Debris,Slide,,,,Road cut,,,,{4EEE75D0-86AB-462F-9C9E-445ADE3FF7ED},2013-07-04 06:00:00,1,5.890833316246669,53.96599960327149,23.441999435424805,12.196999549865724,56.61099910736084,64.47599893808365,176.72499948740003,81.02554442861992,2013-07-04 06:00:00,
289198.416981483,213476.88681042,61201.0,201401140001.0,Geohazards,Buncombe,Asheville,2014-01-13,2013-07-04 06:00:00,Inactive,,Debris,Slide,,,,Road unspecified,,,,{605C59E4-86E7-4202-A8A5-E1D22F4E2138},2013-07-04 06:00:00,1,5.890833316246669,53.96599960327149,23.441999435424805,12.196999549865724,56.61099910736084,64.47599893808365,176.72499948740003,81.02554442861992,2013-07-04 06:00:00,
290033.180985856,213554.268133497,61233.0,201406030001.0,Geohazards,Buncombe,Asheville,2014-06-03,2013-07-04 06:00:00,Inactive,Extremely rapid (>5 m/sec),Debris,Slide,,,Flow,Road embankment,,,,{AB5BEA59-A923-42FD-83E1-C71F89D47EBC},2013-07-04 06:00:00,1,5.890833316246669,53.96599960327149,23.441999435424805,12.196999549865724,56.61099910736084,64.47599893808365,176.72499948740003,81.02554442861992,2013-07-04 06:00:00,
296363.17060871,217577.442939315,61297.0,201307200001.0,Geohazards,Buncombe,Craggy Pinnacle,2013-07-20,,Inactive - stabilized,Slow (>1.6 m/yr),Debris,Slide,,,,Road embankment,,,,{D75ED673-95F6-4547-9F84-9072DE93C446},2013-07-20 00:00:00,1,13.816366765399774,67.3010025024414,17.610000610351562,0.8920000195503235,27.54700070619583,77.53100115060806,414.4910029619932,192.05009241699088,2013-07-20 00:00:00,
289953.6219576,216541.148534473,61171.0,201307240001.0,Geohazards,Buncombe,Weaverville,2013-07-24,,Active,Moderate (>13 m/mo),Debris,Slide,,,,Embankment - Not road related,,,,{A41F4D13-D2CB-48CE-BA19-0456FFFBDACD},2013-07-24 00:00:00,1,12.762833234667776,67.20800018310547,6.5329999923706055,6.5329999923706055,9.216000080108644,42.77000001072883,382.88499704003334,143.05259376920122,2013-07-24 00:00:00,
296868.064842677,195664.656992986,61175.0,201309160001.0,Geohazards,Buncombe,Fruitland,2013-09-16,,Inactive,Moderate (>13 m/mo),Debris,Slide,,,,Embankment - Not road related,,,,{3D73426C-8CEA-4D86-8DB1-DFA860053CDF},2013-09-16 00:00:00,1,2.488133337845405,20.802000045776367,1.7489999532699585,0.0,1.7489999532699585,7.860000014305115,74.64400013536215,21.829769615838927,2013-09-16 00:00:00,
306789.103904331,213076.721157,61298.0,201401140001.0,Geohazards,Buncombe,Black Mountain,2014-01-14,,Active,Moderate (>13 m/mo),Rock,Slide - translational,,,,Road cut,,,,{2D0D0E2C-4D51-42FF-B23D-2C09248B0102},2014-01-14 00:00:00,1,5.307833325366179,60.402000427246094,23.589000701904297,0.0,39.680999755859375,43.64699977636337,159.23499976098535,67.19038764258009,2014-01-14 00:00:00,
287742.409192344,206925.190331828,61202.0,201401170001.0,Geohazards,Buncombe,Asheville,2014-01-17,,Inactive,,Debris,Slide,,,,Road embankment,,,,{8F3B38D6-4208-4BA2-B214-5FD46722671D},2014-01-17 00:00:00,1,4.2136333832478465,62.01900100708008,1.0219999551773071,0.3389999866485595,1.5379999428987503,34.0620004683733,126.40900149743538,44.25321757012691,2014-01-17 00:00:00,
297239.724804215,205872.07921578,61295.0,201405280001.0,Geohazards,Buncombe,Oteen,2014-05-28,,Inactive,,,,,,,Road embankment,,,,{8AB1054B-D4D3-4EF6-ABA6-60769EB186C6},2014-05-28 00:00:00,1,3.4730998913447064,36.87099838256836,2.13700008392334,2.13700008392334,3.109000086784363,4.523000121116638,104.1929967403412,33.75991094821741,2014-05-28 00:00:00,
290811.318942589,197392.759144607,61239.0,201409080001.0,Geohazards,Buncombe,Skyland,2014-09-08,,Active,Slow (>1.6 m/yr),Debris,Slide,Slow (>1.6 m/yr),,,Road embankment,,,,{2416CCE1-45F4-413F-BB91-E7253FB85D11},2014-09-08 00:00:00,1,4.441166651745637,50.80500030517578,50.80500030517578,1.9170000553131104,52.72200036048889,69.2550003528595,133.23499955236912,74.23819668768844,2014-09-08 00:00:00,
310539.275415073,214996.970440267,61242.0,201410160002.0,Geohazards,Buncombe,Montreat,2014-10-16,,Active,,Debris,Slide,,,,Road cut,,,,{F8B16AAF-E752-43B2-A2E9-937305EA656E},2014-10-16 00:00:00,1,5.77679999996908,81.80400085449219,81.80400085449219,81.80400085449219,99.32000064849854,108.1240005493164,173.3039999990724,125.10330812846136,2014-10-16 00:00:00,
310560.06209074,215001.945029316,61241.0,201410160001.0,Geohazards,Buncombe,Montreat,2014-10-16,,Active,Very rapid (>3 m/min),Debris,Slide,,,,Road cut,,,,{AE6FA000-C7C3-4744-92D7-0E764FBDE15F},2014-10-16 00:00:00,1,5.77679999996908,81.80400085449219,81.80400085449219,81.80400085449219,99.32000064849854,108.1240005493164,173.3039999990724,125.10330812846136,2014-10-16 00:00:00,
288147.520167142,217764.642080676,61243.0,201410280001.0,Geohazards,Buncombe,Weaverville,2014-10-28,,Inactive,,Debris,Slide,,,,Road embankment,,,,{0C6F130D-0ADA-425C-8E8F-B096F10A8DF0},2014-10-28 00:00:00,1,2.820600006643993,45.652000427246094,0.0,0.0,0.0,0.0020000000949949,84.6180001993198,30.408555054543825,2014-10-28 00:00:00,
295650.565448852,205041.559850009,61296.0,201502130001.0,Geohazards,Buncombe,Oteen,2015-02-13,,Inactive,,,,,,,Embankment - Not road related,,,,{F0E9D672-369B-4508-8C9E-E27890DC27DD},2015-02-13 00:00:00,1,1.145700000723203,17.145999908447266,6.692999839782715,0.0,6.692999839782715,6.692999839782715,34.37100002169609,15.03755166731902,2015-02-13 00:00:00,
303781.856570284,221104.758869666,61300.0,201505070001.0,Geohazards,Buncombe,Craggy Pinnacle,2015-05-07,,Inactive,Extremely rapid (>5 m/sec),Rock,Slide,,,,Road cut,,,,{D204A8CF-4CA1-4464-97CB-9FB7BEFCB006},2015-05-07 00:00:00,1,5.775000003831727,40.3120002746582,0.0,0.0,0.0,3.0730000026524067,161.70000010728836,51.212534670327045,2015-05-07 00:00:00,
282443.089345855,221376.021416519,61419.0,201703310001.0,Geohazards,Buncombe,Weaverville,2017-03-31,,Inactive,Extremely rapid (>5 m/sec),Rock,Slide,,,,Road cut,,,,{86BCC534-9FF6-4ED0-9429-04825F576CDD},2017-03-31,1,2.6923333326975505,18.680999755859375,13.861000061035156,0.0,13.861000061035156,16.15500009059906,80.76999998092651,33.73668530036068,2017-03-31 00:00:00,
295569.701691854,208980.027407448,61420.0,20704030001.0,Geohazards,Buncombe,Oteen,2017-04-02,,Inactive,Very slow (>16 mm/yr),Debris,Slide,,,,Road embankment,,,,{74F29166-0AF7-4604-A74F-785EBA954B15},2017-04-02,1,3.239300025937458,39.20600128173828,39.20600128173828,0.3370000123977661,39.54300129413605,57.012001156806946,97.17900077812374,61.59500226183666,2017-04-02 00:00:00,
294105.708358786,219387.756904371,61434.0,20170901003.0,Geohazards,Buncombe,Craggy Pinnacle,2017-09-01,,Inactive,,Debris,Slide,,,,Unmodified,,,,{4F04E205-D3C9-4AC7-BBD3-7CCC363A077C},2017-09-01,1,3.045366665845116,22.81399917602539,5.8470001220703125,5.8470001220703125,5.9090001210570335,5.9260001219809055,91.36099997535348,27.212391654388636,2017-09-01 00:00:00,
296036.679276733,219674.888286467,61432.0,20170901001.0,Geohazards,Buncombe,Craggy Pinnacle,2017-09-01,,Inactive,,Debris,Slide,,,,Unmodified,,,,{A9487F5D-E4E4-45F2-A677-E7B6845D9646},2017-09-01,1,3.271599989881118,23.468000411987305,7.77400016784668,7.77400016784668,7.77400016784668,7.77400016784668,98.14799969643354,30.79718450429388,2017-09-01 00:00:00,
296039.343023068,219554.092170911,61433.0,20170901002.0,Geohazards,Buncombe,Craggy Pinnacle,2017-09-01,,Inactive,,Debris,Slide,,,,Unmodified,,,,{8CB674FE-B65A-4DDD-B1B8-313D6B823F71},2017-09-01,1,3.271599989881118,23.468000411987305,7.77400016784668,7.77400016784668,7.77400016784668,7.77400016784668,98.14799969643354,30.79718450429388,2017-09-01 00:00:00,
288113.294022767,194002.916225691,61441.0,20170915001.0,Geohazards,Buncombe,Skyland,2017-09-15,,Active,Slow (>1.6 m/yr),Earth,Slide,Slow (>1.6 m/yr),Debris,,Embankment - Not road related,,,,{58CC4DCA-26F1-4985-A0F9-8CC1F1C809AE},2017-09-15,1,5.083133418361346,34.82600021362305,34.512001037597656,0.0,37.458001136779785,37.458001136779785,152.49400255084038,82.64341090556944,2017-09-15 00:00:00,
288838.666378573,211483.357881119,61446.0,20171023001.0,Geohazards,Buncombe,Asheville,2017-10-23,,Active,Very rapid (>3 m/min),Debris,Slide,,,Flow,Road embankment,,,,{1F0D013D-3315-4F75-B038-DA19363E83C3},2017-10-23,1,2.14593332807223,39.007999420166016,0.0,0.0,0.0,6.316999912261963,64.3779998421669,24.125578949821843,2017-10-23 00:00:00,
287847.005825425,209499.271973898,61450.0,20180210001.0,Geohazards,Buncombe,Asheville,2018-02-10,,Active,Very rapid (>3 m/min),Weathered rock,Slide,,,,Cut slope - Not road related,,,,{22C6394A-B063-4307-A29F-5AC54E208891},2018-02-10,1,3.5708666414022447,43.23899841308594,12.498000144958496,0.0,16.273000240325928,28.646000623703003,107.12599924206734,40.97319832256963,2018-02-10 00:00:00,
300448.110850436,215248.331511158,61472.0,20180323002.0,Geohazards,Buncombe,Craggy Pinnacle,2018-03-23,,Inactive - stabilized,,Debris,Slide,,,,Road embankment,,,,{09696E3E-965C-47B9-8CC1-3770440C169C},2018-03-23,1,2.616099977865815,23.816999435424805,4.177999973297119,1.8600000143051147,10.2150000333786,11.428000092506409,78.48299933597445,29.674802125205815,2018-03-23 00:00:00,
286342.506832667,217385.879981303,61477.0,20180402001.0,Landslide Hazard Mapping,Buncombe,Weaverville,2018-04-02,,Inactive,Rapid (>1.8 m/hr),Debris,Slide,,,,Stream bank,,,,{ACB8DFF5-A8B6-4522-8038-C96C5718493E},2018-04-02,1,1.8115333035510657,14.595999717712402,4.718999862670898,0.0,4.737999862059951,4.75399986281991,54.34599910653196,24.137568576431352,2018-04-02 00:00:00,
306762.921053431,212977.261082992,61548.0,20190117003.0,Landslide Hazard Mapping,Buncombe,Black Mountain,2019-01-17,,Inactive,Rapid (>1.8 m/hr),Debris,Slide,,,,Embankment - Not road related,,,,{00492D3C-3555-46BD-84C6-B835B8384628},2019-01-17,1,7.294766529401144,72.96399688720703,2.430000066757202,0.0,2.430000066757202,15.10099959373474,218.8429958820343,66.56791741723616,2019-01-17 00:00:00,
306775.181431158,212935.868248097,61549.0,20190117002.0,Landslide Hazard Mapping,Buncombe,Black Mountain,2019-01-17,,Active,Rapid (>1.8 m/hr),Debris,Slide,,,,Embankment - Not road related,,,,{A26D03E9-DCDA-41AE-A470-5EEE11CC4CB7},2019-01-17,1,7.294766529401144,72.96399688720703,2.430000066757202,0.0,2.430000066757202,15.10099959373474,218.8429958820343,66.56791741723616,2019-01-17 00:00:00,
293557.550775355,209830.543391962,78695.0,202005060501.0,Landslide Hazard Mapping,Buncombe,Oteen,2020-05-06,,Inactive,,Earth,Slide,,,,Embankment - Not road related,,,,{99453A01-9D45-4EED-A4DD-C075E95F3D41},2020-05-06,1,5.194266669886807,57.5989990234375,2.7209999561309814,2.7209999561309814,2.7209999561309814,60.923998951911926,155.82800009660423,68.78667743330479,2020-05-06 00:00:00,
288614.446705812,208598.819395579,114247.0,202107280505.0,Landslide Hazard Mapping,Buncombe,,2021-07-28,,Active,,Debris,Slide,,,,,,,,{EABECD75-D132-4284-B222-F46C05BAE719},2021-07-28,1,5.069223192512679,27.844999313354492,10.308199882507324,10.308199882507324,17.209299564361572,38.216298937797546,152.07669577538036,80.47785968702593,2021-07-28 00:00:00,
290848.75334404,197346.177101562,115161.0,202108240505.0,Landslide Hazard Mapping,Buncombe,,2021-08-24,,Suspended,,Debris,Slide - rotational,,,,Road embankment,,,,{C5228436-BFC0-4FFA-AE14-F25381FCE6A3},2021-08-24,1,8.784023156599142,71.92350006103516,11.248600006103516,0.0,12.466499924659727,126.56689894199371,263.52069469797425,162.31513336330653,2021-08-24 00:00:00,
290949.378779659,197448.488771794,115159.0,202108240502.0,Landslide Hazard Mapping,Buncombe,,2021-08-24,,Suspended,,Debris,Slide,,,,Road embankment,,,,{2960580A-BA89-44D3-877A-B2A9D47E782E},2021-08-24,1,8.784023156599142,71.92350006103516,11.248600006103516,0.0,12.466499924659727,126.56689894199371,263.52069469797425,162.31513336330653,2021-08-24 00:00:00,
291053.663153864,197796.478391123,115169.0,202108240512.0,Landslide Hazard Mapping,Buncombe,,2021-08-24,,,,Debris,Composite,,,,,,,,{691D4CC2-5E9D-428E-A147-332FEAD93458},2021-08-24,1,9.667909917980433,77.8572998046875,7.392399787902832,0.0,8.712899804115295,130.0608994588256,290.037297539413,174.37412462152363,2021-08-24 00:00:00,
291056.044408626,197673.44689506,115165.0,202108240512.0,Landslide Hazard Mapping,Buncombe,,2021-08-24,,,,Debris,Composite,,,,,,,,{B15A2A55-6109-4150-9F55-B80DBEE4969F},2021-08-24,1,9.667909917980433,77.8572998046875,7.392399787902832,0.0,8.712899804115295,130.0608994588256,290.037297539413,174.37412462152363,2021-08-24 00:00:00,
291090.595984256,197467.814673878,115164.0,202108240510.0,Landslide Hazard Mapping,Buncombe,,2021-08-24,,Inactive,,Debris,Slide,,,,Road cut,,,,{B6887BEF-3586-4FC1-8BA1-70C86A188B25},2021-08-24,1,9.667909917980433,77.8572998046875,7.392399787902832,0.0,8.712899804115295,130.0608994588256,290.037297539413,174.37412462152363,2021-08-24 00:00:00,
291100.355316782,197472.779558992,115163.0,202108240509.0,Landslide Hazard Mapping,Buncombe,,2021-08-24,,Inactive,,Debris,Slide,,,,Road cut,,,,{4ED2764B-E3D1-49FA-8D96-316283F35E90},2021-08-24,1,9.667909917980433,77.8572998046875,7.392399787902832,0.0,8.712899804115295,130.0608994588256,290.037297539413,174.37412462152363,2021-08-24 00:00:00,
291104.463255464,197895.697339561,115167.0,202108240514.0,Landslide Hazard Mapping,Buncombe,,2021-08-24,,,,Debris,Composite,,,,,,,,{28083088-AFA1-463B-BF56-C1E97758E94B},2021-08-24,1,9.667909917980433,77.8572998046875,7.392399787902832,0.0,8.712899804115295,130.0608994588256,290.037297539413,174.37412462152363,2021-08-24 00:00:00,
291106.557806895,197498.326182345,115162.0,202108240508.0,Landslide Hazard Mapping,Buncombe,,2021-08-24,,Inactive,,Debris,Slide,,,,Road cut,,,,{5872EBDE-95BD-440B-8841-F1CEAE4CF01A},2021-08-24,1,9.667909917980433,77.8572998046875,7.392399787902832,0.0,8.712899804115295,130.0608994588256,290.037297539413,174.37412462152363,2021-08-24 00:00:00,
291121.925790389,197742.503283173,115166.0,202108240513.0,Landslide Hazard Mapping,Buncombe,,2021-08-24,,,,Debris,Composite,,,,,,,,{6F22756B-E31E-4596-9F70-29B9C75F21B2},2021-08-24,1,9.667909917980433,77.8572998046875,7.392399787902832,0.0,8.712899804115295,130.0608994588256,290.037297539413,174.37412462152363,2021-08-24 00:00:00,
291138.594573726,197990.153778474,115168.0,202108240515.0,Landslide Hazard Mapping,Buncombe,,2021-08-24,,,,Debris,Composite,,,,,,,,{EBD86E53-50AF-4FD0-BCBC-8A2825ECB3E4},2021-08-24,1,9.667909917980433,77.8572998046875,7.392399787902832,0.0,8.712899804115295,130.0608994588256,290.037297539413,174.37412462152363,2021-08-24 00:00:00,
291107.521993679,197546.187482795,115160.0,202108240503.0,Landslide Hazard Mapping,Buncombe,,2021-08-26,,Suspended,,,Slide,,,,,,,,{C86C6EF4-3B93-4BA0-BE15-95C2708F94BD},2021-08-26,1,9.575246590127549,77.8572998046875,0.0,0.0,0.0,26.12960024923086,287.2573977038264,150.85742226906123,2021-08-26 00:00:00,
299753.839430067,212970.638665523,116008.0,202108310512.0,Landslide Hazard Mapping,Buncombe,,2021-08-31,,Active,,Debris,Slide,,,,Road cut,,,,{295792FE-55C7-491B-A925-D15DE4FDA125},2021-08-31,1,8.649146462976933,116.56759643554688,0.0,0.0,0.0,8.67389988899231,259.474393889308,104.206132911857,2021-08-31 00:00:00,
299987.524743841,213225.981232492,116009.0,202108310514.0,Landslide Hazard Mapping,Buncombe,,2021-08-31,,Inactive,,Debris,Slide,,,,Road cut,,,,{F714E7AC-81A8-4CBB-93BC-88560A7C33A4},2021-08-31,1,8.649146462976933,116.56759643554688,0.0,0.0,0.0,8.67389988899231,259.474393889308,104.206132911857,2021-08-31 00:00:00,
300721.040299028,211913.273796808,116005.0,202108310502.0,Landslide Hazard Mapping,Buncombe,,2021-08-31,,Active,,Debris,Slide,,,,Unmodified,,,,{7769BE11-9757-42B7-9D98-C1E3608D9A42},2021-08-31,1,8.649146462976933,116.56759643554688,0.0,0.0,0.0,8.67389988899231,259.474393889308,104.206132911857,2021-08-31 00:00:00,
300912.878914493,212137.614985203,116006.0,202108310503.0,Landslide Hazard Mapping,Buncombe,,2021-08-31,,Inactive,,Debris,Slide,,,,,,,,{0C15656D-7881-45B5-9DB5-A23D19C6D1BD},2021-08-31,1,8.649146462976933,116.56759643554688,0.0,0.0,0.0,8.67389988899231,259.474393889308,104.206132911857,2021-08-31 00:00:00,
302335.574520566,211995.426615799,116007.0,202108310506.0,Landslide Hazard Mapping,Buncombe,,2021-08-31,,Inactive,,Debris,Slide,,,,Road unspecified,,,,{E47230CA-7C78-4224-840B-2D6C55E7E364},2021-08-31,1,9.440726450582344,126.9375991821289,0.0,0.0,0.0,16.66439986228943,283.22179351747036,116.45616528688116,2021-08-31 00:00:00,
302687.353762656,212849.75516572,116011.0,202108310518.0,Landslide Hazard Mapping,Buncombe,,2021-08-31,,,,Debris,Slide,,,,Unmodified,,,,{087C5735-5435-4E67-B22E-7E64ADD4F59E},2021-08-31,1,9.440726450582344,126.9375991821289,0.0,0.0,0.0,16.66439986228943,283.22179351747036,116.45616528688116,2021-08-31 00:00:00,
302983.348770287,212844.920917165,116010.0,202108310516.0,Landslide Hazard Mapping,Buncombe,,2021-08-31,,Active,,Debris,Slide,,,,Road cut,,,,{66E885B9-5C99-444B-B8B4-5C07FE098625},2021-08-31,1,9.440726450582344,126.9375991821289,0.0,0.0,0.0,16.66439986228943,283.22179351747036,116.45616528688116,2021-08-31 00:00:00,
302454.781943289,211564.884411639,116012.0,202109130501.0,Landslide Hazard Mapping,Buncombe,,2021-09-13,,Inactive,,Debris,,,,,Road embankment,,,,{55068D9B-3BF0-4295-A609-2EF84AC6C079},2021-09-13,1,11.903339672088624,126.9375991821289,0.0,0.0,0.0,56.709497690200806,357.1001901626587,109.47485756428982,2021-09-13 00:00:00,
285378.175106226,210101.916417347,116435.0,202111080502.0,Landslide Hazard Mapping,Buncombe,,2021-10-08,,Active,,Weathered rock,Slide,,,,Road embankment,,,,{33993078-EDBD-46F6-AAE5-CB538C092EA5},2021-10-08,1,4.005419987191757,68.8832015991211,68.8832015991211,68.8832015991211,87.71610045433044,95.25240015983582,120.1625996157527,100.5413836692032,2021-10-08 00:00:00,
271912.537071358,205305.564512294,118877.0,202112300506.0,Landslide Hazard Mapping,Buncombe,,2021-12-30,,,,Debris,Slide,,,,Road cut,,,,{EAD26B44-ADC7-47CA-A74B-01F328547ABB},2021-12-30,1,0.7120733183207145,11.596199989318848,1.5259000062942505,1.5259000062942505,1.5259000062942505,1.5259000062942505,21.362199549621437,10.059362900963736,2021-12-30 00:00:00,
